contract_id,plan_id,segment_id,organization_name,plan_type,plan_name,premium,drug_deductible,moop,star_rating,has_drug,has_dental,has_vision,has_hearing,state,county,fips
H0028,028,0,Humana,HMO,Humana Gold Plus H0028-028 (HMO),0.00 ,225.00 ,5570.00 ,3.5,1,,,,AZ,Maricopa,
H0028,074,1,Humana,HMO,Humana Gold Plus H0028-074 (HMO),0.00 ,0.00 ,2900.00 ,3.5,1,,,,AZ,Maricopa,
H0028,077,0,Humana,HMO C-SNP,Humana Gold Plus - Diabetes and Heart (HMO C-SNP),0.00 ,305.00 ,9250.00 ,3.5,1,,,,AZ,Maricopa,
H0302,001,0,Blue Cross Blue Shield of Arizona (AZ Blue),HMO,Blue Best Life Plus (HMO),44.00 ,385.00 ,2500.00 ,4.5,1,,,,AZ,Maricopa,
H0302,006,0,Blue Cross Blue Shield of Arizona (AZ Blue),HMO,Blue Best Life Classic (HMO),0.00 ,385.00 ,2800.00 ,4.5,1,,,,AZ,Maricopa,
H0321,002,0,UnitedHealthcare,HMO-POS D-SNP,UHC Dual Complete AZ-S001 (HMO-POS D-SNP),11.50 ,615.00 ,9250.00 ,3.5,1,,,,AZ,Maricopa,
H0321,004,0,UnitedHealthcare,HMO-POS D-SNP,UHC Dual Complete AZ-Y001 (HMO-POS D-SNP),17.00 ,615.00 ,9250.00 ,3.5,1,,,,AZ,Maricopa,
H0351,038,0,Wellcare,HMO C-SNP,Wellcare Specialty Simple (HMO C-SNP),0.00 ,615.00 ,3450.00 ,3.5,1,,,,AZ,Maricopa,
H0351,063,0,Wellcare,HMO,Wellcare Simple (HMO),0.00 ,615.00 ,2500.00 ,3.5,1,,,,AZ,Maricopa,
H0351,064,0,Wellcare,HMO,Wellcare Giveback (HMO),0.00 ,615.00 ,7600.00 ,3.5,1,,,,AZ,Maricopa,
H0351,065,0,Wellcare,HMO,Wellcare Simple Value (HMO),0.00 ,615.00 ,3000.00 ,3.5,1,,,,AZ,Maricopa,
H0354,001,0,HealthSpring,HMO,HealthSpring Preferred (HMO),0.00 ,200.00 ,2750.00 ,3.5,1,,,,AZ,Maricopa,
H0354,027,0,HealthSpring,HMO C-SNP,HealthSpring Achieve (HMO C-SNP),0.00 ,200.00 ,2500.00 ,3.5,1,,,,AZ,Maricopa,
H0354,028,0,HealthSpring,HMO,HealthSpring Alliance (HMO),0.00 ,200.00 ,2300.00 ,3.5,1,,,,AZ,Maricopa,
H0354,029,0,HealthSpring,HMO,HealthSpring Preferred Savings (HMO),0.00 ,300.00 ,3500.00 ,3.5,1,,,,AZ,Maricopa,
H0354,030,0,HealthSpring,HMO,HealthSpring Preferred Full Savings (HMO),0.00 ,500.00 ,6250.00 ,3.5,1,,,,AZ,Maricopa,
H0609,026,0,UnitedHealthcare,HMO-POS,AARP Medicare Advantage Essentials from UHC AZ-2 (HMO-POS),0.00 ,440.00 ,3500.00 ,4.5,1,,,,AZ,Maricopa,
H0609,027,0,UnitedHealthcare,HMO-POS,AARP Medicare Advantage from UHC AZ-002P (HMO-POS),0.00 ,440.00 ,2900.00 ,4.5,1,,,,AZ,Maricopa,
H0609,042,0,UnitedHealthcare,HMO-POS C-SNP,UHC Complete Care AZ-1P (HMO-POS C-SNP),0.00 ,440.00 ,2900.00 ,4.5,1,,,,AZ,Maricopa,
H0609,044,0,UnitedHealthcare,HMO-POS,AARP Medicare Advantage from UHC AZ-0003 (HMO-POS),26.00 ,440.00 ,3500.00 ,4.5,1,,,,AZ,Maricopa,
H0609,046,0,UnitedHealthcare,HMO-POS,AARP Medicare Advantage Extras from UHC AZ-5 (HMO-POS),0.00 ,520.00 ,4200.00 ,4.5,1,,,,AZ,Maricopa,
H0710,005,0,UnitedHealthcare,PPO I-SNP,UHC Nursing Home Plan AZ-F001 (PPO I-SNP),17.00 ,615.00 ,9250.00 ,4.5,1,,,,AZ,Maricopa,
H1423,001,0,Wellpoint,HMO-POS C-SNP,Wellpoint Lung Care (HMO-POS C-SNP),0.00 ,0.00 ,2700.00 ,3.0,1,,,,AZ,Maricopa,
H1423,002,0,Wellpoint,HMO-POS C-SNP,Wellpoint Chronic Care (HMO-POS C-SNP),0.00 ,150.00 ,2700.00 ,3.0,1,,,,AZ,Maricopa,
H1423,008,0,Wellpoint,HMO I-SNP,Wellpoint I CareMore Home Care (HMO I-SNP),0.00 ,150.00 ,1500.00 ,3.0,1,,,,AZ,Maricopa,
H1423,009,0,Wellpoint,HMO-POS,Wellpoint Medicare Advantage (HMO-POS),0.00 ,200.00 ,3000.00 ,3.0,1,,,,AZ,Maricopa,
H1822,001,0,SCAN Health Plan,HMO,SCAN Classic (HMO),0.00 ,0.00 ,2000.00 ,4.5,1,,,,AZ,Maricopa,
H1822,002,0,SCAN Health Plan,HMO C-SNP,SCAN Balance (HMO C-SNP),0.00 ,0.00 ,2000.00 ,4.5,1,,,,AZ,Maricopa,
H1822,005,0,SCAN Health Plan,HMO-POS I-SNP,SCAN Embrace (HMO-POS I-SNP),0.00 ,0.00 ,1500.00 ,4.5,1,,,,AZ,Maricopa,
H1822,006,0,SCAN Health Plan,HMO C-SNP,SCAN Strive (HMO C-SNP),0.00 ,615.00 ,2000.00 ,4.5,1,,,,AZ,Maricopa,
H1822,007,0,SCAN Health Plan,HMO,SCAN MyChoice (HMO),0.00 ,0.00 ,2500.00 ,4.5,1,,,,AZ,Maricopa,
H1822,008,0,SCAN Health Plan,HMO-POS I-SNP,SCAN Embrace Together (HMO-POS I-SNP),1.00 ,615.00 ,9250.00 ,4.5,1,,,,AZ,Maricopa,
H2593,003,0,Wellpoint,HMO I-SNP,Wellpoint I CareMore Home Care 2 (HMO I-SNP),0.00 ,340.00 ,1500.00 ,3.5,1,,,,AZ,Maricopa,
H2630,001,0,Verda Health Plan of Arizona,HMO,Verda Noble Care (HMO),0.00 ,300.00 ,2099.00 ,Plan Too New To Be Measured,1,,,,AZ,Maricopa,
H2630,002,0,Verda Health Plan of Arizona,HMO C-SNP,Verda Noble Chronic Care (HMO C-SNP),0.00 ,300.00 ,1799.00 ,Plan Too New To Be Measured,1,,,,AZ,Maricopa,
H3443,001,0,Alignment Health Plan,HMO,Alignment Health the ONE + Walgreens (HMO),0.00 ,0.00 ,3499.00 ,4.0,1,,,,AZ,Maricopa,
H3443,003,0,Alignment Health Plan,HMO C-SNP,Alignment Health Heart & Diabetes (HMO C-SNP),0.00 ,0.00 ,2499.00 ,4.0,1,,,,AZ,Maricopa,
H3443,005,0,Alignment Health Plan,HMO,Alignment Health smartHMO (HMO),0.00 ,615.00 ,3900.00 ,4.0,1,,,,AZ,Maricopa,
H3443,006,0,Alignment Health Plan,HMO C-SNP,Alignment Health Heart & Diabetes Plus (HMO C-SNP),17.00 ,615.00 ,8850.00 ,4.0,1,,,,AZ,Maricopa,
H3443,007,0,Alignment Health Plan,HMO C-SNP,Alignment Health Heart & Diabetes AZPlus (HMO C-SNP),17.00 ,615.00 ,2900.00 ,4.0,1,,,,AZ,Maricopa,
H3551,001,0,eternalHealth,HMO,eternalHealth Horizon (HMO),0.00 ,200.00 ,3350.00 ,Not Enough Data Available,1,,,,AZ,Maricopa,
H3551,002,0,eternalHealth,HMO,eternalHealth Grand Give Back (HMO),0.00 ,400.00 ,4550.00 ,Not Enough Data Available,1,,,,AZ,Maricopa,
H3551,003,0,eternalHealth,HMO-POS,eternalHealth Valor Give Back (HMO-POS),Not Applicable,Not Applicable,5500.00 ,Not Enough Data Available,,,,,AZ,Maricopa,
H3551,004,0,eternalHealth,HMO,eternalHealth + Fry's Medicare Advantage (HMO),0.00 ,250.00 ,4350.00 ,Not Enough Data Available,1,,,,AZ,Maricopa,
H3931,092,0,Aetna Medicare,HMO,Aetna Medicare Prime Extra (HMO),0.00 ,615.00 ,3300.00 ,3.0,1,,,,AZ,Maricopa,
H3931,129,0,Aetna Medicare,HMO,Aetna Medicare Signature Extra (HMO),0.00 ,615.00 ,4900.00 ,3.0,1,,,,AZ,Maricopa,
H3931,188,0,Aetna Medicare,HMO C-SNP,Aetna Medicare Prime Chronic Care (HMO C-SNP),0.00 ,615.00 ,6750.00 ,3.0,1,,,,AZ,Maricopa,
H4461,056,0,Humana,HMO,Humana Gold Plus H4461-056 (HMO),0.00 ,0.00 ,2900.00 ,4.0,1,,,,AZ,Maricopa,
H4461,063,0,Humana,HMO C-SNP,Humana Gold Plus - Diabetes and Heart (HMO C-SNP),0.00 ,615.00 ,2800.00 ,4.0,1,,,,AZ,Maricopa,
H4835,001,0,Aetna Medicare,HMO,Aetna Medicare Prime (HMO),0.00 ,615.00 ,4150.00 ,3.0,1,,,,AZ,Maricopa,
H4835,002,0,Aetna Medicare,HMO,Aetna Medicare Signature (HMO),0.00 ,615.00 ,6750.00 ,3.0,1,,,,AZ,Maricopa,
H4869,001,0,Gold Kidney Health Plan,HMO-POS C-SNP,Gold Heart & Diabetes (HMO-POS C-SNP),0.00 ,0.00 ,2500.00 ,3.0,1,,,,AZ,Maricopa,
H4869,003,0,Gold Kidney Health Plan,HMO-POS C-SNP,Gold Dialysis & Kidney (HMO-POS C-SNP),0.00 ,0.00 ,2900.00 ,3.0,1,,,,AZ,Maricopa,
H4869,014,0,Gold Kidney Health Plan,HMO-POS C-SNP,Gold Dialysis & Kidney Complete (HMO-POS C-SNP),17.00 ,615.00 ,9250.00 ,3.0,1,,,,AZ,Maricopa,
H4931,007,0,Banner Medicare Advantage,HMO D-SNP,Banner Medicare Advantage Dual (HMO D-SNP),17.00 ,615.00 ,9250.00 ,3.5,1,,,,AZ,Maricopa,
H4931,015,0,Banner Medicare Advantage,HMO D-SNP,Banner Medicare Advantage Dual (HMO D-SNP),17.00 ,615.00 ,9250.00 ,3.5,1,,,,AZ,Maricopa,
H5216,034,0,Humana,PPO,HumanaChoice H5216-034 (PPO),114.00 ,615.00 ,7900.00 ,3.5,1,,,,AZ,Maricopa,
H5216,224,0,Humana,PPO,HumanaChoice H5216-224 (PPO),10.90 ,400.00 ,4150.00 ,3.5,1,,,,AZ,Maricopa,
H5216,265,0,Humana,PPO,HumanaChoice H5216-265 (PPO),0.00 ,615.00 ,4990.00 ,3.5,1,,,,AZ,Maricopa,
H5216,371,0,Humana,PPO,HumanaChoice Giveback H5216-371 (PPO),0.00 ,615.00 ,6100.00 ,3.5,1,,,,AZ,Maricopa,
H5216,435,1,Humana,PPO,Humana Essentials Plus Giveback H5216-435 (PPO),0.00 ,0.00 ,7850.00 ,3.5,1,,,,AZ,Maricopa,
H5216,436,1,Humana,PPO,Humana USAA Honor Giveback (PPO),Not Applicable,Not Applicable,5150.00 ,3.5,,,,,AZ,Maricopa,
H5521,329,0,Aetna Medicare,PPO,Aetna Medicare Eagle (PPO),Not Applicable,Not Applicable,5500.00 ,4.5,,,,,AZ,Maricopa,
H5521,363,0,Aetna Medicare,PPO,Aetna Medicare Elite (PPO),0.00 ,615.00 ,5000.00 ,4.5,1,,,,AZ,Maricopa,
H5521,554,0,Aetna Medicare,PPO,Aetna Medicare Signature (PPO),0.00 ,615.00 ,6350.00 ,4.5,1,,,,AZ,Maricopa,
H5521,649,0,Aetna Medicare,PPO,Aetna Medicare Value Care (PPO),15.90 ,615.00 ,5900.00 ,4.5,1,,,,AZ,Maricopa,
H5580,001,0,Mercy Care Advantage,HMO D-SNP,Mercy Care Advantage (HMO D-SNP),17.00 ,615.00 ,9250.00 ,3.0,1,,,,AZ,Maricopa,
H5580,004,0,Mercy Care Advantage,HMO D-SNP,Mercy Care Advantage (HMO D-SNP),17.00 ,615.00 ,9250.00 ,3.0,1,,,,AZ,Maricopa,
H5580,005,0,Mercy Care Advantage,HMO D-SNP,Mercy Care Advantage (HMO D-SNP),15.20 ,615.00 ,9250.00 ,3.0,1,,,,AZ,Maricopa,
H5587,002,0,Blue Cross Blue Shield of Arizona Health Choice,HMO D-SNP,Health Choice Pathway (HMO D-SNP),7.50 ,615.00 ,8800.00 ,3.5,1,,,,AZ,Maricopa,
H5590,008,0,Wellcare,HMO D-SNP,Wellcare Dual Liberty Sync (HMO D-SNP),17.00 ,490.00 ,9250.00 ,3.5,1,,,,AZ,Maricopa,
H5590,010,0,Wellcare,HMO D-SNP,Wellcare Arizona Complete Health Dual Align (HMO D-SNP),14.40 ,615.00 ,9250.00 ,3.5,1,,,,AZ,Maricopa,
H5843,001,0,Banner Medicare Advantage,HMO,Banner Medicare Advantage Prime (HMO),0.00 ,440.00 ,2995.00 ,3.5,1,,,,AZ,Maricopa,
H6586,001,0,Devoted Health,PPO,DEVOTED CHOICE 001 AZ (PPO),0.00 ,595.00 ,5900.00 ,3.0,1,,,,AZ,Maricopa,
H6586,005,0,Devoted Health,PPO,DEVOTED CHOICE MA ONLY 005 AZ (PPO),Not Applicable,Not Applicable,5900.00 ,3.0,,,,,AZ,Maricopa,
H7617,051,0,Humana,PPO,HumanaChoice Giveback H7617-051 (PPO),0.00 ,615.00 ,6100.00 ,4.5,1,,,,AZ,Maricopa,
H7849,065,0,HealthSpring,PPO,HealthSpring True Choice (PPO),0.00 ,200.00 ,4900.00 ,3.0,1,,,,AZ,Maricopa,
H8173,001,0,Devoted Health,HMO,DEVOTED CORE 001 AZ (HMO),0.00 ,430.00 ,4500.00 ,3.5,1,,,,AZ,Maricopa,
H8173,005,0,Devoted Health,HMO,DEVOTED MA ONLY 005 AZ (HMO),Not Applicable,Not Applicable,5900.00 ,3.5,,,,,AZ,Maricopa,
H8173,011,0,Devoted Health,HMO C-SNP,DEVOTED C-SNP 011 AZ (HMO C-SNP),0.00 ,615.00 ,6750.00 ,3.5,1,,,,AZ,Maricopa,
H8173,014,0,Devoted Health,HMO C-SNP,DEVOTED C-SNP PREMIUM 014 AZ (HMO C-SNP),17.00 ,615.00 ,4800.00 ,3.5,1,,,,AZ,Maricopa,
H8173,019,0,Devoted Health,HMO,DEVOTED GIVEBACK 019 AZ (HMO),0.00 ,605.00 ,7900.00 ,3.5,1,,,,AZ,Maricopa,
H8173,020,0,Devoted Health,HMO,DEVOTED CORE 020 AZ (HMO),0.00 ,595.00 ,5900.00 ,3.5,1,,,,AZ,Maricopa,
H8173,021,0,Devoted Health,HMO,DEVOTED CORE 021 AZ (HMO),0.00 ,595.00 ,2900.00 ,3.5,1,,,,AZ,Maricopa,
H8173,022,0,Devoted Health,HMO C-SNP,DEVOTED C-SNP PLUS 022 AZ (HMO C-SNP),17.00 ,615.00 ,9250.00 ,3.5,1,,,,AZ,Maricopa,
H8845,001,0,Molina Healthcare of Arizona,HMO D-SNP,Molina Medicare Complete Care (HMO D-SNP),16.40 ,615.00 ,9250.00 ,Not Enough Data Available,1,,,,AZ,Maricopa,
R7220,001,0,Humana,Regional PPO,HumanaChoice R7220-001 (Regional PPO),Not Applicable,Not Applicable,6000.00 ,2.5,,,,,AZ,Maricopa,
R7220,002,0,Humana,Regional PPO,HumanaChoice R7220-002 (Regional PPO),37.00 ,615.00 ,6800.00 ,2.5,1,,,,AZ,Maricopa,
H0028,021,0,Humana,HMO,Humana Gold Plus H0028-021 (HMO),0.00 ,250.00 ,4200.00 ,3.5,1,,,,AZ,Pima,
H0028,074,2,Humana,HMO,Humana Gold Plus H0028-074 (HMO),0.00 ,0.00 ,2550.00 ,3.5,1,,,,AZ,Pima,
H0302,008,0,Blue Cross Blue Shield of Arizona (AZ Blue),HMO,Blue Best Life Classic (HMO),0.00 ,385.00 ,2800.00 ,4.5,1,,,,AZ,Pima,
H0321,002,0,UnitedHealthcare,HMO-POS D-SNP,UHC Dual Complete AZ-S001 (HMO-POS D-SNP),11.50 ,615.00 ,9250.00 ,3.5,1,,,,AZ,Pima,
H0321,004,0,UnitedHealthcare,HMO-POS D-SNP,UHC Dual Complete AZ-Y001 (HMO-POS D-SNP),17.00 ,615.00 ,9250.00 ,3.5,1,,,,AZ,Pima,
H0351,038,0,Wellcare,HMO C-SNP,Wellcare Specialty Simple (HMO C-SNP),0.00 ,615.00 ,3450.00 ,3.5,1,,,,AZ,Pima,
H0351,063,0,Wellcare,HMO,Wellcare Simple (HMO),0.00 ,615.00 ,2500.00 ,3.5,1,,,,AZ,Pima,
H0351,064,0,Wellcare,HMO,Wellcare Giveback (HMO),0.00 ,615.00 ,7600.00 ,3.5,1,,,,AZ,Pima,
H0351,065,0,Wellcare,HMO,Wellcare Simple Value (HMO),0.00 ,615.00 ,3000.00 ,3.5,1,,,,AZ,Pima,
H0354,001,0,HealthSpring,HMO,HealthSpring Preferred (HMO),0.00 ,200.00 ,2750.00 ,3.5,1,,,,AZ,Pima,
H0354,027,0,HealthSpring,HMO C-SNP,HealthSpring Achieve (HMO C-SNP),0.00 ,200.00 ,2500.00 ,3.5,1,,,,AZ,Pima,
H0354,028,0,HealthSpring,HMO,HealthSpring Alliance (HMO),0.00 ,200.00 ,2300.00 ,3.5,1,,,,AZ,Pima,
H0354,029,0,HealthSpring,HMO,HealthSpring Preferred Savings (HMO),0.00 ,300.00 ,3500.00 ,3.5,1,,,,AZ,Pima,
H0354,030,0,HealthSpring,HMO,HealthSpring Preferred Full Savings (HMO),0.00 ,500.00 ,6250.00 ,3.5,1,,,,AZ,Pima,
H0609,025,0,UnitedHealthcare,HMO-POS,AARP Medicare Advantage Essentials from UHC AZ-1 (HMO-POS),0.00 ,355.00 ,2800.00 ,4.5,1,,,,AZ,Pima,
H0609,043,0,UnitedHealthcare,HMO-POS C-SNP,UHC Complete Care AZ-3P (HMO-POS C-SNP),0.00 ,355.00 ,2400.00 ,4.5,1,,,,AZ,Pima,
H0609,045,0,UnitedHealthcare,HMO-POS,AARP Medicare Advantage Extras from UHC AZ-4 (HMO-POS),0.00 ,440.00 ,3300.00 ,4.5,1,,,,AZ,Pima,
H0710,005,0,UnitedHealthcare,PPO I-SNP,UHC Nursing Home Plan AZ-F001 (PPO I-SNP),17.00 ,615.00 ,9250.00 ,4.5,1,,,,AZ,Pima,
H1423,001,0,Wellpoint,HMO-POS C-SNP,Wellpoint Lung Care (HMO-POS C-SNP),0.00 ,0.00 ,2700.00 ,3.0,1,,,,AZ,Pima,
H1423,002,0,Wellpoint,HMO-POS C-SNP,Wellpoint Chronic Care (HMO-POS C-SNP),0.00 ,150.00 ,2700.00 ,3.0,1,,,,AZ,Pima,
H1423,004,0,Wellpoint,HMO-POS,Wellpoint Medicare Advantage 1 (HMO-POS),0.00 ,125.00 ,2700.00 ,3.0,1,,,,AZ,Pima,
H1423,005,0,Wellpoint,HMO,Wellpoint Premium Savings (HMO),0.00 ,125.00 ,3400.00 ,3.0,1,,,,AZ,Pima,
H1423,007,0,Wellpoint,HMO I-SNP,Wellpoint I CareMore Home Care (HMO I-SNP),0.00 ,150.00 ,1500.00 ,3.0,1,,,,AZ,Pima,
H1822,001,0,SCAN Health Plan,HMO,SCAN Classic (HMO),0.00 ,0.00 ,2000.00 ,4.5,1,,,,AZ,Pima,
H1822,002,0,SCAN Health Plan,HMO C-SNP,SCAN Balance (HMO C-SNP),0.00 ,0.00 ,2000.00 ,4.5,1,,,,AZ,Pima,
H1822,005,0,SCAN Health Plan,HMO-POS I-SNP,SCAN Embrace (HMO-POS I-SNP),0.00 ,0.00 ,1500.00 ,4.5,1,,,,AZ,Pima,
H1822,006,0,SCAN Health Plan,HMO C-SNP,SCAN Strive (HMO C-SNP),0.00 ,615.00 ,2000.00 ,4.5,1,,,,AZ,Pima,
H1822,007,0,SCAN Health Plan,HMO,SCAN MyChoice (HMO),0.00 ,0.00 ,2500.00 ,4.5,1,,,,AZ,Pima,
H1822,008,0,SCAN Health Plan,HMO-POS I-SNP,SCAN Embrace Together (HMO-POS I-SNP),1.00 ,615.00 ,9250.00 ,4.5,1,,,,AZ,Pima,
H2406,062,0,UnitedHealthcare,PPO,AARP Medicare Advantage from UHC AZ-0007 (PPO),0.00 ,600.00 ,6200.00 ,4.0,1,,,,AZ,Pima,
H2406,077,0,UnitedHealthcare,PPO,AARP Medicare Advantage Patriot No Rx AZ-MA01 (PPO),Not Applicable,Not Applicable,6700.00 ,4.0,,,,,AZ,Pima,
H2406,078,0,UnitedHealthcare,PPO,AARP Medicare Advantage from UHC AZ-0011 (PPO),44.00 ,600.00 ,5000.00 ,4.0,1,,,,AZ,Pima,
H2593,001,0,Wellpoint,HMO-POS,Wellpoint Medicare Advantage 2 (HMO-POS),0.00 ,0.00 ,8300.00 ,3.5,1,,,,AZ,Pima,
H2593,003,0,Wellpoint,HMO I-SNP,Wellpoint I CareMore Home Care 2 (HMO I-SNP),0.00 ,340.00 ,1500.00 ,3.5,1,,,,AZ,Pima,
H2593,005,0,Wellpoint,HMO-POS C-SNP,Wellpoint Lung Care 2 (HMO-POS C-SNP),0.00 ,0.00 ,8300.00 ,3.5,1,,,,AZ,Pima,
H2593,006,0,Wellpoint,HMO-POS C-SNP,Wellpoint Chronic Care 2 (HMO-POS C-SNP),0.00 ,0.00 ,8300.00 ,3.5,1,,,,AZ,Pima,
H2593,040,0,Wellpoint,HMO-POS C-SNP,Wellpoint I CareMore Kidney Care (HMO-POS C-SNP),0.00 ,0.00 ,3000.00 ,3.5,1,,,,AZ,Pima,
H3443,002,0,Alignment Health Plan,HMO,Alignment Health the ONE + Walgreens (HMO),0.00 ,0.00 ,2499.00 ,4.0,1,,,,AZ,Pima,
H3443,003,0,Alignment Health Plan,HMO C-SNP,Alignment Health Heart & Diabetes (HMO C-SNP),0.00 ,0.00 ,2499.00 ,4.0,1,,,,AZ,Pima,
H3443,005,0,Alignment Health Plan,HMO,Alignment Health smartHMO (HMO),0.00 ,615.00 ,3900.00 ,4.0,1,,,,AZ,Pima,
H3443,006,0,Alignment Health Plan,HMO C-SNP,Alignment Health Heart & Diabetes Plus (HMO C-SNP),17.00 ,615.00 ,8850.00 ,4.0,1,,,,AZ,Pima,
H3443,007,0,Alignment Health Plan,HMO C-SNP,Alignment Health Heart & Diabetes AZPlus (HMO C-SNP),17.00 ,615.00 ,2900.00 ,4.0,1,,,,AZ,Pima,
H3551,001,0,eternalHealth,HMO,eternalHealth Horizon (HMO),0.00 ,200.00 ,3350.00 ,Not Enough Data Available,1,,,,AZ,Pima,
H3551,002,0,eternalHealth,HMO,eternalHealth Grand Give Back (HMO),0.00 ,400.00 ,4550.00 ,Not Enough Data Available,1,,,,AZ,Pima,
H3551,003,0,eternalHealth,HMO-POS,eternalHealth Valor Give Back (HMO-POS),Not Applicable,Not Applicable,5500.00 ,Not Enough Data Available,,,,,AZ,Pima,
H3551,004,0,eternalHealth,HMO,eternalHealth + Fry's Medicare Advantage (HMO),0.00 ,250.00 ,4350.00 ,Not Enough Data Available,1,,,,AZ,Pima,
H3931,129,0,Aetna Medicare,HMO,Aetna Medicare Signature Extra (HMO),0.00 ,615.00 ,4900.00 ,3.0,1,,,,AZ,Pima,
H3931,146,0,Aetna Medicare,HMO,Aetna Medicare Signature Advantage (HMO),0.00 ,615.00 ,3300.00 ,3.0,1,,,,AZ,Pima,
H4461,059,0,Humana,HMO,Humana Gold Plus H4461-059 (HMO),0.00 ,0.00 ,2550.00 ,4.0,1,,,,AZ,Pima,
H4835,002,0,Aetna Medicare,HMO,Aetna Medicare Signature (HMO),0.00 ,615.00 ,6750.00 ,3.0,1,,,,AZ,Pima,
H4869,001,0,Gold Kidney Health Plan,HMO-POS C-SNP,Gold Heart & Diabetes (HMO-POS C-SNP),0.00 ,0.00 ,2500.00 ,3.0,1,,,,AZ,Pima,
H4869,003,0,Gold Kidney Health Plan,HMO-POS C-SNP,Gold Dialysis & Kidney (HMO-POS C-SNP),0.00 ,0.00 ,2900.00 ,3.0,1,,,,AZ,Pima,
H4869,014,0,Gold Kidney Health Plan,HMO-POS C-SNP,Gold Dialysis & Kidney Complete (HMO-POS C-SNP),17.00 ,615.00 ,9250.00 ,3.0,1,,,,AZ,Pima,
H4931,007,0,Banner Medicare Advantage,HMO D-SNP,Banner Medicare Advantage Dual (HMO D-SNP),17.00 ,615.00 ,9250.00 ,3.5,1,,,,AZ,Pima,
H4931,015,0,Banner Medicare Advantage,HMO D-SNP,Banner Medicare Advantage Dual (HMO D-SNP),17.00 ,615.00 ,9250.00 ,3.5,1,,,,AZ,Pima,
H5216,034,0,Humana,PPO,HumanaChoice H5216-034 (PPO),114.00 ,615.00 ,7900.00 ,3.5,1,,,,AZ,Pima,
H5216,224,0,Humana,PPO,HumanaChoice H5216-224 (PPO),10.90 ,400.00 ,4150.00 ,3.5,1,,,,AZ,Pima,
H5216,265,0,Humana,PPO,HumanaChoice H5216-265 (PPO),0.00 ,615.00 ,4990.00 ,3.5,1,,,,AZ,Pima,
H5216,371,0,Humana,PPO,HumanaChoice Giveback H5216-371 (PPO),0.00 ,615.00 ,6100.00 ,3.5,1,,,,AZ,Pima,
H5216,435,1,Humana,PPO,Humana Essentials Plus Giveback H5216-435 (PPO),0.00 ,0.00 ,7850.00 ,3.5,1,,,,AZ,Pima,
H5216,436,1,Humana,PPO,Humana USAA Honor Giveback (PPO),Not Applicable,Not Applicable,5150.00 ,3.5,,,,,AZ,Pima,
H5253,035,0,UnitedHealthcare,HMO-POS,AARP Medicare Advantage from UHC AZ-0013 (HMO-POS),44.00 ,440.00 ,5900.00 ,4.0,1,,,,AZ,Pima,
H5253,178,0,UnitedHealthcare,HMO-POS,AARP Medicare Advantage CareFlex from UHC AZ-17 (HMO-POS),0.00 ,600.00 ,6700.00 ,4.0,1,,,,AZ,Pima,
H5521,329,0,Aetna Medicare,PPO,Aetna Medicare Eagle (PPO),Not Applicable,Not Applicable,5500.00 ,4.5,,,,,AZ,Pima,
H5521,363,0,Aetna Medicare,PPO,Aetna Medicare Elite (PPO),0.00 ,615.00 ,5000.00 ,4.5,1,,,,AZ,Pima,
H5521,554,0,Aetna Medicare,PPO,Aetna Medicare Signature (PPO),0.00 ,615.00 ,6350.00 ,4.5,1,,,,AZ,Pima,
H5521,649,0,Aetna Medicare,PPO,Aetna Medicare Value Care (PPO),15.90 ,615.00 ,5900.00 ,4.5,1,,,,AZ,Pima,
H5580,004,0,Mercy Care Advantage,HMO D-SNP,Mercy Care Advantage (HMO D-SNP),17.00 ,615.00 ,9250.00 ,3.0,1,,,,AZ,Pima,
H5580,005,0,Mercy Care Advantage,HMO D-SNP,Mercy Care Advantage (HMO D-SNP),15.20 ,615.00 ,9250.00 ,3.0,1,,,,AZ,Pima,
H5590,008,0,Wellcare,HMO D-SNP,Wellcare Dual Liberty Sync (HMO D-SNP),17.00 ,490.00 ,9250.00 ,3.5,1,,,,AZ,Pima,
H5590,010,0,Wellcare,HMO D-SNP,Wellcare Arizona Complete Health Dual Align (HMO D-SNP),14.40 ,615.00 ,9250.00 ,3.5,1,,,,AZ,Pima,
H6586,003,0,Devoted Health,PPO,DEVOTED CHOICE 003 AZ (PPO),0.00 ,595.00 ,5900.00 ,3.0,1,,,,AZ,Pima,
H6586,005,0,Devoted Health,PPO,DEVOTED CHOICE MA ONLY 005 AZ (PPO),Not Applicable,Not Applicable,5900.00 ,3.0,,,,,AZ,Pima,
H7617,051,0,Humana,PPO,HumanaChoice Giveback H7617-051 (PPO),0.00 ,615.00 ,6100.00 ,4.5,1,,,,AZ,Pima,
H7849,065,0,HealthSpring,PPO,HealthSpring True Choice (PPO),0.00 ,200.00 ,4900.00 ,3.0,1,,,,AZ,Pima,
H8173,013,0,Devoted Health,HMO,DEVOTED GIVEBACK 013 AZ (HMO),0.00 ,605.00 ,7900.00 ,3.5,1,,,,AZ,Pima,
H8173,016,0,Devoted Health,HMO,DEVOTED CORE 016 AZ (HMO),0.00 ,305.00 ,2700.00 ,3.5,1,,,,AZ,Pima,
H8173,023,0,Devoted Health,HMO C-SNP,DEVOTED C-SNP 023 AZ (HMO C-SNP),0.00 ,395.00 ,3000.00 ,3.5,1,,,,AZ,Pima,
H8173,024,0,Devoted Health,HMO C-SNP,DEVOTED C-SNP PREMIUM 024 AZ (HMO C-SNP),17.00 ,615.00 ,3000.00 ,3.5,1,,,,AZ,Pima,
H8173,025,0,Devoted Health,HMO C-SNP,DEVOTED C-SNP PLUS 025 AZ (HMO C-SNP),17.00 ,615.00 ,9250.00 ,3.5,1,,,,AZ,Pima,
R7220,001,0,Humana,Regional PPO,HumanaChoice R7220-001 (Regional PPO),Not Applicable,Not Applicable,6000.00 ,2.5,,,,,AZ,Pima,
R7220,002,0,Humana,Regional PPO,HumanaChoice R7220-002 (Regional PPO),37.00 ,615.00 ,6800.00 ,2.5,1,,,,AZ,Pima,
H0504,015,0,Blue Shield of California,HMO,Blue Shield 65 Plus (HMO),0.00 ,340.00 ,1500.00 ,4.0,1,,,,CA,Los Angeles,
H0504,021,0,Blue Shield of California,HMO,Blue Shield 65 Plus Plan 2 (HMO),0.00 ,340.00 ,2200.00 ,4.0,1,,,,CA,Los Angeles,
H0504,043,0,Blue Shield of California,HMO,Blue Shield Inspire (HMO),0.00 ,250.00 ,599.00 ,4.0,1,,,,CA,Los Angeles,
H0523,022,0,Aetna Medicare,HMO,Aetna Medicare Signature (HMO),0.00 ,615.00 ,2000.00 ,3.0,1,,,,CA,Los Angeles,
H0523,085,0,Aetna Medicare,HMO-POS,Aetna Medicare Prime (HMO-POS),0.00 ,615.00 ,299.00 ,3.0,1,,,,CA,Los Angeles,
H0523,086,0,Aetna Medicare,HMO,Aetna Medicare Signature Extra (HMO),0.00 ,300.00 ,599.00 ,3.0,1,,,,CA,Los Angeles,
H0524,003,0,Kaiser Permanente,HMO,"Kaiser Permanente Senior Advantage LA, Orange Co. (HMO)",0.00 ,0.00 ,699.00 ,4.5,1,,,,CA,Los Angeles,
H0524,078,0,Kaiser Permanente,HMO,"Kaiser Permanente Sr Advantage LA, Orange Value (HMO)",0.00 ,0.00 ,1999.00 ,4.5,1,,,,CA,Los Angeles,
H0543,121,0,UnitedHealthcare,HMO-POS,AARP Medicare Advantage Patriot No Rx CA-MA01 (HMO-POS),Not Applicable,Not Applicable,4900.00 ,4.0,,,,,CA,Los Angeles,
H0543,151,0,UnitedHealthcare,HMO-POS,AARP Medicare Advantage from UHC CA-003P (HMO-POS),0.00 ,355.00 ,800.00 ,4.0,1,,,,CA,Los Angeles,
H0543,168,0,UnitedHealthcare,HMO-POS,AARP Medicare Advantage from UHC CA-004P (HMO-POS),0.00 ,355.00 ,800.00 ,4.0,1,,,,CA,Los Angeles,
H0543,217,0,UnitedHealthcare,HMO-POS C-SNP,UHC Complete Care CA-18P (HMO-POS C-SNP),0.00 ,355.00 ,800.00 ,4.0,1,,,,CA,Los Angeles,
H0543,236,0,UnitedHealthcare,HMO-POS,AARP Medicare Advantage Giveback from UHC CA-19 (HMO-POS),0.00 ,520.00 ,800.00 ,4.0,1,,,,CA,Los Angeles,
H0543,239,0,UnitedHealthcare,HMO C-SNP,UHC Complete Care Support CA-1AP (HMO C-SNP),12.00 ,615.00 ,9250.00 ,4.0,1,,,,CA,Los Angeles,
H0543,251,0,UnitedHealthcare,HMO-POS,AARP Medicare Advantage from UHC CA-37 (HMO-POS),75.00 ,355.00 ,800.00 ,4.0,1,,,,CA,Los Angeles,
H0543,255,0,UnitedHealthcare,HMO-POS,AARP Medicare Advantage from UHC CA-44 (HMO-POS),55.00 ,355.00 ,800.00 ,4.0,1,,,,CA,Los Angeles,
H0544,002,0,Anthem Blue Cross,HMO-POS,Anthem I CareMore Medicare Advantage 2 (HMO-POS),0.00 ,85.00 ,1500.00 ,3.0,1,,,,CA,Los Angeles,
H0544,004,0,Anthem Blue Cross,HMO-POS C-SNP,Anthem I CareMore Chronic Care (HMO-POS C-SNP),0.00 ,100.00 ,800.00 ,3.0,1,,,,CA,Los Angeles,
H0544,005,0,Anthem Blue Cross,HMO I-SNP,Anthem I CareMore Home Care (HMO I-SNP),0.00 ,100.00 ,700.00 ,3.0,1,,,,CA,Los Angeles,
H0544,014,0,Anthem Blue Cross,HMO-POS C-SNP,Anthem I CareMore Lung Care (HMO-POS C-SNP),0.00 ,100.00 ,499.00 ,3.0,1,,,,CA,Los Angeles,
H0544,015,0,Anthem Blue Cross,HMO-POS C-SNP,Anthem I CareMore Kidney Care (HMO-POS C-SNP),0.00 ,150.00 ,800.00 ,3.0,1,,,,CA,Los Angeles,
H0544,058,0,Anthem Blue Cross,HMO-POS,Anthem Select (HMO-POS),0.00 ,200.00 ,800.00 ,3.0,1,,,,CA,Los Angeles,
H0544,061,0,Anthem Blue Cross,HMO-POS,Anthem Medicare Advantage (HMO-POS),0.00 ,255.00 ,7550.00 ,3.0,1,,,,CA,Los Angeles,
H0562,092,0,Wellcare,HMO C-SNP,Wellcare Specialty Simple (HMO C-SNP),0.00 ,615.00 ,2400.00 ,3.5,1,,,,CA,Los Angeles,
H0562,125,0,Wellcare,HMO,Wellcare Simple Focus (HMO),0.00 ,615.00 ,4000.00 ,3.5,1,,,,CA,Los Angeles,
H0562,136,0,Wellcare,HMO,Wellcare Low Premium (HMO),46.00 ,615.00 ,4150.00 ,3.5,1,,,,CA,Los Angeles,
H0976,001,0,SCAN Health Plan,HMO D-SNP,SCAN Connections (HMO D-SNP),0.00 ,375.00 ,9250.00 ,4.0,1,,,,CA,Los Angeles,
H0976,002,0,SCAN Health Plan,HMO D-SNP,SCAN Connections at Home (HMO D-SNP),0.00 ,375.00 ,9250.00 ,4.0,1,,,,CA,Los Angeles,
H1224,001,0,L.A. Care Health Plan,HMO D-SNP,L.A. Care Medicare Plus (HMO D-SNP),6.20 ,615.00 ,9250.00 ,3.0,1,,,,CA,Los Angeles,
H1993,001,0,Astiva Health,HMO,Astiva Health Savings Plan (HMO),0.00 ,50.00 ,3045.00 ,4.0,1,,,,CA,Los Angeles,
H1993,007,0,Astiva Health,HMO C-SNP,Astiva Health C-SNP Deluxe (HMO C-SNP),0.00 ,0.00 ,999.00 ,4.0,1,,,,CA,Los Angeles,
H1993,008,0,Astiva Health,HMO C-SNP,Astiva Health C-SNP WOW (HMO C-SNP),4.40 ,615.00 ,9250.00 ,4.0,1,,,,CA,Los Angeles,
H1993,015,0,Astiva Health,HMO,Astiva Health Premier Plan (HMO),0.00 ,0.00 ,1500.00 ,4.0,1,,,,CA,Los Angeles,
H2819,001,0,Blue Shield of California,HMO D-SNP,Blue Shield TotalDual Plan (HMO D-SNP),7.00 ,615.00 ,9250.00 ,3.5,1,,,,CA,Los Angeles,
H3038,004,1,Molina Healthcare of California,HMO D-SNP,Molina Medicare Complete Care Plus (HMO D-SNP),0.00 ,615.00 ,9250.00 ,3.0,1,,,,CA,Los Angeles,
H3274,001,0,Align Senior Care,HMO I-SNP,Senior Care (HMO I-SNP),12.00 ,615.00 ,9250.00 ,Not Enough Data Available,1,,,,CA,Los Angeles,
H3274,002,0,Align Senior Care,HMO I-SNP,Premier Care (HMO I-SNP),0.00 ,0.00 ,1900.00 ,Not Enough Data Available,1,,,,CA,Los Angeles,
H3274,005,0,Align Senior Care,HMO,Advantage Care (HMO),0.00 ,0.00 ,1900.00 ,Not Enough Data Available,1,,,,CA,Los Angeles,
H3561,008,0,Wellcare,HMO D-SNP,Wellcare Health Net Dual Align (HMO D-SNP),12.00 ,555.00 ,9250.00 ,3.5,1,,,,CA,Los Angeles,
H3815,001,0,Alignment Health Plan,HMO,Alignment Health My Choice (HMO),0.00 ,0.00 ,498.00 ,4.0,1,,,,CA,Los Angeles,
H3815,008,0,Alignment Health Plan,HMO,Alignment Health Platinum + Instacart (HMO),0.00 ,0.00 ,499.00 ,4.0,1,,,,CA,Los Angeles,
H3815,010,0,Alignment Health Plan,HMO C-SNP,Alignment Health Heart & Diabetes (HMO C-SNP),0.00 ,0.00 ,1499.00 ,4.0,1,,,,CA,Los Angeles,
H3815,013,0,Alignment Health Plan,HMO,Alignment Health smartHMO (HMO),0.00 ,0.00 ,2499.00 ,4.0,1,,,,CA,Los Angeles,
H3815,033,0,Alignment Health Plan,HMO C-SNP,Alignment Health Balance (HMO C-SNP),0.00 ,0.00 ,1499.00 ,4.0,1,,,,CA,Los Angeles,
H3815,034,0,Alignment Health Plan,HMO,Alignment Health the ONE (HMO),0.00 ,0.00 ,3400.00 ,4.0,1,,,,CA,Los Angeles,
H3815,039,0,Alignment Health Plan,HMO C-SNP,Alignment Health Heart & Diabetes CalPlus (HMO C-SNP),12.00 ,615.00 ,9250.00 ,4.0,1,,,,CA,Los Angeles,
H3815,041,0,Alignment Health Plan,HMO C-SNP,Alignment Health BreathEasy (HMO C-SNP),12.00 ,615.00 ,9250.00 ,4.0,1,,,,CA,Los Angeles,
H3815,042,0,Alignment Health Plan,HMO C-SNP,Alignment Health Clarity (HMO C-SNP),12.00 ,615.00 ,9250.00 ,4.0,1,,,,CA,Los Angeles,
H3815,044,0,Alignment Health Plan,HMO C-SNP,Alignment Health Heart & Diabetes Access (HMO C-SNP),12.00 ,615.00 ,9250.00 ,4.0,1,,,,CA,Los Angeles,
H3815,047,0,Alignment Health Plan,HMO,Alignment Health smartSavings (HMO),0.00 ,0.00 ,2899.00 ,4.0,1,,,,CA,Los Angeles,
H3815,049,0,Alignment Health Plan,HMO,Alignment Health My Choice Select (HMO),0.00 ,0.00 ,798.00 ,4.0,1,,,,CA,Los Angeles,
H3815,050,0,Alignment Health Plan,HMO,Alignment Health My Choice CalCare (HMO),0.00 ,0.00 ,3499.00 ,4.0,1,,,,CA,Los Angeles,
H3815,051,0,Alignment Health Plan,HMO C-SNP,Alignment Health Heart & Diabetes Choice (HMO C-SNP),0.70 ,615.00 ,9250.00 ,4.0,1,,,,CA,Los Angeles,
H3815,052,0,Alignment Health Plan,HMO,Alignment Health Honor+ Plan (HMO),0.00 ,615.00 ,9250.00 ,4.0,1,,,,CA,Los Angeles,
H3815,053,0,Alignment Health Plan,HMO,Alignment Health ValorCare (HMO),0.00 ,0.00 ,6000.00 ,4.0,1,,,,CA,Los Angeles,
H3815,054,0,Alignment Health Plan,HMO C-SNP,Alignment Health Heart & Diabetes Care (HMO C-SNP),0.00 ,0.00 ,990.00 ,4.0,1,,,,CA,Los Angeles,
H3815,055,0,Alignment Health Plan,HMO,Alignment Health L.A. Premium Giveback (HMO),0.00 ,0.00 ,2400.00 ,4.0,1,,,,CA,Los Angeles,
H4161,009,0,Anthem Blue Cross Partnership Plan,HMO-POS,Anthem Prime (HMO-POS),0.00 ,0.00 ,499.00 ,3.0,1,,,,CA,Los Angeles,
H4161,011,0,Anthem Blue Cross Partnership Plan,HMO-POS,Anthem I CareMore Medicare Advantage (HMO-POS),0.00 ,140.00 ,1000.00 ,3.0,1,,,,CA,Los Angeles,
H4161,012,0,Anthem Blue Cross Partnership Plan,HMO-POS,Anthem I CareMore Premium Savings (HMO-POS),0.00 ,115.00 ,1000.00 ,3.0,1,,,,CA,Los Angeles,
H4161,014,0,Anthem Blue Cross Partnership Plan,HMO-POS C-SNP,Anthem I CareMore Chronic Care 2 (HMO-POS C-SNP),0.00 ,0.00 ,499.00 ,3.0,1,,,,CA,Los Angeles,
H4161,016,0,Anthem Blue Cross Partnership Plan,HMO-POS C-SNP,Anthem I CareMore Lung Care 2 (HMO-POS C-SNP),0.00 ,0.00 ,499.00 ,3.0,1,,,,CA,Los Angeles,
H4471,010,1,Anthem Blue Cross,HMO D-SNP,Anthem Full Dual Advantage Aligned (HMO D-SNP),0.00 ,615.00 ,9250.00 ,3.0,1,,,,CA,Los Angeles,
H4647,001,0,UCLA Health Medicare Advantage Plan,HMO,UCLA Health Medicare Advantage Principal Plan (HMO),0.00 ,250.00 ,2499.00 ,Plan Too New To Be Measured,1,,,,CA,Los Angeles,
H4647,002,0,UCLA Health Medicare Advantage Plan,HMO,UCLA Health Medicare Advantage Prestige Plan (HMO),45.00 ,250.00 ,1499.00 ,Plan Too New To Be Measured,1,,,,CA,Los Angeles,
H4982,001,0,Aetna Medicare,HMO,Aetna Medicare Signature (HMO),0.00 ,615.00 ,599.00 ,3.0,1,,,,CA,Los Angeles,
H4982,025,0,Aetna Medicare,HMO-POS,Aetna Medicare Prime Extra (HMO-POS),0.00 ,615.00 ,299.00 ,3.0,1,,,,CA,Los Angeles,
H5087,005,0,Wellcare,HMO,Wellcare Simple (HMO),0.00 ,615.00 ,4500.00 ,3.5,1,,,,CA,Los Angeles,
H5087,032,0,Wellcare,HMO,Wellcare Giveback (HMO),0.00 ,615.00 ,6750.00 ,3.5,1,,,,CA,Los Angeles,
H5425,006,0,SCAN Health Plan,HMO,SCAN Classic (HMO),0.00 ,250.00 ,199.00 ,4.0,1,,,,CA,Los Angeles,
H5425,034,0,SCAN Health Plan,HMO C-SNP,SCAN Balance (HMO C-SNP),0.00 ,250.00 ,199.00 ,4.0,1,,,,CA,Los Angeles,
H5425,065,0,SCAN Health Plan,HMO,SCAN Prime (HMO),20.00 ,250.00 ,2499.00 ,4.0,1,,,,CA,Los Angeles,
H5425,084,0,SCAN Health Plan,HMO,SCAN Venture (HMO),0.00 ,250.00 ,1000.00 ,4.0,1,,,,CA,Los Angeles,
H5425,086,0,SCAN Health Plan,HMO I-SNP,SCAN Embrace (HMO I-SNP),0.00 ,0.00 ,799.00 ,4.0,1,,,,CA,Los Angeles,
H5425,092,0,SCAN Health Plan,HMO,SCAN Affirm partnered with Included LGBTQ+ Health (HMO),0.00 ,250.00 ,199.00 ,4.0,1,,,,CA,Los Angeles,
H5425,097,0,SCAN Health Plan,HMO C-SNP,SCAN Strive (HMO C-SNP),0.00 ,615.00 ,9250.00 ,4.0,1,,,,CA,Los Angeles,
H5425,100,0,SCAN Health Plan,HMO,SCAN Inspired by women for women (HMO),15.00 ,250.00 ,999.00 ,4.0,1,,,,CA,Los Angeles,
H5425,108,0,SCAN Health Plan,HMO,SCAN MyChoice (HMO),0.00 ,250.00 ,999.00 ,4.0,1,,,,CA,Los Angeles,
H5425,123,0,SCAN Health Plan,HMO,SCAN Allied (HMO),0.00 ,250.00 ,1500.00 ,4.0,1,,,,CA,Los Angeles,
H5425,131,0,SCAN Health Plan,HMO I-SNP,SCAN Embrace Together (HMO I-SNP),0.00 ,615.00 ,9250.00 ,4.0,1,,,,CA,Los Angeles,
H5425,133,0,SCAN Health Plan,HMO,SCAN Essential Savings (HMO),0.00 ,250.00 ,2400.00 ,4.0,1,,,,CA,Los Angeles,
H5496,005,0,"Imperial Health Plan of California, Inc.",HMO C-SNP,Imperial Senior Value (HMO C-SNP),0.00 ,0.00 ,296.00 ,3.5,1,,,,CA,Los Angeles,
H5496,012,0,"Imperial Health Plan of California, Inc.",HMO,Imperial Dynamic Plan (HMO),0.00 ,0.00 ,296.00 ,3.5,1,,,,CA,Los Angeles,
H5496,016,0,"Imperial Health Plan of California, Inc.",HMO,Imperial Courage Plan (HMO),Not Applicable,Not Applicable,2999.00 ,3.5,,,,,CA,Los Angeles,
H5521,369,0,Aetna Medicare,PPO,Aetna Medicare Eagle (PPO),Not Applicable,Not Applicable,6750.00 ,4.5,,,,,CA,Los Angeles,
H5521,419,0,Aetna Medicare,PPO,Aetna Medicare Signature (PPO),0.00 ,615.00 ,6350.00 ,4.5,1,,,,CA,Los Angeles,
H5521,578,0,Aetna Medicare,PPO,Aetna Medicare Enhanced (PPO),59.00 ,615.00 ,5500.00 ,4.5,1,,,,CA,Los Angeles,
H5525,057,0,Humana,PPO,Humana USAA Honor Giveback with Rx (PPO),0.00 ,615.00 ,6400.00 ,3.5,1,,,,CA,Los Angeles,
H5525,074,0,Humana,PPO,HumanaChoice H5525-074 (PPO),34.00 ,615.00 ,3400.00 ,3.5,1,,,,CA,Los Angeles,
H5525,075,0,Humana,PPO,HumanaChoice H5525-075 (PPO),0.00 ,615.00 ,3850.00 ,3.5,1,,,,CA,Los Angeles,
H5525,078,0,Humana,PPO,Humana USAA Honor Giveback (PPO),Not Applicable,Not Applicable,6750.00 ,3.5,,,,,CA,Los Angeles,
H5619,021,0,Humana,HMO,Humana Gold Plus H5619-021 (HMO),0.00 ,0.00 ,410.00 ,3.0,1,,,,CA,Los Angeles,
H5619,121,0,Humana,HMO,Humana USAA Honor Giveback (HMO),Not Applicable,Not Applicable,5250.00 ,3.0,,,,,CA,Los Angeles,
H5619,146,0,Humana,HMO,Humana Gold Plus Giveback H5619-146 (HMO),0.00 ,0.00 ,2700.00 ,3.0,1,,,,CA,Los Angeles,
H5649,001,0,Central Health Medicare Plan,HMO,Central Health Medicare Plan (HMO),0.00 ,0.00 ,1100.00 ,3.0,1,,,,CA,Los Angeles,
H5649,022,0,Central Health Medicare Plan,HMO,Central Health Jade Plan (HMO),0.00 ,0.00 ,599.00 ,3.0,1,,,,CA,Los Angeles,
H5649,025,1,Central Health Medicare Plan,HMO C-SNP,Central Health Embrace Care Plan (HMO C-SNP),0.00 ,615.00 ,799.00 ,3.0,1,,,,CA,Los Angeles,
H5649,026,1,Central Health Medicare Plan,HMO C-SNP,Central Health Embrace Choice Plan (HMO C-SNP),0.00 ,615.00 ,7900.00 ,3.0,1,,,,CA,Los Angeles,
H5649,027,0,Central Health Medicare Plan,HMO,Central Health Classic Care Plan I (HMO),0.00 ,99.00 ,799.00 ,3.0,1,,,,CA,Los Angeles,
H5649,029,0,Central Health Medicare Plan,HMO,Central Health Part B Savings Plan (HMO),0.00 ,0.00 ,2900.00 ,3.0,1,,,,CA,Los Angeles,
H5649,030,0,Central Health Medicare Plan,HMO,Central Health Valor Care Plan (HMO),Not Applicable,Not Applicable,4400.00 ,3.0,,,,,CA,Los Angeles,
H5810,014,0,Molina Healthcare of California,HMO,Molina Medicare Choice Care (HMO),0.00 ,0.00 ,3600.00 ,3.0,1,,,,CA,Los Angeles,
H5852,001,0,AHF,HMO C-SNP,PHP (HMO C-SNP),0.00 ,615.00 ,5000.00 ,4.0,1,,,,CA,Los Angeles,
H5928,004,0,Blue Shield of California,HMO,Blue Shield AdvantageOptimum Plan (HMO),0.00 ,425.00 ,3100.00 ,3.5,1,,,,CA,Los Angeles,
H5943,004,0,VillageHealth,HMO-POS C-SNP,VillageHealth (HMO-POS C-SNP),12.00 ,490.00 ,9250.00 ,Not Enough Data Available,1,,,,CA,Los Angeles,
H6170,001,0,Champion Heath Plan,HMO-POS C-SNP,Champion Advantage (HMO-POS C-SNP),0.00 ,0.00 ,499.00 ,Not Enough Data Available,1,,,,CA,Los Angeles,
H6170,002,0,Champion Heath Plan,HMO-POS C-SNP,Champion Connect (HMO-POS C-SNP),0.00 ,615.00 ,9250.00 ,Not Enough Data Available,1,,,,CA,Los Angeles,
H6170,003,0,Champion Heath Plan,HMO-POS C-SNP,Champion Select (HMO-POS C-SNP),8.40 ,615.00 ,499.00 ,Not Enough Data Available,1,,,,CA,Los Angeles,
H6170,007,0,Champion Heath Plan,HMO,Champion Ally (HMO),0.00 ,0.00 ,199.00 ,Not Enough Data Available,1,,,,CA,Los Angeles,
H6170,008,0,Champion Heath Plan,HMO C-SNP,Champion Care (HMO C-SNP),0.00 ,0.00 ,199.00 ,Not Enough Data Available,1,,,,CA,Los Angeles,
H6170,009,0,Champion Heath Plan,HMO C-SNP,Champion Choice (HMO C-SNP),12.00 ,615.00 ,9250.00 ,Not Enough Data Available,1,,,,CA,Los Angeles,
H6170,010,0,Champion Heath Plan,HMO C-SNP,Champion Plus (HMO C-SNP),12.00 ,615.00 ,9250.00 ,Not Enough Data Available,1,,,,CA,Los Angeles,
H6368,001,0,"Elite Health Plan, Inc.",HMO,Elite Signature HMO (HMO),0.00 ,0.00 ,699.00 ,Plan Too New To Be Measured,1,,,,CA,Los Angeles,
H6368,002,0,"Elite Health Plan, Inc.",HMO,Elite Core HMO (HMO),0.00 ,0.00 ,1499.00 ,Plan Too New To Be Measured,1,,,,CA,Los Angeles,
H7607,014,0,Clever Care Health Plan,HMO,Clever Care Longevity (HMO),0.00 ,0.00 ,500.00 ,4.0,1,,,,CA,Los Angeles,
H7607,015,0,Clever Care Health Plan,HMO,Clever Care Value (HMO),0.00 ,0.00 ,2000.00 ,4.0,1,,,,CA,Los Angeles,
H7607,016,0,Clever Care Health Plan,HMO C-SNP,Clever Care Total+ (HMO C-SNP),0.00 ,615.00 ,9250.00 ,4.0,1,,,,CA,Los Angeles,
H7607,017,0,Clever Care Health Plan,HMO C-SNP,Clever Care Breathe+ (HMO C-SNP),0.00 ,615.00 ,9250.00 ,4.0,1,,,,CA,Los Angeles,
H8794,001,0,Kaiser Permanente,HMO D-SNP,Kaiser Permanente Dual Complete South P1 (HMO D-SNP),0.00 ,0.00 ,9250.00 ,4.0,1,,,,CA,Los Angeles,
H8794,009,0,Kaiser Permanente,HMO D-SNP,Kaiser Permanente Dual Complete South P9 (HMO D-SNP),0.00 ,0.00 ,9250.00 ,4.0,1,,,,CA,Los Angeles,
H8832,001,0,Alignment Health Plan,PPO,Alignment Health Advantage PPO (PPO),45.00 ,0.00 ,4201.00 ,Plan Too New To Be Measured,1,,,,CA,Los Angeles,
H0504,015,0,Blue Shield of California,HMO,Blue Shield 65 Plus (HMO),0.00 ,340.00 ,1500.00 ,4.0,1,,,,CA,Orange,
H0504,021,0,Blue Shield of California,HMO,Blue Shield 65 Plus Plan 2 (HMO),0.00 ,340.00 ,2200.00 ,4.0,1,,,,CA,Orange,
H0504,043,0,Blue Shield of California,HMO,Blue Shield Inspire (HMO),0.00 ,250.00 ,599.00 ,4.0,1,,,,CA,Orange,
H0523,022,0,Aetna Medicare,HMO,Aetna Medicare Signature (HMO),0.00 ,615.00 ,2000.00 ,3.0,1,,,,CA,Orange,
H0523,073,0,Aetna Medicare,HMO-POS,Aetna Medicare Prime (HMO-POS),0.00 ,615.00 ,599.00 ,3.0,1,,,,CA,Orange,
H0523,086,0,Aetna Medicare,HMO,Aetna Medicare Signature Extra (HMO),0.00 ,300.00 ,599.00 ,3.0,1,,,,CA,Orange,
H0524,003,0,Kaiser Permanente,HMO,"Kaiser Permanente Senior Advantage LA, Orange Co. (HMO)",0.00 ,0.00 ,699.00 ,4.5,1,,,,CA,Orange,
H0524,078,0,Kaiser Permanente,HMO,"Kaiser Permanente Sr Advantage LA, Orange Value (HMO)",0.00 ,0.00 ,1999.00 ,4.5,1,,,,CA,Orange,
H0543,121,0,UnitedHealthcare,HMO-POS,AARP Medicare Advantage Patriot No Rx CA-MA01 (HMO-POS),Not Applicable,Not Applicable,4900.00 ,4.0,,,,,CA,Orange,
H0543,169,0,UnitedHealthcare,HMO-POS,AARP Medicare Advantage from UHC CA-005P (HMO-POS),0.00 ,355.00 ,800.00 ,4.0,1,,,,CA,Orange,
H0543,218,0,UnitedHealthcare,HMO-POS C-SNP,UHC Complete Care CA-19P (HMO-POS C-SNP),0.00 ,355.00 ,800.00 ,4.0,1,,,,CA,Orange,
H0543,220,0,UnitedHealthcare,HMO-POS,AARP Medicare Advantage from UHC CA-021P (HMO-POS),0.00 ,355.00 ,800.00 ,4.0,1,,,,CA,Orange,
H0543,237,0,UnitedHealthcare,HMO-POS,AARP Medicare Advantage Giveback from UHC CA-20 (HMO-POS),0.00 ,520.00 ,800.00 ,4.0,1,,,,CA,Orange,
H0543,240,0,UnitedHealthcare,HMO C-SNP,UHC Complete Care Support CA-2AP (HMO C-SNP),12.00 ,615.00 ,9250.00 ,4.0,1,,,,CA,Orange,
H0543,254,0,UnitedHealthcare,HMO-POS,AARP Medicare Advantage from UHC CA-43 (HMO-POS),55.00 ,355.00 ,800.00 ,4.0,1,,,,CA,Orange,
H0544,002,0,Anthem Blue Cross,HMO-POS,Anthem I CareMore Medicare Advantage 2 (HMO-POS),0.00 ,85.00 ,1500.00 ,3.0,1,,,,CA,Orange,
H0544,004,0,Anthem Blue Cross,HMO-POS C-SNP,Anthem I CareMore Chronic Care (HMO-POS C-SNP),0.00 ,100.00 ,800.00 ,3.0,1,,,,CA,Orange,
H0544,005,0,Anthem Blue Cross,HMO I-SNP,Anthem I CareMore Home Care (HMO I-SNP),0.00 ,100.00 ,700.00 ,3.0,1,,,,CA,Orange,
H0544,014,0,Anthem Blue Cross,HMO-POS C-SNP,Anthem I CareMore Lung Care (HMO-POS C-SNP),0.00 ,100.00 ,499.00 ,3.0,1,,,,CA,Orange,
H0544,015,0,Anthem Blue Cross,HMO-POS C-SNP,Anthem I CareMore Kidney Care (HMO-POS C-SNP),0.00 ,150.00 ,800.00 ,3.0,1,,,,CA,Orange,
H0544,058,0,Anthem Blue Cross,HMO-POS,Anthem Select (HMO-POS),0.00 ,200.00 ,800.00 ,3.0,1,,,,CA,Orange,
H0544,061,0,Anthem Blue Cross,HMO-POS,Anthem Medicare Advantage (HMO-POS),0.00 ,255.00 ,7550.00 ,3.0,1,,,,CA,Orange,
H0562,092,0,Wellcare,HMO C-SNP,Wellcare Specialty Simple (HMO C-SNP),0.00 ,615.00 ,2400.00 ,3.5,1,,,,CA,Orange,
H0562,125,0,Wellcare,HMO,Wellcare Simple Focus (HMO),0.00 ,615.00 ,4000.00 ,3.5,1,,,,CA,Orange,
H0562,136,0,Wellcare,HMO,Wellcare Low Premium (HMO),46.00 ,615.00 ,4150.00 ,3.5,1,,,,CA,Orange,
H1993,001,0,Astiva Health,HMO,Astiva Health Savings Plan (HMO),0.00 ,50.00 ,3045.00 ,4.0,1,,,,CA,Orange,
H1993,007,0,Astiva Health,HMO C-SNP,Astiva Health C-SNP Deluxe (HMO C-SNP),0.00 ,0.00 ,999.00 ,4.0,1,,,,CA,Orange,
H1993,008,0,Astiva Health,HMO C-SNP,Astiva Health C-SNP WOW (HMO C-SNP),4.40 ,615.00 ,9250.00 ,4.0,1,,,,CA,Orange,
H1993,015,0,Astiva Health,HMO,Astiva Health Premier Plan (HMO),0.00 ,0.00 ,1500.00 ,4.0,1,,,,CA,Orange,
H3274,001,0,Align Senior Care,HMO I-SNP,Senior Care (HMO I-SNP),12.00 ,615.00 ,9250.00 ,Not Enough Data Available,1,,,,CA,Orange,
H3274,002,0,Align Senior Care,HMO I-SNP,Premier Care (HMO I-SNP),0.00 ,0.00 ,1900.00 ,Not Enough Data Available,1,,,,CA,Orange,
H3274,005,0,Align Senior Care,HMO,Advantage Care (HMO),0.00 ,0.00 ,1900.00 ,Not Enough Data Available,1,,,,CA,Orange,
H3561,009,0,Wellcare,HMO D-SNP,Wellcare Dual Liberty (HMO D-SNP),12.00 ,425.00 ,9250.00 ,3.5,1,,,,CA,Orange,
H3815,001,0,Alignment Health Plan,HMO,Alignment Health My Choice (HMO),0.00 ,0.00 ,498.00 ,4.0,1,,,,CA,Orange,
H3815,008,0,Alignment Health Plan,HMO,Alignment Health Platinum + Instacart (HMO),0.00 ,0.00 ,499.00 ,4.0,1,,,,CA,Orange,
H3815,010,0,Alignment Health Plan,HMO C-SNP,Alignment Health Heart & Diabetes (HMO C-SNP),0.00 ,0.00 ,1499.00 ,4.0,1,,,,CA,Orange,
H3815,013,0,Alignment Health Plan,HMO,Alignment Health smartHMO (HMO),0.00 ,0.00 ,2499.00 ,4.0,1,,,,CA,Orange,
H3815,033,0,Alignment Health Plan,HMO C-SNP,Alignment Health Balance (HMO C-SNP),0.00 ,0.00 ,1499.00 ,4.0,1,,,,CA,Orange,
H3815,034,0,Alignment Health Plan,HMO,Alignment Health the ONE (HMO),0.00 ,0.00 ,3400.00 ,4.0,1,,,,CA,Orange,
H3815,039,0,Alignment Health Plan,HMO C-SNP,Alignment Health Heart & Diabetes CalPlus (HMO C-SNP),12.00 ,615.00 ,9250.00 ,4.0,1,,,,CA,Orange,
H3815,041,0,Alignment Health Plan,HMO C-SNP,Alignment Health BreathEasy (HMO C-SNP),12.00 ,615.00 ,9250.00 ,4.0,1,,,,CA,Orange,
H3815,042,0,Alignment Health Plan,HMO C-SNP,Alignment Health Clarity (HMO C-SNP),12.00 ,615.00 ,9250.00 ,4.0,1,,,,CA,Orange,
H3815,047,0,Alignment Health Plan,HMO,Alignment Health smartSavings (HMO),0.00 ,0.00 ,2899.00 ,4.0,1,,,,CA,Orange,
H3815,049,0,Alignment Health Plan,HMO,Alignment Health My Choice Select (HMO),0.00 ,0.00 ,798.00 ,4.0,1,,,,CA,Orange,
H3815,050,0,Alignment Health Plan,HMO,Alignment Health My Choice CalCare (HMO),0.00 ,0.00 ,3499.00 ,4.0,1,,,,CA,Orange,
H3815,051,0,Alignment Health Plan,HMO C-SNP,Alignment Health Heart & Diabetes Choice (HMO C-SNP),0.70 ,615.00 ,9250.00 ,4.0,1,,,,CA,Orange,
H3815,052,0,Alignment Health Plan,HMO,Alignment Health Honor+ Plan (HMO),0.00 ,615.00 ,9250.00 ,4.0,1,,,,CA,Orange,
H3815,053,0,Alignment Health Plan,HMO,Alignment Health ValorCare (HMO),0.00 ,0.00 ,6000.00 ,4.0,1,,,,CA,Orange,
H3815,054,0,Alignment Health Plan,HMO C-SNP,Alignment Health Heart & Diabetes Care (HMO C-SNP),0.00 ,0.00 ,990.00 ,4.0,1,,,,CA,Orange,
H4161,009,0,Anthem Blue Cross Partnership Plan,HMO-POS,Anthem Prime (HMO-POS),0.00 ,0.00 ,499.00 ,3.0,1,,,,CA,Orange,
H4161,011,0,Anthem Blue Cross Partnership Plan,HMO-POS,Anthem I CareMore Medicare Advantage (HMO-POS),0.00 ,140.00 ,1000.00 ,3.0,1,,,,CA,Orange,
H4161,012,0,Anthem Blue Cross Partnership Plan,HMO-POS,Anthem I CareMore Premium Savings (HMO-POS),0.00 ,115.00 ,1000.00 ,3.0,1,,,,CA,Orange,
H4161,014,0,Anthem Blue Cross Partnership Plan,HMO-POS C-SNP,Anthem I CareMore Chronic Care 2 (HMO-POS C-SNP),0.00 ,0.00 ,499.00 ,3.0,1,,,,CA,Orange,
H4161,016,0,Anthem Blue Cross Partnership Plan,HMO-POS C-SNP,Anthem I CareMore Lung Care 2 (HMO-POS C-SNP),0.00 ,0.00 ,499.00 ,3.0,1,,,,CA,Orange,
H4982,001,0,Aetna Medicare,HMO,Aetna Medicare Signature (HMO),0.00 ,615.00 ,599.00 ,3.0,1,,,,CA,Orange,
H5087,005,0,Wellcare,HMO,Wellcare Simple (HMO),0.00 ,615.00 ,4500.00 ,3.5,1,,,,CA,Orange,
H5087,032,0,Wellcare,HMO,Wellcare Giveback (HMO),0.00 ,615.00 ,6750.00 ,3.5,1,,,,CA,Orange,
H5425,007,0,SCAN Health Plan,HMO,SCAN Classic (HMO),0.00 ,250.00 ,199.00 ,4.0,1,,,,CA,Orange,
H5425,034,0,SCAN Health Plan,HMO C-SNP,SCAN Balance (HMO C-SNP),0.00 ,250.00 ,199.00 ,4.0,1,,,,CA,Orange,
H5425,065,0,SCAN Health Plan,HMO,SCAN Prime (HMO),20.00 ,250.00 ,2499.00 ,4.0,1,,,,CA,Orange,
H5425,084,0,SCAN Health Plan,HMO,SCAN Venture (HMO),0.00 ,250.00 ,1000.00 ,4.0,1,,,,CA,Orange,
H5425,087,0,SCAN Health Plan,HMO I-SNP,SCAN Embrace (HMO I-SNP),0.00 ,0.00 ,799.00 ,4.0,1,,,,CA,Orange,
H5425,092,0,SCAN Health Plan,HMO,SCAN Affirm partnered with Included LGBTQ+ Health (HMO),0.00 ,250.00 ,199.00 ,4.0,1,,,,CA,Orange,
H5425,097,0,SCAN Health Plan,HMO C-SNP,SCAN Strive (HMO C-SNP),0.00 ,615.00 ,9250.00 ,4.0,1,,,,CA,Orange,
H5425,100,0,SCAN Health Plan,HMO,SCAN Inspired by women for women (HMO),15.00 ,250.00 ,999.00 ,4.0,1,,,,CA,Orange,
H5425,108,0,SCAN Health Plan,HMO,SCAN MyChoice (HMO),0.00 ,250.00 ,999.00 ,4.0,1,,,,CA,Orange,
H5425,131,0,SCAN Health Plan,HMO I-SNP,SCAN Embrace Together (HMO I-SNP),0.00 ,615.00 ,9250.00 ,4.0,1,,,,CA,Orange,
H5433,001,0,CalOptima Health OneCare,HMO D-SNP,CalOptima Health OneCare Complete (HMO D-SNP),12.00 ,615.00 ,9250.00 ,3.0,1,,,,CA,Orange,
H5496,005,0,"Imperial Health Plan of California, Inc.",HMO C-SNP,Imperial Senior Value (HMO C-SNP),0.00 ,0.00 ,296.00 ,3.5,1,,,,CA,Orange,
H5496,012,0,"Imperial Health Plan of California, Inc.",HMO,Imperial Dynamic Plan (HMO),0.00 ,0.00 ,296.00 ,3.5,1,,,,CA,Orange,
H5496,016,0,"Imperial Health Plan of California, Inc.",HMO,Imperial Courage Plan (HMO),Not Applicable,Not Applicable,2999.00 ,3.5,,,,,CA,Orange,
H5521,369,0,Aetna Medicare,PPO,Aetna Medicare Eagle (PPO),Not Applicable,Not Applicable,6750.00 ,4.5,,,,,CA,Orange,
H5521,419,0,Aetna Medicare,PPO,Aetna Medicare Signature (PPO),0.00 ,615.00 ,6350.00 ,4.5,1,,,,CA,Orange,
H5521,578,0,Aetna Medicare,PPO,Aetna Medicare Enhanced (PPO),59.00 ,615.00 ,5500.00 ,4.5,1,,,,CA,Orange,
H5525,057,0,Humana,PPO,Humana USAA Honor Giveback with Rx (PPO),0.00 ,615.00 ,6400.00 ,3.5,1,,,,CA,Orange,
H5525,074,0,Humana,PPO,HumanaChoice H5525-074 (PPO),34.00 ,615.00 ,3400.00 ,3.5,1,,,,CA,Orange,
H5525,075,0,Humana,PPO,HumanaChoice H5525-075 (PPO),0.00 ,615.00 ,3850.00 ,3.5,1,,,,CA,Orange,
H5525,078,0,Humana,PPO,Humana USAA Honor Giveback (PPO),Not Applicable,Not Applicable,6750.00 ,3.5,,,,,CA,Orange,
H5619,021,0,Humana,HMO,Humana Gold Plus H5619-021 (HMO),0.00 ,0.00 ,410.00 ,3.0,1,,,,CA,Orange,
H5619,121,0,Humana,HMO,Humana USAA Honor Giveback (HMO),Not Applicable,Not Applicable,5250.00 ,3.0,,,,,CA,Orange,
H5619,146,0,Humana,HMO,Humana Gold Plus Giveback H5619-146 (HMO),0.00 ,0.00 ,2700.00 ,3.0,1,,,,CA,Orange,
H5649,001,0,Central Health Medicare Plan,HMO,Central Health Medicare Plan (HMO),0.00 ,0.00 ,1100.00 ,3.0,1,,,,CA,Orange,
H5649,024,0,Central Health Medicare Plan,HMO D-SNP,Central Health Dual Access Plan (HMO D-SNP),0.00 ,550.00 ,9250.00 ,3.0,1,,,,CA,Orange,
H5649,025,1,Central Health Medicare Plan,HMO C-SNP,Central Health Embrace Care Plan (HMO C-SNP),0.00 ,615.00 ,799.00 ,3.0,1,,,,CA,Orange,
H5649,026,1,Central Health Medicare Plan,HMO C-SNP,Central Health Embrace Choice Plan (HMO C-SNP),0.00 ,615.00 ,7900.00 ,3.0,1,,,,CA,Orange,
H5649,027,0,Central Health Medicare Plan,HMO,Central Health Classic Care Plan I (HMO),0.00 ,99.00 ,799.00 ,3.0,1,,,,CA,Orange,
H5649,029,0,Central Health Medicare Plan,HMO,Central Health Part B Savings Plan (HMO),0.00 ,0.00 ,2900.00 ,3.0,1,,,,CA,Orange,
H5649,030,0,Central Health Medicare Plan,HMO,Central Health Valor Care Plan (HMO),Not Applicable,Not Applicable,4400.00 ,3.0,,,,,CA,Orange,
H5928,004,0,Blue Shield of California,HMO,Blue Shield AdvantageOptimum Plan (HMO),0.00 ,425.00 ,3100.00 ,3.5,1,,,,CA,Orange,
H6170,001,0,Champion Heath Plan,HMO-POS C-SNP,Champion Advantage (HMO-POS C-SNP),0.00 ,0.00 ,499.00 ,Not Enough Data Available,1,,,,CA,Orange,
H6170,002,0,Champion Heath Plan,HMO-POS C-SNP,Champion Connect (HMO-POS C-SNP),0.00 ,615.00 ,9250.00 ,Not Enough Data Available,1,,,,CA,Orange,
H6170,003,0,Champion Heath Plan,HMO-POS C-SNP,Champion Select (HMO-POS C-SNP),8.40 ,615.00 ,499.00 ,Not Enough Data Available,1,,,,CA,Orange,
H6170,007,0,Champion Heath Plan,HMO,Champion Ally (HMO),0.00 ,0.00 ,199.00 ,Not Enough Data Available,1,,,,CA,Orange,
H6170,008,0,Champion Heath Plan,HMO C-SNP,Champion Care (HMO C-SNP),0.00 ,0.00 ,199.00 ,Not Enough Data Available,1,,,,CA,Orange,
H6170,009,0,Champion Heath Plan,HMO C-SNP,Champion Choice (HMO C-SNP),12.00 ,615.00 ,9250.00 ,Not Enough Data Available,1,,,,CA,Orange,
H6170,010,0,Champion Heath Plan,HMO C-SNP,Champion Plus (HMO C-SNP),12.00 ,615.00 ,9250.00 ,Not Enough Data Available,1,,,,CA,Orange,
H7607,014,0,Clever Care Health Plan,HMO,Clever Care Longevity (HMO),0.00 ,0.00 ,500.00 ,4.0,1,,,,CA,Orange,
H7607,015,0,Clever Care Health Plan,HMO,Clever Care Value (HMO),0.00 ,0.00 ,2000.00 ,4.0,1,,,,CA,Orange,
H7607,016,0,Clever Care Health Plan,HMO C-SNP,Clever Care Total+ (HMO C-SNP),0.00 ,615.00 ,9250.00 ,4.0,1,,,,CA,Orange,
H7607,017,0,Clever Care Health Plan,HMO C-SNP,Clever Care Breathe+ (HMO C-SNP),0.00 ,615.00 ,9250.00 ,4.0,1,,,,CA,Orange,
H8794,001,0,Kaiser Permanente,HMO D-SNP,Kaiser Permanente Dual Complete South P1 (HMO D-SNP),0.00 ,0.00 ,9250.00 ,4.0,1,,,,CA,Orange,
H8794,010,0,Kaiser Permanente,HMO D-SNP,Kaiser Permanente Dual Complete South P10 (HMO D-SNP),0.00 ,0.00 ,9250.00 ,4.0,1,,,,CA,Orange,
H8832,001,0,Alignment Health Plan,PPO,Alignment Health Advantage PPO (PPO),45.00 ,0.00 ,4201.00 ,Plan Too New To Be Measured,1,,,,CA,Orange,
H9047,066,0,Providence Medicare Advantage Plans,HMO,Providence Medicare Sycamore + Rx (HMO),0.00 ,0.00 ,400.00 ,4.0,1,,,,CA,Orange,
H0504,028,0,Blue Shield of California,HMO,Blue Shield 65 Plus (HMO),0.00 ,250.00 ,1750.00 ,4.0,1,,,,CA,San Diego,
H0523,022,0,Aetna Medicare,HMO,Aetna Medicare Signature (HMO),0.00 ,615.00 ,2000.00 ,3.0,1,,,,CA,San Diego,
H0523,075,0,Aetna Medicare,HMO-POS,Aetna Medicare Prime (HMO-POS),0.00 ,300.00 ,1500.00 ,3.0,1,,,,CA,San Diego,
H0523,092,0,Aetna Medicare,HMO,Aetna Medicare Signature Extra (HMO),0.00 ,615.00 ,2000.00 ,3.0,1,,,,CA,San Diego,
H0524,037,0,Kaiser Permanente,HMO,Kaiser Permanente Senior Advantage San Diego (HMO),0.00 ,0.00 ,1800.00 ,4.5,1,,,,CA,San Diego,
H0524,082,0,Kaiser Permanente,HMO,Kaiser Permanente Senior Advantage San Diego Value (HMO),0.00 ,0.00 ,2900.00 ,4.5,1,,,,CA,San Diego,
H0543,013,0,UnitedHealthcare,HMO-POS,AARP Medicare Advantage from UHC CA-0001 (HMO-POS),29.00 ,355.00 ,5300.00 ,4.0,1,,,,CA,San Diego,
H0543,060,0,UnitedHealthcare,HMO-POS,AARP Medicare Advantage from UHC CA-0007 (HMO-POS),53.00 ,355.00 ,3800.00 ,4.0,1,,,,CA,San Diego,
H0543,145,0,UnitedHealthcare,HMO-POS,UHC Sharp Medicare Advantage CA-001P (HMO-POS),0.00 ,355.00 ,3300.00 ,4.0,1,,,,CA,San Diego,
H0543,152,0,UnitedHealthcare,HMO-POS,AARP Medicare Advantage from UHC CA-0012 (HMO-POS),0.00 ,355.00 ,2500.00 ,4.0,1,,,,CA,San Diego,
H0543,204,0,UnitedHealthcare,HMO-POS,UHC Sharp Medicare Advantage ValueRx CA-12P (HMO-POS),0.00 ,355.00 ,2900.00 ,4.0,1,,,,CA,San Diego,
H0543,214,0,UnitedHealthcare,HMO-POS C-SNP,UHC Complete Care CA-15P (HMO-POS C-SNP),0.00 ,355.00 ,2900.00 ,4.0,1,,,,CA,San Diego,
H0543,225,0,UnitedHealthcare,HMO-POS,AARP Medicare Advantage from UHC CA-026P (HMO-POS),0.00 ,355.00 ,2900.00 ,4.0,1,,,,CA,San Diego,
H0543,246,0,UnitedHealthcare,HMO C-SNP,UHC Complete Care Support CA-6AP (HMO C-SNP),8.50 ,615.00 ,9250.00 ,4.0,1,,,,CA,San Diego,
H0543,258,0,UnitedHealthcare,HMO-POS,AARP Medicare Advantage Patriot No Rx CA-MA2 (HMO-POS),Not Applicable,Not Applicable,4900.00 ,4.0,,,,,CA,San Diego,
H0544,065,0,Anthem Blue Cross,HMO-POS,Anthem Medicare Advantage (HMO-POS),0.00 ,0.00 ,3400.00 ,3.0,1,,,,CA,San Diego,
H0544,091,0,Anthem Blue Cross,HMO-POS,Anthem Select (HMO-POS),0.00 ,200.00 ,2500.00 ,3.0,1,,,,CA,San Diego,
H0562,012,0,Wellcare,HMO,Wellcare Low Premium (HMO),30.00 ,615.00 ,4150.00 ,3.5,1,,,,CA,San Diego,
H0562,092,0,Wellcare,HMO C-SNP,Wellcare Specialty Simple (HMO C-SNP),0.00 ,615.00 ,2400.00 ,3.5,1,,,,CA,San Diego,
H0562,137,0,Wellcare,HMO,Wellcare Low Premium (HMO),50.00 ,615.00 ,4150.00 ,3.5,1,,,,CA,San Diego,
H0976,001,0,SCAN Health Plan,HMO D-SNP,SCAN Connections (HMO D-SNP),0.00 ,375.00 ,9250.00 ,4.0,1,,,,CA,San Diego,
H0976,002,0,SCAN Health Plan,HMO D-SNP,SCAN Connections at Home (HMO D-SNP),0.00 ,375.00 ,9250.00 ,4.0,1,,,,CA,San Diego,
H1993,001,0,Astiva Health,HMO,Astiva Health Savings Plan (HMO),0.00 ,50.00 ,3045.00 ,4.0,1,,,,CA,San Diego,
H1993,007,0,Astiva Health,HMO C-SNP,Astiva Health C-SNP Deluxe (HMO C-SNP),0.00 ,0.00 ,999.00 ,4.0,1,,,,CA,San Diego,
H1993,008,0,Astiva Health,HMO C-SNP,Astiva Health C-SNP WOW (HMO C-SNP),4.40 ,615.00 ,9250.00 ,4.0,1,,,,CA,San Diego,
H1993,015,0,Astiva Health,HMO,Astiva Health Premier Plan (HMO),0.00 ,0.00 ,1500.00 ,4.0,1,,,,CA,San Diego,
H2819,001,0,Blue Shield of California,HMO D-SNP,Blue Shield TotalDual Plan (HMO D-SNP),7.00 ,615.00 ,9250.00 ,3.5,1,,,,CA,San Diego,
H3038,004,3,Molina Healthcare of California,HMO D-SNP,Molina Medicare Complete Care Plus (HMO D-SNP),0.00 ,615.00 ,9250.00 ,3.0,1,,,,CA,San Diego,
H3561,009,0,Wellcare,HMO D-SNP,Wellcare Dual Liberty (HMO D-SNP),12.00 ,425.00 ,9250.00 ,3.5,1,,,,CA,San Diego,
H3815,010,0,Alignment Health Plan,HMO C-SNP,Alignment Health Heart & Diabetes (HMO C-SNP),0.00 ,0.00 ,1499.00 ,4.0,1,,,,CA,San Diego,
H3815,013,0,Alignment Health Plan,HMO,Alignment Health smartHMO (HMO),0.00 ,0.00 ,2499.00 ,4.0,1,,,,CA,San Diego,
H3815,016,0,Alignment Health Plan,HMO-POS,Alignment Health Platinum + Instacart (HMO-POS),0.00 ,0.00 ,998.00 ,4.0,1,,,,CA,San Diego,
H3815,034,0,Alignment Health Plan,HMO,Alignment Health the ONE (HMO),0.00 ,0.00 ,3400.00 ,4.0,1,,,,CA,San Diego,
H3815,039,0,Alignment Health Plan,HMO C-SNP,Alignment Health Heart & Diabetes CalPlus (HMO C-SNP),12.00 ,615.00 ,9250.00 ,4.0,1,,,,CA,San Diego,
H3815,041,0,Alignment Health Plan,HMO C-SNP,Alignment Health BreathEasy (HMO C-SNP),12.00 ,615.00 ,9250.00 ,4.0,1,,,,CA,San Diego,
H3815,042,0,Alignment Health Plan,HMO C-SNP,Alignment Health Clarity (HMO C-SNP),12.00 ,615.00 ,9250.00 ,4.0,1,,,,CA,San Diego,
H3815,047,0,Alignment Health Plan,HMO,Alignment Health smartSavings (HMO),0.00 ,0.00 ,2899.00 ,4.0,1,,,,CA,San Diego,
H3815,050,0,Alignment Health Plan,HMO,Alignment Health My Choice CalCare (HMO),0.00 ,0.00 ,3499.00 ,4.0,1,,,,CA,San Diego,
H3815,051,0,Alignment Health Plan,HMO C-SNP,Alignment Health Heart & Diabetes Choice (HMO C-SNP),0.70 ,615.00 ,9250.00 ,4.0,1,,,,CA,San Diego,
H3815,052,0,Alignment Health Plan,HMO,Alignment Health Honor+ Plan (HMO),0.00 ,615.00 ,9250.00 ,4.0,1,,,,CA,San Diego,
H3815,053,0,Alignment Health Plan,HMO,Alignment Health ValorCare (HMO),0.00 ,0.00 ,6000.00 ,4.0,1,,,,CA,San Diego,
H3815,054,0,Alignment Health Plan,HMO C-SNP,Alignment Health Heart & Diabetes Care (HMO C-SNP),0.00 ,0.00 ,990.00 ,4.0,1,,,,CA,San Diego,
H3815,056,0,Alignment Health Plan,HMO,Alignment Health S.D. Premium Giveback (HMO),0.00 ,615.00 ,2400.00 ,4.0,1,,,,CA,San Diego,
H4161,003,0,Anthem Blue Cross Partnership Plan,HMO-POS,Anthem Prime (HMO-POS),0.00 ,0.00 ,2000.00 ,3.0,1,,,,CA,San Diego,
H4733,001,0,Community Health Group,HMO D-SNP,CommuniCare Advantage (HMO D-SNP),12.00 ,615.00 ,9250.00 ,3.5,1,,,,CA,San Diego,
H4982,004,0,Aetna Medicare,HMO,Aetna Medicare Signature (HMO),0.00 ,615.00 ,2000.00 ,3.0,1,,,,CA,San Diego,
H5386,003,0,Sharp Health Plan,HMO,Sharp Direct Advantage Gold (HMO),0.00 ,350.00 ,2900.00 ,3.5,1,,,,CA,San Diego,
H5386,004,0,Sharp Health Plan,HMO,Sharp Direct Advantage Platinum (HMO),62.00 ,350.00 ,2900.00 ,3.5,1,,,,CA,San Diego,
H5386,005,0,Sharp Health Plan,HMO,Sharp Direct Advantage VIP (HMO),0.00 ,350.00 ,2900.00 ,3.5,1,,,,CA,San Diego,
H5386,006,0,Sharp Health Plan,HMO,Sharp Direct Advantage VIP Plus (HMO),0.00 ,350.00 ,2900.00 ,3.5,1,,,,CA,San Diego,
H5425,005,0,SCAN Health Plan,HMO,SCAN Classic (HMO),0.00 ,250.00 ,3400.00 ,4.0,1,,,,CA,San Diego,
H5425,082,0,SCAN Health Plan,HMO,SCAN Alta (HMO),0.00 ,250.00 ,500.00 ,4.0,1,,,,CA,San Diego,
H5425,096,0,SCAN Health Plan,HMO,SCAN Affirm partnered with Included LGBTQ+ Health (HMO),0.00 ,250.00 ,500.00 ,4.0,1,,,,CA,San Diego,
H5425,097,0,SCAN Health Plan,HMO C-SNP,SCAN Strive (HMO C-SNP),0.00 ,615.00 ,9250.00 ,4.0,1,,,,CA,San Diego,
H5425,105,0,SCAN Health Plan,HMO C-SNP,SCAN Balance (HMO C-SNP),0.00 ,250.00 ,500.00 ,4.0,1,,,,CA,San Diego,
H5425,109,0,SCAN Health Plan,HMO,SCAN MyChoice (HMO),0.00 ,250.00 ,1000.00 ,4.0,1,,,,CA,San Diego,
H5425,134,0,SCAN Health Plan,HMO,SCAN Select (HMO),75.00 ,250.00 ,3400.00 ,4.0,1,,,,CA,San Diego,
H5496,005,0,"Imperial Health Plan of California, Inc.",HMO C-SNP,Imperial Senior Value (HMO C-SNP),0.00 ,0.00 ,296.00 ,3.5,1,,,,CA,San Diego,
H5496,012,0,"Imperial Health Plan of California, Inc.",HMO,Imperial Dynamic Plan (HMO),0.00 ,0.00 ,296.00 ,3.5,1,,,,CA,San Diego,
H5496,016,0,"Imperial Health Plan of California, Inc.",HMO,Imperial Courage Plan (HMO),Not Applicable,Not Applicable,2999.00 ,3.5,,,,,CA,San Diego,
H5521,369,0,Aetna Medicare,PPO,Aetna Medicare Eagle (PPO),Not Applicable,Not Applicable,6750.00 ,4.5,,,,,CA,San Diego,
H5521,422,0,Aetna Medicare,PPO,Aetna Medicare Signature (PPO),0.00 ,615.00 ,6350.00 ,4.5,1,,,,CA,San Diego,
H5521,580,0,Aetna Medicare,PPO,Aetna Medicare Enhanced (PPO),59.00 ,615.00 ,5500.00 ,4.5,1,,,,CA,San Diego,
H5525,057,0,Humana,PPO,Humana USAA Honor Giveback with Rx (PPO),0.00 ,615.00 ,6400.00 ,3.5,1,,,,CA,San Diego,
H5525,077,0,Humana,PPO,HumanaChoice H5525-077 (PPO),0.00 ,615.00 ,5700.00 ,3.5,1,,,,CA,San Diego,
H5525,078,0,Humana,PPO,Humana USAA Honor Giveback (PPO),Not Applicable,Not Applicable,6750.00 ,3.5,,,,,CA,San Diego,
H5619,016,0,Humana,HMO,Humana Gold Plus H5619-016 (HMO),0.00 ,615.00 ,1900.00 ,3.0,1,,,,CA,San Diego,
H5619,121,0,Humana,HMO,Humana USAA Honor Giveback (HMO),Not Applicable,Not Applicable,5250.00 ,3.0,,,,,CA,San Diego,
H5619,148,0,Humana,HMO,Humana Gold Plus H5619-148 (HMO),0.00 ,615.00 ,2900.00 ,3.0,1,,,,CA,San Diego,
H5619,150,0,Humana,HMO,Humana Gold Plus Giveback H5619-150 (HMO),0.00 ,0.00 ,5000.00 ,3.0,1,,,,CA,San Diego,
H5649,025,1,Central Health Medicare Plan,HMO C-SNP,Central Health Embrace Care Plan (HMO C-SNP),0.00 ,615.00 ,799.00 ,3.0,1,,,,CA,San Diego,
H5649,026,1,Central Health Medicare Plan,HMO C-SNP,Central Health Embrace Choice Plan (HMO C-SNP),0.00 ,615.00 ,7900.00 ,3.0,1,,,,CA,San Diego,
H5649,027,0,Central Health Medicare Plan,HMO,Central Health Classic Care Plan I (HMO),0.00 ,99.00 ,799.00 ,3.0,1,,,,CA,San Diego,
H5649,029,0,Central Health Medicare Plan,HMO,Central Health Part B Savings Plan (HMO),0.00 ,0.00 ,2900.00 ,3.0,1,,,,CA,San Diego,
H5649,030,0,Central Health Medicare Plan,HMO,Central Health Valor Care Plan (HMO),Not Applicable,Not Applicable,4400.00 ,3.0,,,,,CA,San Diego,
H5810,014,0,Molina Healthcare of California,HMO,Molina Medicare Choice Care (HMO),0.00 ,0.00 ,3600.00 ,3.0,1,,,,CA,San Diego,
H5928,010,0,Blue Shield of California,HMO,Blue Shield AdvantageOptimum Plan 1 (HMO),0.00 ,425.00 ,4200.00 ,3.5,1,,,,CA,San Diego,
H6170,001,0,Champion Heath Plan,HMO-POS C-SNP,Champion Advantage (HMO-POS C-SNP),0.00 ,0.00 ,499.00 ,Not Enough Data Available,1,,,,CA,San Diego,
H6170,002,0,Champion Heath Plan,HMO-POS C-SNP,Champion Connect (HMO-POS C-SNP),0.00 ,615.00 ,9250.00 ,Not Enough Data Available,1,,,,CA,San Diego,
H6170,003,0,Champion Heath Plan,HMO-POS C-SNP,Champion Select (HMO-POS C-SNP),8.40 ,615.00 ,499.00 ,Not Enough Data Available,1,,,,CA,San Diego,
H6170,007,0,Champion Heath Plan,HMO,Champion Ally (HMO),0.00 ,0.00 ,199.00 ,Not Enough Data Available,1,,,,CA,San Diego,
H6170,008,0,Champion Heath Plan,HMO C-SNP,Champion Care (HMO C-SNP),0.00 ,0.00 ,199.00 ,Not Enough Data Available,1,,,,CA,San Diego,
H6170,009,0,Champion Heath Plan,HMO C-SNP,Champion Choice (HMO C-SNP),12.00 ,615.00 ,9250.00 ,Not Enough Data Available,1,,,,CA,San Diego,
H6170,010,0,Champion Heath Plan,HMO C-SNP,Champion Plus (HMO C-SNP),12.00 ,615.00 ,9250.00 ,Not Enough Data Available,1,,,,CA,San Diego,
H6248,001,0,Community Health Group,HMO C-SNP,Community y Más (HMO C-SNP),0.00 ,0.00 ,1000.00 ,Not Enough Data Available,1,,,,CA,San Diego,
H7607,014,0,Clever Care Health Plan,HMO,Clever Care Longevity (HMO),0.00 ,0.00 ,500.00 ,4.0,1,,,,CA,San Diego,
H7607,015,0,Clever Care Health Plan,HMO,Clever Care Value (HMO),0.00 ,0.00 ,2000.00 ,4.0,1,,,,CA,San Diego,
H7607,016,0,Clever Care Health Plan,HMO C-SNP,Clever Care Total+ (HMO C-SNP),0.00 ,615.00 ,9250.00 ,4.0,1,,,,CA,San Diego,
H7607,017,0,Clever Care Health Plan,HMO C-SNP,Clever Care Breathe+ (HMO C-SNP),0.00 ,615.00 ,9250.00 ,4.0,1,,,,CA,San Diego,
H8552,028,0,Anthem Blue Cross Life and Health Insurance Company,PPO C-SNP,Anthem Kidney Care (PPO C-SNP),0.00 ,0.00 ,9250.00 ,2.5,1,,,,CA,San Diego,
H8794,001,0,Kaiser Permanente,HMO D-SNP,Kaiser Permanente Dual Complete South P1 (HMO D-SNP),0.00 ,0.00 ,9250.00 ,4.0,1,,,,CA,San Diego,
H8832,001,0,Alignment Health Plan,PPO,Alignment Health Advantage PPO (PPO),45.00 ,0.00 ,4201.00 ,Plan Too New To Be Measured,1,,,,CA,San Diego,
H8832,003,0,Alignment Health Plan,PPO,Alignment Health Freedom (PPO),12.00 ,615.00 ,8500.00 ,Plan Too New To Be Measured,1,,,,CA,San Diego,
H0710,010,0,UnitedHealthcare,PPO I-SNP,UHC Nursing Home Plan FL-F001 (PPO I-SNP),4.80 ,615.00 ,9250.00 ,4.5,1,,,,FL,Broward,
H0982,007,0,Solis Health Plans,HMO,Solis Healthy Living Plan (HMO),0.00 ,0.00 ,2900.00 ,4.5,1,,,,FL,Broward,
H0982,012,0,Solis Health Plans,HMO D-SNP,Solis Guardian Plan (HMO D-SNP),4.80 ,615.00 ,3400.00 ,4.5,1,,,,FL,Broward,
H0982,017,0,Solis Health Plans,HMO C-SNP,Solis Wellness Plan (HMO C-SNP),0.00 ,0.00 ,2900.00 ,4.5,1,,,,FL,Broward,
H0982,030,0,Solis Health Plans,HMO C-SNP,Solis Wellness Giveback Plan (HMO C-SNP),0.00 ,0.00 ,3400.00 ,4.5,1,,,,FL,Broward,
H1019,001,0,"CarePlus Health Plans, Inc.",HMO-POS,CareOne Plus (HMO-POS),0.00 ,0.00 ,2000.00 ,4.5,1,,,,FL,Broward,
H1019,023,0,"CarePlus Health Plans, Inc.",HMO D-SNP,CareNeeds Platinum (HMO D-SNP),0.00 ,0.00 ,3400.00 ,4.5,1,,,,FL,Broward,
H1019,065,0,"CarePlus Health Plans, Inc.",HMO,CareFree Giveback (HMO),0.00 ,0.00 ,5000.00 ,4.5,1,,,,FL,Broward,
H1019,124,0,"CarePlus Health Plans, Inc.",HMO-POS C-SNP,CareBreeze Platinum (HMO-POS C-SNP),0.00 ,0.00 ,3400.00 ,4.5,1,,,,FL,Broward,
H1019,130,0,"CarePlus Health Plans, Inc.",HMO-POS C-SNP,CareComplete Platinum (HMO-POS C-SNP),0.00 ,0.00 ,3400.00 ,4.5,1,,,,FL,Broward,
H1019,132,0,"CarePlus Health Plans, Inc.",HMO,CareSalute (HMO),Not Applicable,Not Applicable,3900.00 ,4.5,,,,,FL,Broward,
H1019,135,0,"CarePlus Health Plans, Inc.",HMO-POS,CareFree Platinum Giveback (HMO-POS),0.00 ,0.00 ,3400.00 ,4.5,1,,,,FL,Broward,
H1019,148,0,"CarePlus Health Plans, Inc.",HMO,CareAccess (HMO),0.00 ,0.00 ,2250.00 ,4.5,1,,,,FL,Broward,
H1019,150,0,"CarePlus Health Plans, Inc.",HMO C-SNP,CareComplete (HMO C-SNP),0.00 ,615.00 ,2000.00 ,4.5,1,,,,FL,Broward,
H1019,152,0,"CarePlus Health Plans, Inc.",HMO D-SNP,CareNeeds Extra (HMO D-SNP),0.00 ,0.00 ,9250.00 ,4.5,1,,,,FL,Broward,
H1019,154,0,"CarePlus Health Plans, Inc.",HMO C-SNP,CareBreeze (HMO C-SNP),0.00 ,615.00 ,2000.00 ,4.5,1,,,,FL,Broward,
H1032,195,0,Wellcare,HMO,Wellcare Giveback (HMO),0.00 ,615.00 ,5000.00 ,4.0,1,,,,FL,Broward,
H1032,196,0,Wellcare,HMO,Wellcare Simple (HMO),0.00 ,615.00 ,2500.00 ,4.0,1,,,,FL,Broward,
H1032,202,0,Wellcare,HMO D-SNP,Wellcare Dual Reserve (HMO D-SNP),4.80 ,615.00 ,3000.00 ,4.0,1,,,,FL,Broward,
H1032,239,0,Wellcare,HMO,Wellcare Patriot Giveback (HMO),Not Applicable,Not Applicable,5000.00 ,4.0,,,,,FL,Broward,
H1032,244,1,Wellcare,HMO D-SNP,Wellcare Dual Access Sync (HMO D-SNP),4.80 ,615.00 ,9250.00 ,4.0,1,,,,FL,Broward,
H1032,245,1,Wellcare,HMO D-SNP,Wellcare Sunshine Health Dual Align (HMO D-SNP),4.80 ,615.00 ,9250.00 ,4.0,1,,,,FL,Broward,
H1035,019,0,Florida Blue HMO,HMO,BlueMedicare Classic (HMO),0.00 ,615.00 ,6750.00 ,4.0,1,,,,FL,Broward,
H1035,025,0,Florida Blue HMO,HMO,BlueMedicare Premier (HMO),0.00 ,615.00 ,4500.00 ,4.0,1,,,,FL,Broward,
H1036,065,0,Humana,HMO,Humana Gold Plus H1036-065C (HMO),0.00 ,0.00 ,1000.00 ,4.5,1,,,,FL,Broward,
H1036,077,0,Humana,HMO D-SNP,Humana Gold Plus SNP-DE H1036-077A (HMO D-SNP),0.00 ,250.00 ,3400.00 ,4.5,1,,,,FL,Broward,
H1036,121,0,Humana,HMO C-SNP,Humana Gold Plus - Diabetes and Heart (HMO C-SNP),0.00 ,0.00 ,2450.00 ,4.5,1,,,,FL,Broward,
H1036,279,0,Humana,HMO,Humana USAA Honor Giveback (HMO),Not Applicable,Not Applicable,3400.00 ,4.5,,,,,FL,Broward,
H1036,280,0,Humana,HMO D-SNP,Humana Fully Integrated H1036-280 (HMO D-SNP),0.00 ,20.00 ,3400.00 ,4.5,1,,,,FL,Broward,
H1036,297,0,Humana,HMO C-SNP,Humana Gold Plus Lung (HMO C-SNP),0.00 ,0.00 ,2450.00 ,4.5,1,,,,FL,Broward,
H1036,304,0,Humana,HMO D-SNP,Humana Gold Plus SNP-DE H1036-304 (HMO D-SNP),0.00 ,400.00 ,3400.00 ,4.5,1,,,,FL,Broward,
H1036,305,0,Humana,HMO,Humana Gold Plus Giveback H1036-305 (HMO),0.00 ,0.00 ,3850.00 ,4.5,1,,,,FL,Broward,
H1036,339,0,Humana,HMO D-SNP,Humana Dual Integrated (HMO D-SNP),0.00 ,0.00 ,9250.00 ,4.5,1,,,,FL,Broward,
H1045,005,0,UnitedHealthcare,HMO,UHC Preferred Medicare Advantage FL-0002 (HMO),0.00 ,270.00 ,2900.00 ,4.5,1,,,,FL,Broward,
H1045,012,0,UnitedHealthcare,HMO D-SNP,UHC Preferred Dual Complete FL-D001 (HMO D-SNP),4.80 ,615.00 ,9250.00 ,4.5,1,,,,FL,Broward,
H1045,061,0,UnitedHealthcare,HMO D-SNP,UHC Preferred Dual Complete FL-V1 (HMO D-SNP),4.80 ,615.00 ,2900.00 ,4.5,1,,,,FL,Broward,
H1045,063,0,UnitedHealthcare,HMO-POS D-SNP,UHC Preferred Dual Complete FL-Y2 (HMO-POS D-SNP),4.80 ,615.00 ,9250.00 ,4.5,1,,,,FL,Broward,
H1290,002,0,Devoted Health,HMO,DEVOTED CORE 002 FL (HMO),0.00 ,595.00 ,3900.00 ,5.0,1,,,,FL,Broward,
H1290,014,0,Devoted Health,HMO,DEVOTED GIVEBACK 014 FL (HMO),0.00 ,605.00 ,6750.00 ,5.0,1,,,,FL,Broward,
H1290,020,0,Devoted Health,HMO D-SNP,DEVOTED DUAL 020 FL (HMO D-SNP),4.80 ,615.00 ,3900.00 ,5.0,1,,,,FL,Broward,
H1290,037,2,Devoted Health,HMO,DEVOTED PREMIUM 037 FL (HMO),4.80 ,615.00 ,3900.00 ,5.0,1,,,,FL,Broward,
H1290,054,0,Devoted Health,HMO D-SNP,DEVOTED DUAL PLUS 054 FL (HMO D-SNP),4.80 ,615.00 ,9250.00 ,5.0,1,,,,FL,Broward,
H1290,056,0,Devoted Health,HMO,DEVOTED CORE 056 FL (HMO),0.00 ,0.00 ,3900.00 ,5.0,1,,,,FL,Broward,
H1290,073,0,Devoted Health,HMO C-SNP,DEVOTED C-SNP PREMIUM 073 FL (HMO C-SNP),4.80 ,615.00 ,3900.00 ,5.0,1,,,,FL,Broward,
H1290,077,0,Devoted Health,HMO D-SNP,DEVOTED DUAL FULL 077 FL (HMO D-SNP),0.00 ,615.00 ,9250.00 ,5.0,1,,,,FL,Broward,
H1290,084,0,Devoted Health,HMO C-SNP,DEVOTED C-SNP PLUS 084 FL (HMO C-SNP),4.80 ,615.00 ,9250.00 ,5.0,1,,,,FL,Broward,
H1526,001,0,Gold Kidney Health Plan,HMO-POS C-SNP,Gold Heart & Diabetes (HMO-POS C-SNP),0.00 ,0.00 ,2700.00 ,Not Enough Data Available,1,,,,FL,Broward,
H1526,002,0,Gold Kidney Health Plan,HMO-POS C-SNP,Gold Heart & Diabetes Complete (HMO-POS C-SNP),0.00 ,615.00 ,9250.00 ,Not Enough Data Available,1,,,,FL,Broward,
H1526,003,0,Gold Kidney Health Plan,HMO-POS C-SNP,Gold Dialysis & Kidney (HMO-POS C-SNP),0.00 ,0.00 ,3100.00 ,Not Enough Data Available,1,,,,FL,Broward,
H1526,004,0,Gold Kidney Health Plan,HMO-POS C-SNP,Gold Dialysis & Kidney Complete (HMO-POS C-SNP),4.80 ,615.00 ,9250.00 ,Not Enough Data Available,1,,,,FL,Broward,
H1609,017,0,Aetna Medicare,HMO D-SNP,Aetna Medicare Dual Select (HMO D-SNP),3.90 ,615.00 ,9250.00 ,4.5,1,,,,FL,Broward,
H1609,018,0,Aetna Medicare,HMO,Aetna Medicare Select (HMO),0.00 ,0.00 ,2900.00 ,4.5,1,,,,FL,Broward,
H1609,028,0,Aetna Medicare,HMO-POS,Aetna Medicare Select Extra (HMO-POS),0.00 ,615.00 ,6750.00 ,4.5,1,,,,FL,Broward,
H1609,043,0,Aetna Medicare,HMO D-SNP,Aetna Medicare Dual Select (HMO D-SNP),0.00 ,615.00 ,9250.00 ,4.5,1,,,,FL,Broward,
H1609,073,0,Aetna Medicare,HMO D-SNP,Aetna Medicare Full Dual Select (HMO D-SNP),1.30 ,615.00 ,9250.00 ,4.5,1,,,,FL,Broward,
H1609,080,0,Aetna Medicare,HMO C-SNP,Aetna Medicare Chronic Care (HMO C-SNP),0.00 ,200.00 ,3900.00 ,4.5,1,,,,FL,Broward,
H1644,001,0,Longevity Health Plan,HMO I-SNP,Longevity Health Plan (HMO I-SNP),4.80 ,615.00 ,9250.00 ,Not Enough Data Available,1,,,,FL,Broward,
H1889,002,2,UnitedHealthcare,PPO D-SNP,UHC Dual Complete FL-D003 (PPO D-SNP),4.80 ,615.00 ,9250.00 ,4.0,1,,,,FL,Broward,
H1889,026,0,UnitedHealthcare,PPO D-SNP,UHC Dual Complete FL-Y4 (PPO D-SNP),4.80 ,615.00 ,9250.00 ,4.0,1,,,,FL,Broward,
H4140,012,0,"Doctors HealthCare Plans, Inc.",HMO,DrSelect (HMO),0.00 ,0.00 ,3000.00 ,4.5,1,,,,FL,Broward,
H4140,013,0,"Doctors HealthCare Plans, Inc.",HMO D-SNP,DrFlex (HMO D-SNP),1.10 ,615.00 ,3400.00 ,4.5,1,,,,FL,Broward,
H4140,019,0,"Doctors HealthCare Plans, Inc.",HMO,DrElite-SFL (HMO),0.00 ,0.00 ,3400.00 ,4.5,1,,,,FL,Broward,
H5216,068,0,Humana,PPO,HumanaChoice Florida H5216-068 (PPO),0.00 ,615.00 ,3900.00 ,3.5,1,,,,FL,Broward,
H5216,256,0,Humana,PPO,Humana USAA Honor Giveback (PPO),Not Applicable,Not Applicable,4900.00 ,3.5,,,,,FL,Broward,
H5216,311,0,Humana,PPO,Humana Full Access Giveback H5216-311 (PPO),0.00 ,600.00 ,6700.00 ,3.5,1,,,,FL,Broward,
H5216,467,0,Humana,PPO,Humana USAA Honor Giveback (PPO),Not Applicable,Not Applicable,6750.00 ,3.5,,,,,FL,Broward,
H5410,056,0,HealthSpring,HMO D-SNP,HealthSpring TotalCare (HMO D-SNP),4.80 ,615.00 ,3500.00 ,3.5,1,,,,FL,Broward,
H5410,060,0,HealthSpring,HMO,HealthSpring Preferred (HMO),0.00 ,615.00 ,6750.00 ,3.5,1,,,,FL,Broward,
H5420,003,0,UnitedHealthcare,HMO,UHC MedicareMax Medicare Advantage FL-0029 (HMO),0.00 ,340.00 ,2900.00 ,4.5,1,,,,FL,Broward,
H5420,006,0,UnitedHealthcare,HMO D-SNP,UHC MedicareMax Dual Complete FL-D4 (HMO D-SNP),4.80 ,615.00 ,9250.00 ,4.5,1,,,,FL,Broward,
H5420,014,0,UnitedHealthcare,HMO C-SNP,UHC MedicareMax Complete Care FL-30 (HMO C-SNP),0.00 ,0.00 ,3400.00 ,4.5,1,,,,FL,Broward,
H5420,015,0,UnitedHealthcare,HMO D-SNP,UHC MedicareMax Dual Complete FL-V3 (HMO D-SNP),4.80 ,615.00 ,3400.00 ,4.5,1,,,,FL,Broward,
H5420,016,0,UnitedHealthcare,HMO-POS D-SNP,UHC MedicareMax Dual Complete FL-Y6 (HMO-POS D-SNP),4.80 ,615.00 ,9250.00 ,4.5,1,,,,FL,Broward,
H5427,078,0,"Freedom Health, Inc.",HMO D-SNP,Freedom Medi-Medi Partial (HMO D-SNP),0.00 ,615.00 ,500.00 ,4.5,1,,,,FL,Broward,
H5427,082,0,"Freedom Health, Inc.",HMO C-SNP,Freedom VIP Savings (HMO C-SNP),0.00 ,0.00 ,3400.00 ,4.5,1,,,,FL,Broward,
H5427,083,0,"Freedom Health, Inc.",HMO C-SNP,Freedom VIP Savings COPD (HMO C-SNP),0.00 ,0.00 ,3400.00 ,4.5,1,,,,FL,Broward,
H5427,087,0,"Freedom Health, Inc.",HMO D-SNP,Freedom Medi-Medi Full (HMO D-SNP),0.00 ,615.00 ,500.00 ,4.5,1,,,,FL,Broward,
H5431,006,0,"HealthSun Health Plans, Inc.",HMO,HealthSun MediMax (HMO),0.00 ,0.00 ,3450.00 ,4.5,1,,,,FL,Broward,
H5431,012,0,"HealthSun Health Plans, Inc.",HMO,HealthSun HealthAdvantage Plan (HMO),0.00 ,0.00 ,2500.00 ,4.5,1,,,,FL,Broward,
H5431,018,0,"HealthSun Health Plans, Inc.",HMO,HealthSun HealthAdvantage Plus (HMO),0.00 ,0.00 ,3450.00 ,4.5,1,,,,FL,Broward,
H5431,019,0,"HealthSun Health Plans, Inc.",HMO D-SNP,HealthSun MediSun Extra (HMO D-SNP),0.00 ,0.00 ,3450.00 ,4.5,1,,,,FL,Broward,
H5431,021,0,"HealthSun Health Plans, Inc.",HMO C-SNP,HealthSun VitalCare (HMO C-SNP),0.00 ,0.00 ,1900.00 ,4.5,1,,,,FL,Broward,
H5431,026,0,"HealthSun Health Plans, Inc.",HMO D-SNP,HealthSun MediSun Full Dual Extra (HMO D-SNP),0.00 ,0.00 ,3450.00 ,4.5,1,,,,FL,Broward,
H5434,002,0,Florida Blue,PPO,BlueMedicare Select (PPO),153.70 ,615.00 ,6750.00 ,3.5,1,,,,FL,Broward,
H5434,026,0,Florida Blue,PPO,BlueMedicare Value (PPO),0.00 ,615.00 ,9250.00 ,3.5,1,,,,FL,Broward,
H5434,044,0,Florida Blue,PPO,BlueMedicare Patriot (PPO),Not Applicable,Not Applicable,6750.00 ,3.5,,,,,FL,Broward,
H5471,076,0,"Simply Healthcare Plans, Inc.",HMO D-SNP,Simply Complete (HMO D-SNP),4.80 ,615.00 ,500.00 ,4.5,1,,,,FL,Broward,
H5471,077,0,"Simply Healthcare Plans, Inc.",HMO,Simply More (HMO),0.00 ,0.00 ,3450.00 ,4.5,1,,,,FL,Broward,
H5471,080,0,"Simply Healthcare Plans, Inc.",HMO C-SNP,Simply Level (HMO C-SNP),0.00 ,0.00 ,3450.00 ,4.5,1,,,,FL,Broward,
H5471,123,0,"Simply Healthcare Plans, Inc.",HMO,Simply Extra Platinum (HMO),0.00 ,0.00 ,3200.00 ,4.5,1,,,,FL,Broward,
H5471,124,0,"Simply Healthcare Plans, Inc.",HMO,Simply More Platinum (HMO),0.00 ,0.00 ,3850.00 ,4.5,1,,,,FL,Broward,
H5471,125,0,"Simply Healthcare Plans, Inc.",HMO D-SNP,Simply Complete Platinum (HMO D-SNP),4.80 ,615.00 ,500.00 ,4.5,1,,,,FL,Broward,
H5471,126,0,"Simply Healthcare Plans, Inc.",HMO C-SNP,Simply Level Platinum (HMO C-SNP),0.00 ,0.00 ,3450.00 ,4.5,1,,,,FL,Broward,
H5471,130,0,"Simply Healthcare Plans, Inc.",HMO D-SNP,Simply Integrated (HMO D-SNP),4.80 ,615.00 ,500.00 ,4.5,1,,,,FL,Broward,
H5471,137,0,"Simply Healthcare Plans, Inc.",HMO D-SNP,Simply Integrated Platinum (HMO D-SNP),4.80 ,615.00 ,500.00 ,4.5,1,,,,FL,Broward,
H5521,306,0,Aetna Medicare,PPO,Aetna Medicare Eagle Giveback (PPO),Not Applicable,Not Applicable,6750.00 ,4.5,,,,,FL,Broward,
H5594,001,0,"Optimum HealthCare, Inc.",HMO,Optimum Gold Rewards Plan (HMO),0.00 ,0.00 ,1900.00 ,4.5,1,,,,FL,Broward,
H5594,002,0,"Optimum HealthCare, Inc.",HMO,Optimum Platinum Plan (HMO),0.00 ,0.00 ,1000.00 ,4.5,1,,,,FL,Broward,
H5594,016,0,"Optimum HealthCare, Inc.",HMO D-SNP,Optimum Emerald Partial (HMO D-SNP),0.00 ,615.00 ,500.00 ,4.5,1,,,,FL,Broward,
H5594,017,0,"Optimum HealthCare, Inc.",HMO D-SNP,Optimum Emerald Full (HMO D-SNP),0.00 ,615.00 ,500.00 ,4.5,1,,,,FL,Broward,
H6378,001,0,AmeriHealth Caritas VIP Care (HMO-D-SNP),HMO D-SNP,AmeriHealth Caritas VIP Care (HMO D-SNP),4.80 ,615.00 ,9250.00 ,Not Enough Data Available,1,,,,FL,Broward,
H6652,001,0,American Health Advantage of Florida,HMO I-SNP,American Health Advantage of Florida (HMO I-SNP),4.80 ,615.00 ,9250.00 ,Not Enough Data Available,1,,,,FL,Broward,
H7284,008,0,Humana,PPO,HumanaChoice Florida H7284-008 (PPO),39.00 ,615.00 ,4150.00 ,3.5,1,,,,FL,Broward,
H7284,010,0,Humana,PPO D-SNP,HumanaChoice Florida SNP-DE H7284-010 (PPO D-SNP),4.80 ,615.00 ,4900.00 ,3.5,1,,,,FL,Broward,
H7617,107,0,Humana,PPO,HumanaChoice Florida H7617-107 (PPO),0.00 ,615.00 ,3900.00 ,4.5,1,,,,FL,Broward,
H7617,108,0,Humana,PPO,Humana USAA Honor Giveback (PPO),Not Applicable,Not Applicable,6750.00 ,4.5,,,,,FL,Broward,
H7617,110,0,Humana,PPO,Humana Full Access Giveback H7617-110 (PPO),0.00 ,600.00 ,6700.00 ,4.5,1,,,,FL,Broward,
H7617,113,0,Humana,PPO D-SNP,HumanaChoice Florida SNP-DE H7617-113 (PPO D-SNP),0.00 ,615.00 ,4900.00 ,4.5,1,,,,FL,Broward,
H9917,001,0,Align Senior Care,HMO I-SNP,Senior Care (HMO I-SNP),4.80 ,615.00 ,9250.00 ,Not Enough Data Available,1,,,,FL,Broward,
H9917,004,0,Align Senior Care,HMO I-SNP,Premier Care (HMO I-SNP),0.00 ,450.00 ,2200.00 ,Not Enough Data Available,1,,,,FL,Broward,
H9986,001,0,Florida Complete Care,HMO I-SNP,Florida Complete Care (HMO I-SNP),4.80 ,615.00 ,3400.00 ,Not Enough Data Available,1,,,,FL,Broward,
H9986,002,0,Florida Complete Care,HMO-POS I-SNP,Florida Complete Care- In The Community (HMO-POS I-SNP),4.80 ,615.00 ,3400.00 ,Not Enough Data Available,1,,,,FL,Broward,
H9986,004,2,Florida Complete Care,HMO-POS D-SNP,Florida Complete Care-Duals VIP (HMO-POS D-SNP),4.80 ,615.00 ,3400.00 ,Not Enough Data Available,1,,,,FL,Broward,
R0759,001,0,UnitedHealthcare,Regional PPO,AARP Medicare Advantage from UHC FL-0031 (Regional PPO),62.00 ,600.00 ,9250.00 ,3.5,1,,,,FL,Broward,
R0759,002,0,UnitedHealthcare,Regional PPO,AARP Medicare Advantage Patriot No Rx FL-MA01 (Regional PPO),Not Applicable,Not Applicable,9250.00 ,3.5,,,,,FL,Broward,
R0759,003,0,UnitedHealthcare,Regional PPO D-SNP,UHC Dual Complete FL-D005 (Regional PPO D-SNP),4.80 ,615.00 ,9250.00 ,3.5,1,,,,FL,Broward,
R5826,005,0,Humana,Regional PPO,HumanaChoice R5826-005 (Regional PPO),184.00 ,615.00 ,6700.00 ,3.5,1,,,,FL,Broward,
R5826,018,0,Humana,Regional PPO,HumanaChoice R5826-018 (Regional PPO),Not Applicable,Not Applicable,7550.00 ,3.5,,,,,FL,Broward,
R5826,074,0,Humana,Regional PPO,HumanaChoice R5826-074 (Regional PPO),41.00 ,615.00 ,7550.00 ,3.5,1,,,,FL,Broward,
H0710,010,0,UnitedHealthcare,PPO I-SNP,UHC Nursing Home Plan FL-F001 (PPO I-SNP),4.80 ,615.00 ,9250.00 ,4.5,1,,,,FL,Miami-Dade,
H0982,002,0,Solis Health Plans,HMO D-SNP,Solis Guardian Plan (HMO D-SNP),0.00 ,615.00 ,3400.00 ,4.5,1,,,,FL,Miami-Dade,
H0982,016,0,Solis Health Plans,HMO C-SNP,Solis Wellness Plan (HMO C-SNP),0.00 ,0.00 ,2500.00 ,4.5,1,,,,FL,Miami-Dade,
H0982,022,0,Solis Health Plans,HMO,Solis Healthy Living Plan (HMO),0.00 ,0.00 ,2500.00 ,4.5,1,,,,FL,Miami-Dade,
H0982,027,0,Solis Health Plans,HMO C-SNP,Solis Balanced Plan (HMO C-SNP),3.00 ,0.00 ,2500.00 ,4.5,1,,,,FL,Miami-Dade,
H0982,028,0,Solis Health Plans,HMO C-SNP,Solis Wellness Giveback Plan (HMO C-SNP),0.00 ,0.00 ,2500.00 ,4.5,1,,,,FL,Miami-Dade,
H1019,006,0,"CarePlus Health Plans, Inc.",HMO,CareOne Plus (HMO),0.00 ,0.00 ,500.00 ,4.5,1,,,,FL,Miami-Dade,
H1019,023,0,"CarePlus Health Plans, Inc.",HMO D-SNP,CareNeeds Platinum (HMO D-SNP),0.00 ,0.00 ,3400.00 ,4.5,1,,,,FL,Miami-Dade,
H1019,121,0,"CarePlus Health Plans, Inc.",HMO C-SNP,CareComplete Platinum (HMO C-SNP),0.00 ,0.00 ,2000.00 ,4.5,1,,,,FL,Miami-Dade,
H1019,123,0,"CarePlus Health Plans, Inc.",HMO C-SNP,CareBreeze Platinum (HMO C-SNP),0.00 ,0.00 ,2000.00 ,4.5,1,,,,FL,Miami-Dade,
H1019,132,0,"CarePlus Health Plans, Inc.",HMO,CareSalute (HMO),Not Applicable,Not Applicable,3900.00 ,4.5,,,,,FL,Miami-Dade,
H1019,136,0,"CarePlus Health Plans, Inc.",HMO,CareFree Platinum Giveback (HMO),0.00 ,0.00 ,3000.00 ,4.5,1,,,,FL,Miami-Dade,
H1019,148,0,"CarePlus Health Plans, Inc.",HMO,CareAccess (HMO),0.00 ,0.00 ,2250.00 ,4.5,1,,,,FL,Miami-Dade,
H1019,150,0,"CarePlus Health Plans, Inc.",HMO C-SNP,CareComplete (HMO C-SNP),0.00 ,615.00 ,2000.00 ,4.5,1,,,,FL,Miami-Dade,
H1019,152,0,"CarePlus Health Plans, Inc.",HMO D-SNP,CareNeeds Extra (HMO D-SNP),0.00 ,0.00 ,9250.00 ,4.5,1,,,,FL,Miami-Dade,
H1019,154,0,"CarePlus Health Plans, Inc.",HMO C-SNP,CareBreeze (HMO C-SNP),0.00 ,615.00 ,2000.00 ,4.5,1,,,,FL,Miami-Dade,
H1032,195,0,Wellcare,HMO,Wellcare Giveback (HMO),0.00 ,615.00 ,5000.00 ,4.0,1,,,,FL,Miami-Dade,
H1032,202,0,Wellcare,HMO D-SNP,Wellcare Dual Reserve (HMO D-SNP),4.80 ,615.00 ,3000.00 ,4.0,1,,,,FL,Miami-Dade,
H1032,237,0,Wellcare,HMO,Wellcare Simple (HMO),0.00 ,615.00 ,1000.00 ,4.0,1,,,,FL,Miami-Dade,
H1032,239,0,Wellcare,HMO,Wellcare Patriot Giveback (HMO),Not Applicable,Not Applicable,5000.00 ,4.0,,,,,FL,Miami-Dade,
H1032,244,1,Wellcare,HMO D-SNP,Wellcare Dual Access Sync (HMO D-SNP),4.80 ,615.00 ,9250.00 ,4.0,1,,,,FL,Miami-Dade,
H1032,245,1,Wellcare,HMO D-SNP,Wellcare Sunshine Health Dual Align (HMO D-SNP),4.80 ,615.00 ,9250.00 ,4.0,1,,,,FL,Miami-Dade,
H1035,017,0,Florida Blue HMO,HMO,BlueMedicare Classic (HMO),0.00 ,615.00 ,6750.00 ,4.0,1,,,,FL,Miami-Dade,
H1036,054,0,Humana,HMO,Humana Gold Plus H1036-054C (HMO),0.00 ,0.00 ,500.00 ,4.5,1,,,,FL,Miami-Dade,
H1036,077,0,Humana,HMO D-SNP,Humana Gold Plus SNP-DE H1036-077A (HMO D-SNP),0.00 ,250.00 ,3400.00 ,4.5,1,,,,FL,Miami-Dade,
H1036,121,0,Humana,HMO C-SNP,Humana Gold Plus - Diabetes and Heart (HMO C-SNP),0.00 ,0.00 ,2450.00 ,4.5,1,,,,FL,Miami-Dade,
H1036,279,0,Humana,HMO,Humana USAA Honor Giveback (HMO),Not Applicable,Not Applicable,3400.00 ,4.5,,,,,FL,Miami-Dade,
H1036,280,0,Humana,HMO D-SNP,Humana Fully Integrated H1036-280 (HMO D-SNP),0.00 ,20.00 ,3400.00 ,4.5,1,,,,FL,Miami-Dade,
H1036,297,0,Humana,HMO C-SNP,Humana Gold Plus Lung (HMO C-SNP),0.00 ,0.00 ,2450.00 ,4.5,1,,,,FL,Miami-Dade,
H1036,304,0,Humana,HMO D-SNP,Humana Gold Plus SNP-DE H1036-304 (HMO D-SNP),0.00 ,400.00 ,3400.00 ,4.5,1,,,,FL,Miami-Dade,
H1036,305,0,Humana,HMO,Humana Gold Plus Giveback H1036-305 (HMO),0.00 ,0.00 ,3850.00 ,4.5,1,,,,FL,Miami-Dade,
H1036,339,0,Humana,HMO D-SNP,Humana Dual Integrated (HMO D-SNP),0.00 ,0.00 ,9250.00 ,4.5,1,,,,FL,Miami-Dade,
H1045,001,0,UnitedHealthcare,HMO,UHC Preferred Medicare Advantage FL-0001 (HMO),0.00 ,0.00 ,2900.00 ,4.5,1,,,,FL,Miami-Dade,
H1045,012,0,UnitedHealthcare,HMO D-SNP,UHC Preferred Dual Complete FL-D001 (HMO D-SNP),4.80 ,615.00 ,9250.00 ,4.5,1,,,,FL,Miami-Dade,
H1045,018,0,UnitedHealthcare,HMO C-SNP,UHC Preferred Complete Care FL-0003 (HMO C-SNP),0.00 ,0.00 ,2900.00 ,4.5,1,,,,FL,Miami-Dade,
H1045,061,0,UnitedHealthcare,HMO D-SNP,UHC Preferred Dual Complete FL-V1 (HMO D-SNP),4.80 ,615.00 ,2900.00 ,4.5,1,,,,FL,Miami-Dade,
H1045,063,0,UnitedHealthcare,HMO-POS D-SNP,UHC Preferred Dual Complete FL-Y2 (HMO-POS D-SNP),4.80 ,615.00 ,9250.00 ,4.5,1,,,,FL,Miami-Dade,
H1290,001,0,Devoted Health,HMO,DEVOTED CORE 001 FL (HMO),0.00 ,615.00 ,3900.00 ,5.0,1,,,,FL,Miami-Dade,
H1290,013,0,Devoted Health,HMO,DEVOTED GIVEBACK 013 FL (HMO),0.00 ,605.00 ,6750.00 ,5.0,1,,,,FL,Miami-Dade,
H1290,019,0,Devoted Health,HMO D-SNP,DEVOTED DUAL 019 FL (HMO D-SNP),0.00 ,615.00 ,3900.00 ,5.0,1,,,,FL,Miami-Dade,
H1290,037,1,Devoted Health,HMO,DEVOTED PREMIUM 037 FL (HMO),4.80 ,615.00 ,3900.00 ,5.0,1,,,,FL,Miami-Dade,
H1290,053,0,Devoted Health,HMO D-SNP,DEVOTED DUAL PLUS 053 FL (HMO D-SNP),0.00 ,615.00 ,9250.00 ,5.0,1,,,,FL,Miami-Dade,
H1290,062,0,Devoted Health,HMO,DEVOTED CORE 062 FL (HMO),0.00 ,0.00 ,3900.00 ,5.0,1,,,,FL,Miami-Dade,
H1290,067,0,Devoted Health,HMO C-SNP,DEVOTED C-SNP PREMIUM 067 FL (HMO C-SNP),4.80 ,615.00 ,3900.00 ,5.0,1,,,,FL,Miami-Dade,
H1290,078,0,Devoted Health,HMO D-SNP,DEVOTED DUAL FULL 078 FL (HMO D-SNP),0.00 ,615.00 ,9250.00 ,5.0,1,,,,FL,Miami-Dade,
H1290,085,0,Devoted Health,HMO C-SNP,DEVOTED C-SNP PLUS 085 FL (HMO C-SNP),4.80 ,615.00 ,9250.00 ,5.0,1,,,,FL,Miami-Dade,
H1526,002,0,Gold Kidney Health Plan,HMO-POS C-SNP,Gold Heart & Diabetes Complete (HMO-POS C-SNP),0.00 ,615.00 ,9250.00 ,Not Enough Data Available,1,,,,FL,Miami-Dade,
H1526,004,0,Gold Kidney Health Plan,HMO-POS C-SNP,Gold Dialysis & Kidney Complete (HMO-POS C-SNP),4.80 ,615.00 ,9250.00 ,Not Enough Data Available,1,,,,FL,Miami-Dade,
H1526,008,0,Gold Kidney Health Plan,HMO-POS C-SNP,Gold Health (HMO-POS C-SNP),0.00 ,0.00 ,1900.00 ,Not Enough Data Available,1,,,,FL,Miami-Dade,
H1526,009,0,Gold Kidney Health Plan,HMO-POS C-SNP,Gold Dialysis & Kidney (HMO-POS C-SNP),0.00 ,0.00 ,1900.00 ,Not Enough Data Available,1,,,,FL,Miami-Dade,
H1609,017,0,Aetna Medicare,HMO D-SNP,Aetna Medicare Dual Select (HMO D-SNP),3.90 ,615.00 ,9250.00 ,4.5,1,,,,FL,Miami-Dade,
H1609,043,0,Aetna Medicare,HMO D-SNP,Aetna Medicare Dual Select (HMO D-SNP),0.00 ,615.00 ,9250.00 ,4.5,1,,,,FL,Miami-Dade,
H1609,073,0,Aetna Medicare,HMO D-SNP,Aetna Medicare Full Dual Select (HMO D-SNP),1.30 ,615.00 ,9250.00 ,4.5,1,,,,FL,Miami-Dade,
H1609,093,0,Aetna Medicare,HMO,Aetna Medicare Select (HMO),0.00 ,200.00 ,2900.00 ,4.5,1,,,,FL,Miami-Dade,
H1609,094,0,Aetna Medicare,HMO C-SNP,Aetna Medicare Chronic Care (HMO C-SNP),0.00 ,200.00 ,3900.00 ,4.5,1,,,,FL,Miami-Dade,
H1644,001,0,Longevity Health Plan,HMO I-SNP,Longevity Health Plan (HMO I-SNP),4.80 ,615.00 ,9250.00 ,Not Enough Data Available,1,,,,FL,Miami-Dade,
H1889,002,2,UnitedHealthcare,PPO D-SNP,UHC Dual Complete FL-D003 (PPO D-SNP),4.80 ,615.00 ,9250.00 ,4.0,1,,,,FL,Miami-Dade,
H1889,026,0,UnitedHealthcare,PPO D-SNP,UHC Dual Complete FL-Y4 (PPO D-SNP),4.80 ,615.00 ,9250.00 ,4.0,1,,,,FL,Miami-Dade,
H2509,001,0,UnitedHealthcare,HMO-POS D-SNP,UHC Dual Complete FL-Y001 (HMO-POS D-SNP),0.00 ,615.00 ,9250.00 ,3.5,1,,,,FL,Miami-Dade,
H4140,001,0,"Doctors HealthCare Plans, Inc.",HMO,DrMax (HMO),0.00 ,0.00 ,3000.00 ,4.5,1,,,,FL,Miami-Dade,
H4140,002,0,"Doctors HealthCare Plans, Inc.",HMO D-SNP,DrPlus (HMO D-SNP),4.80 ,615.00 ,3400.00 ,4.5,1,,,,FL,Miami-Dade,
H4140,004,0,"Doctors HealthCare Plans, Inc.",HMO C-SNP,DrExtraCare (HMO C-SNP),0.00 ,0.00 ,3400.00 ,4.5,1,,,,FL,Miami-Dade,
H4140,012,0,"Doctors HealthCare Plans, Inc.",HMO,DrSelect (HMO),0.00 ,0.00 ,3000.00 ,4.5,1,,,,FL,Miami-Dade,
H4140,013,0,"Doctors HealthCare Plans, Inc.",HMO D-SNP,DrFlex (HMO D-SNP),1.10 ,615.00 ,3400.00 ,4.5,1,,,,FL,Miami-Dade,
H4140,019,0,"Doctors HealthCare Plans, Inc.",HMO,DrElite-SFL (HMO),0.00 ,0.00 ,3400.00 ,4.5,1,,,,FL,Miami-Dade,
H4286,001,0,"Leon Health, Inc.",HMO,Leon MediExtra (HMO),0.00 ,0.00 ,1000.00 ,5.0,1,,,,FL,Miami-Dade,
H4286,002,0,"Leon Health, Inc.",HMO D-SNP,Leon MediDual (HMO D-SNP),0.00 ,615.00 ,3450.00 ,5.0,1,,,,FL,Miami-Dade,
H4286,003,0,"Leon Health, Inc.",HMO,Leon MediMore (HMO),0.00 ,0.00 ,3450.00 ,5.0,1,,,,FL,Miami-Dade,
H4286,005,0,"Leon Health, Inc.",HMO D-SNP,Leon MediMax (HMO D-SNP),0.00 ,615.00 ,3450.00 ,5.0,1,,,,FL,Miami-Dade,
H5216,068,0,Humana,PPO,HumanaChoice Florida H5216-068 (PPO),0.00 ,615.00 ,3900.00 ,3.5,1,,,,FL,Miami-Dade,
H5216,256,0,Humana,PPO,Humana USAA Honor Giveback (PPO),Not Applicable,Not Applicable,4900.00 ,3.5,,,,,FL,Miami-Dade,
H5216,311,0,Humana,PPO,Humana Full Access Giveback H5216-311 (PPO),0.00 ,600.00 ,6700.00 ,3.5,1,,,,FL,Miami-Dade,
H5216,467,0,Humana,PPO,Humana USAA Honor Giveback (PPO),Not Applicable,Not Applicable,6750.00 ,3.5,,,,,FL,Miami-Dade,
H5410,056,0,HealthSpring,HMO D-SNP,HealthSpring TotalCare (HMO D-SNP),4.80 ,615.00 ,3500.00 ,3.5,1,,,,FL,Miami-Dade,
H5410,060,0,HealthSpring,HMO,HealthSpring Preferred (HMO),0.00 ,615.00 ,6750.00 ,3.5,1,,,,FL,Miami-Dade,
H5420,001,0,UnitedHealthcare,HMO,UHC MedicareMax Medicare Advantage FL-0028 (HMO),0.00 ,0.00 ,3900.00 ,4.5,1,,,,FL,Miami-Dade,
H5420,006,0,UnitedHealthcare,HMO D-SNP,UHC MedicareMax Dual Complete FL-D4 (HMO D-SNP),4.80 ,615.00 ,9250.00 ,4.5,1,,,,FL,Miami-Dade,
H5420,014,0,UnitedHealthcare,HMO C-SNP,UHC MedicareMax Complete Care FL-30 (HMO C-SNP),0.00 ,0.00 ,3400.00 ,4.5,1,,,,FL,Miami-Dade,
H5420,015,0,UnitedHealthcare,HMO D-SNP,UHC MedicareMax Dual Complete FL-V3 (HMO D-SNP),4.80 ,615.00 ,3400.00 ,4.5,1,,,,FL,Miami-Dade,
H5420,016,0,UnitedHealthcare,HMO-POS D-SNP,UHC MedicareMax Dual Complete FL-Y6 (HMO-POS D-SNP),4.80 ,615.00 ,9250.00 ,4.5,1,,,,FL,Miami-Dade,
H5431,001,0,"HealthSun Health Plans, Inc.",HMO,HealthSun HealthAdvantage Plan (HMO),0.00 ,0.00 ,1500.00 ,4.5,1,,,,FL,Miami-Dade,
H5431,006,0,"HealthSun Health Plans, Inc.",HMO,HealthSun MediMax (HMO),0.00 ,0.00 ,3450.00 ,4.5,1,,,,FL,Miami-Dade,
H5431,017,0,"HealthSun Health Plans, Inc.",HMO,HealthSun HealthAdvantage Plus (HMO),0.00 ,0.00 ,3450.00 ,4.5,1,,,,FL,Miami-Dade,
H5431,019,0,"HealthSun Health Plans, Inc.",HMO D-SNP,HealthSun MediSun Extra (HMO D-SNP),0.00 ,0.00 ,3450.00 ,4.5,1,,,,FL,Miami-Dade,
H5431,021,0,"HealthSun Health Plans, Inc.",HMO C-SNP,HealthSun VitalCare (HMO C-SNP),0.00 ,0.00 ,1900.00 ,4.5,1,,,,FL,Miami-Dade,
H5431,026,0,"HealthSun Health Plans, Inc.",HMO D-SNP,HealthSun MediSun Full Dual Extra (HMO D-SNP),0.00 ,0.00 ,3450.00 ,4.5,1,,,,FL,Miami-Dade,
H5434,002,0,Florida Blue,PPO,BlueMedicare Select (PPO),153.70 ,615.00 ,6750.00 ,3.5,1,,,,FL,Miami-Dade,
H5434,044,0,Florida Blue,PPO,BlueMedicare Patriot (PPO),Not Applicable,Not Applicable,6750.00 ,3.5,,,,,FL,Miami-Dade,
H5471,064,0,"Simply Healthcare Plans, Inc.",HMO D-SNP,Simply Complete (HMO D-SNP),0.00 ,615.00 ,500.00 ,4.5,1,,,,FL,Miami-Dade,
H5471,065,0,"Simply Healthcare Plans, Inc.",HMO,Simply More (HMO),0.00 ,0.00 ,3850.00 ,4.5,1,,,,FL,Miami-Dade,
H5471,069,0,"Simply Healthcare Plans, Inc.",HMO C-SNP,Simply Level (HMO C-SNP),0.00 ,0.00 ,3450.00 ,4.5,1,,,,FL,Miami-Dade,
H5471,113,0,"Simply Healthcare Plans, Inc.",HMO,Simply Extra Platinum (HMO),0.00 ,0.00 ,2450.00 ,4.5,1,,,,FL,Miami-Dade,
H5471,114,0,"Simply Healthcare Plans, Inc.",HMO,Simply More Platinum (HMO),0.00 ,0.00 ,3400.00 ,4.5,1,,,,FL,Miami-Dade,
H5471,115,0,"Simply Healthcare Plans, Inc.",HMO D-SNP,Simply Complete Platinum (HMO D-SNP),4.80 ,615.00 ,500.00 ,4.5,1,,,,FL,Miami-Dade,
H5471,116,0,"Simply Healthcare Plans, Inc.",HMO C-SNP,Simply Level Platinum (HMO C-SNP),0.00 ,0.00 ,2450.00 ,4.5,1,,,,FL,Miami-Dade,
H5471,127,0,"Simply Healthcare Plans, Inc.",HMO D-SNP,Simply Integrated (HMO D-SNP),0.00 ,615.00 ,500.00 ,4.5,1,,,,FL,Miami-Dade,
H5471,134,0,"Simply Healthcare Plans, Inc.",HMO D-SNP,Simply Integrated Platinum (HMO D-SNP),4.80 ,615.00 ,500.00 ,4.5,1,,,,FL,Miami-Dade,
H6378,001,0,AmeriHealth Caritas VIP Care (HMO-D-SNP),HMO D-SNP,AmeriHealth Caritas VIP Care (HMO D-SNP),4.80 ,615.00 ,9250.00 ,Not Enough Data Available,1,,,,FL,Miami-Dade,
H7284,008,0,Humana,PPO,HumanaChoice Florida H7284-008 (PPO),39.00 ,615.00 ,4150.00 ,3.5,1,,,,FL,Miami-Dade,
H7284,010,0,Humana,PPO D-SNP,HumanaChoice Florida SNP-DE H7284-010 (PPO D-SNP),4.80 ,615.00 ,4900.00 ,3.5,1,,,,FL,Miami-Dade,
H7617,107,0,Humana,PPO,HumanaChoice Florida H7617-107 (PPO),0.00 ,615.00 ,3900.00 ,4.5,1,,,,FL,Miami-Dade,
H7617,108,0,Humana,PPO,Humana USAA Honor Giveback (PPO),Not Applicable,Not Applicable,6750.00 ,4.5,,,,,FL,Miami-Dade,
H7617,110,0,Humana,PPO,Humana Full Access Giveback H7617-110 (PPO),0.00 ,600.00 ,6700.00 ,4.5,1,,,,FL,Miami-Dade,
H7617,113,0,Humana,PPO D-SNP,HumanaChoice Florida SNP-DE H7617-113 (PPO D-SNP),0.00 ,615.00 ,4900.00 ,4.5,1,,,,FL,Miami-Dade,
H9917,001,0,Align Senior Care,HMO I-SNP,Senior Care (HMO I-SNP),4.80 ,615.00 ,9250.00 ,Not Enough Data Available,1,,,,FL,Miami-Dade,
H9917,004,0,Align Senior Care,HMO I-SNP,Premier Care (HMO I-SNP),0.00 ,450.00 ,2200.00 ,Not Enough Data Available,1,,,,FL,Miami-Dade,
H9986,001,0,Florida Complete Care,HMO I-SNP,Florida Complete Care (HMO I-SNP),4.80 ,615.00 ,3400.00 ,Not Enough Data Available,1,,,,FL,Miami-Dade,
H9986,002,0,Florida Complete Care,HMO-POS I-SNP,Florida Complete Care- In The Community (HMO-POS I-SNP),4.80 ,615.00 ,3400.00 ,Not Enough Data Available,1,,,,FL,Miami-Dade,
H9986,004,1,Florida Complete Care,HMO-POS D-SNP,Florida Complete Care-Duals VIP (HMO-POS D-SNP),4.80 ,615.00 ,3400.00 ,Not Enough Data Available,1,,,,FL,Miami-Dade,
R0759,001,0,UnitedHealthcare,Regional PPO,AARP Medicare Advantage from UHC FL-0031 (Regional PPO),62.00 ,600.00 ,9250.00 ,3.5,1,,,,FL,Miami-Dade,
R0759,002,0,UnitedHealthcare,Regional PPO,AARP Medicare Advantage Patriot No Rx FL-MA01 (Regional PPO),Not Applicable,Not Applicable,9250.00 ,3.5,,,,,FL,Miami-Dade,
R0759,003,0,UnitedHealthcare,Regional PPO D-SNP,UHC Dual Complete FL-D005 (Regional PPO D-SNP),4.80 ,615.00 ,9250.00 ,3.5,1,,,,FL,Miami-Dade,
R5826,005,0,Humana,Regional PPO,HumanaChoice R5826-005 (Regional PPO),184.00 ,615.00 ,6700.00 ,3.5,1,,,,FL,Miami-Dade,
R5826,018,0,Humana,Regional PPO,HumanaChoice R5826-018 (Regional PPO),Not Applicable,Not Applicable,7550.00 ,3.5,,,,,FL,Miami-Dade,
R5826,074,0,Humana,Regional PPO,HumanaChoice R5826-074 (Regional PPO),41.00 ,615.00 ,7550.00 ,3.5,1,,,,FL,Miami-Dade,
H0710,010,0,UnitedHealthcare,PPO I-SNP,UHC Nursing Home Plan FL-F001 (PPO I-SNP),4.80 ,615.00 ,9250.00 ,4.5,1,,,,FL,Palm Beach,
H0982,008,0,Solis Health Plans,HMO,Solis Healthy Living Plan (HMO),0.00 ,0.00 ,2900.00 ,4.5,1,,,,FL,Palm Beach,
H0982,013,0,Solis Health Plans,HMO D-SNP,Solis Guardian Plan (HMO D-SNP),4.80 ,615.00 ,3400.00 ,4.5,1,,,,FL,Palm Beach,
H0982,018,0,Solis Health Plans,HMO C-SNP,Solis Wellness Plan (HMO C-SNP),0.00 ,0.00 ,2900.00 ,4.5,1,,,,FL,Palm Beach,
H0982,030,0,Solis Health Plans,HMO C-SNP,Solis Wellness Giveback Plan (HMO C-SNP),0.00 ,0.00 ,3400.00 ,4.5,1,,,,FL,Palm Beach,
H1019,001,0,"CarePlus Health Plans, Inc.",HMO-POS,CareOne Plus (HMO-POS),0.00 ,0.00 ,2000.00 ,4.5,1,,,,FL,Palm Beach,
H1019,023,0,"CarePlus Health Plans, Inc.",HMO D-SNP,CareNeeds Platinum (HMO D-SNP),0.00 ,0.00 ,3400.00 ,4.5,1,,,,FL,Palm Beach,
H1019,065,0,"CarePlus Health Plans, Inc.",HMO,CareFree Giveback (HMO),0.00 ,0.00 ,5000.00 ,4.5,1,,,,FL,Palm Beach,
H1019,124,0,"CarePlus Health Plans, Inc.",HMO-POS C-SNP,CareBreeze Platinum (HMO-POS C-SNP),0.00 ,0.00 ,3400.00 ,4.5,1,,,,FL,Palm Beach,
H1019,130,0,"CarePlus Health Plans, Inc.",HMO-POS C-SNP,CareComplete Platinum (HMO-POS C-SNP),0.00 ,0.00 ,3400.00 ,4.5,1,,,,FL,Palm Beach,
H1019,132,0,"CarePlus Health Plans, Inc.",HMO,CareSalute (HMO),Not Applicable,Not Applicable,3900.00 ,4.5,,,,,FL,Palm Beach,
H1019,135,0,"CarePlus Health Plans, Inc.",HMO-POS,CareFree Platinum Giveback (HMO-POS),0.00 ,0.00 ,3400.00 ,4.5,1,,,,FL,Palm Beach,
H1019,148,0,"CarePlus Health Plans, Inc.",HMO,CareAccess (HMO),0.00 ,0.00 ,2250.00 ,4.5,1,,,,FL,Palm Beach,
H1019,150,0,"CarePlus Health Plans, Inc.",HMO C-SNP,CareComplete (HMO C-SNP),0.00 ,615.00 ,2000.00 ,4.5,1,,,,FL,Palm Beach,
H1019,152,0,"CarePlus Health Plans, Inc.",HMO D-SNP,CareNeeds Extra (HMO D-SNP),0.00 ,0.00 ,9250.00 ,4.5,1,,,,FL,Palm Beach,
H1019,154,0,"CarePlus Health Plans, Inc.",HMO C-SNP,CareBreeze (HMO C-SNP),0.00 ,615.00 ,2000.00 ,4.5,1,,,,FL,Palm Beach,
H1032,195,0,Wellcare,HMO,Wellcare Giveback (HMO),0.00 ,615.00 ,5000.00 ,4.0,1,,,,FL,Palm Beach,
H1032,196,0,Wellcare,HMO,Wellcare Simple (HMO),0.00 ,615.00 ,2500.00 ,4.0,1,,,,FL,Palm Beach,
H1032,202,0,Wellcare,HMO D-SNP,Wellcare Dual Reserve (HMO D-SNP),4.80 ,615.00 ,3000.00 ,4.0,1,,,,FL,Palm Beach,
H1032,239,0,Wellcare,HMO,Wellcare Patriot Giveback (HMO),Not Applicable,Not Applicable,5000.00 ,4.0,,,,,FL,Palm Beach,
H1032,244,1,Wellcare,HMO D-SNP,Wellcare Dual Access Sync (HMO D-SNP),4.80 ,615.00 ,9250.00 ,4.0,1,,,,FL,Palm Beach,
H1032,245,1,Wellcare,HMO D-SNP,Wellcare Sunshine Health Dual Align (HMO D-SNP),4.80 ,615.00 ,9250.00 ,4.0,1,,,,FL,Palm Beach,
H1035,022,0,Florida Blue HMO,HMO,BlueMedicare Premier (HMO),0.00 ,615.00 ,4200.00 ,4.0,1,,,,FL,Palm Beach,
H1036,062,0,Humana,HMO,Humana Gold Plus H1036-062C (HMO),0.00 ,0.00 ,1625.00 ,4.5,1,,,,FL,Palm Beach,
H1036,077,0,Humana,HMO D-SNP,Humana Gold Plus SNP-DE H1036-077A (HMO D-SNP),0.00 ,250.00 ,3400.00 ,4.5,1,,,,FL,Palm Beach,
H1036,121,0,Humana,HMO C-SNP,Humana Gold Plus - Diabetes and Heart (HMO C-SNP),0.00 ,0.00 ,2450.00 ,4.5,1,,,,FL,Palm Beach,
H1036,279,0,Humana,HMO,Humana USAA Honor Giveback (HMO),Not Applicable,Not Applicable,3400.00 ,4.5,,,,,FL,Palm Beach,
H1036,280,0,Humana,HMO D-SNP,Humana Fully Integrated H1036-280 (HMO D-SNP),0.00 ,20.00 ,3400.00 ,4.5,1,,,,FL,Palm Beach,
H1036,297,0,Humana,HMO C-SNP,Humana Gold Plus Lung (HMO C-SNP),0.00 ,0.00 ,2450.00 ,4.5,1,,,,FL,Palm Beach,
H1036,304,0,Humana,HMO D-SNP,Humana Gold Plus SNP-DE H1036-304 (HMO D-SNP),0.00 ,400.00 ,3400.00 ,4.5,1,,,,FL,Palm Beach,
H1036,305,0,Humana,HMO,Humana Gold Plus Giveback H1036-305 (HMO),0.00 ,0.00 ,3850.00 ,4.5,1,,,,FL,Palm Beach,
H1036,339,0,Humana,HMO D-SNP,Humana Dual Integrated (HMO D-SNP),0.00 ,0.00 ,9250.00 ,4.5,1,,,,FL,Palm Beach,
H1045,037,0,UnitedHealthcare,HMO,UHC Preferred Medicare Advantage FL-002P (HMO),0.00 ,270.00 ,3400.00 ,4.5,1,,,,FL,Palm Beach,
H1045,038,0,UnitedHealthcare,HMO D-SNP,UHC Preferred Dual Complete FL-D01P (HMO D-SNP),4.80 ,615.00 ,9250.00 ,4.5,1,,,,FL,Palm Beach,
H1045,055,0,UnitedHealthcare,HMO-POS,AARP Medicare Advantage from UHC FL-0015 (HMO-POS),0.00 ,440.00 ,3400.00 ,4.5,1,,,,FL,Palm Beach,
H1045,064,0,UnitedHealthcare,HMO D-SNP,UHC Preferred Dual Complete FL-V2 (HMO D-SNP),4.80 ,615.00 ,3400.00 ,4.5,1,,,,FL,Palm Beach,
H1045,065,0,UnitedHealthcare,HMO-POS D-SNP,UHC Preferred Dual Complete FL-Y3 (HMO-POS D-SNP),4.80 ,615.00 ,9250.00 ,4.5,1,,,,FL,Palm Beach,
H1290,003,0,Devoted Health,HMO,DEVOTED CORE 003 FL (HMO),0.00 ,595.00 ,3900.00 ,5.0,1,,,,FL,Palm Beach,
H1290,015,0,Devoted Health,HMO,DEVOTED GIVEBACK 015 FL (HMO),0.00 ,605.00 ,6750.00 ,5.0,1,,,,FL,Palm Beach,
H1290,021,0,Devoted Health,HMO D-SNP,DEVOTED DUAL 021 FL (HMO D-SNP),4.80 ,615.00 ,3900.00 ,5.0,1,,,,FL,Palm Beach,
H1290,037,3,Devoted Health,HMO,DEVOTED PREMIUM 037 FL (HMO),4.80 ,615.00 ,3900.00 ,5.0,1,,,,FL,Palm Beach,
H1290,055,0,Devoted Health,HMO D-SNP,DEVOTED DUAL PLUS 055 FL (HMO D-SNP),4.80 ,615.00 ,9250.00 ,5.0,1,,,,FL,Palm Beach,
H1290,064,0,Devoted Health,HMO,DEVOTED CORE 064 FL (HMO),0.00 ,0.00 ,3900.00 ,5.0,1,,,,FL,Palm Beach,
H1290,068,0,Devoted Health,HMO C-SNP,DEVOTED C-SNP PREMIUM 068 FL (HMO C-SNP),4.80 ,615.00 ,3900.00 ,5.0,1,,,,FL,Palm Beach,
H1290,079,0,Devoted Health,HMO D-SNP,DEVOTED DUAL FULL 079 FL (HMO D-SNP),0.00 ,615.00 ,9250.00 ,5.0,1,,,,FL,Palm Beach,
H1290,086,0,Devoted Health,HMO C-SNP,DEVOTED C-SNP PLUS 086 FL (HMO C-SNP),4.80 ,615.00 ,9250.00 ,5.0,1,,,,FL,Palm Beach,
H1526,001,0,Gold Kidney Health Plan,HMO-POS C-SNP,Gold Heart & Diabetes (HMO-POS C-SNP),0.00 ,0.00 ,2700.00 ,Not Enough Data Available,1,,,,FL,Palm Beach,
H1526,002,0,Gold Kidney Health Plan,HMO-POS C-SNP,Gold Heart & Diabetes Complete (HMO-POS C-SNP),0.00 ,615.00 ,9250.00 ,Not Enough Data Available,1,,,,FL,Palm Beach,
H1526,003,0,Gold Kidney Health Plan,HMO-POS C-SNP,Gold Dialysis & Kidney (HMO-POS C-SNP),0.00 ,0.00 ,3100.00 ,Not Enough Data Available,1,,,,FL,Palm Beach,
H1526,004,0,Gold Kidney Health Plan,HMO-POS C-SNP,Gold Dialysis & Kidney Complete (HMO-POS C-SNP),4.80 ,615.00 ,9250.00 ,Not Enough Data Available,1,,,,FL,Palm Beach,
H1609,019,0,Aetna Medicare,HMO D-SNP,Aetna Medicare Dual Select (HMO D-SNP),0.00 ,615.00 ,9250.00 ,4.5,1,,,,FL,Palm Beach,
H1609,020,0,Aetna Medicare,HMO,Aetna Medicare Select (HMO),0.00 ,0.00 ,3400.00 ,4.5,1,,,,FL,Palm Beach,
H1609,028,0,Aetna Medicare,HMO-POS,Aetna Medicare Select Extra (HMO-POS),0.00 ,615.00 ,6750.00 ,4.5,1,,,,FL,Palm Beach,
H1609,048,0,Aetna Medicare,HMO D-SNP,Aetna Medicare Dual Select (HMO D-SNP),4.80 ,615.00 ,9250.00 ,4.5,1,,,,FL,Palm Beach,
H1609,081,0,Aetna Medicare,HMO C-SNP,Aetna Medicare Chronic Care (HMO C-SNP),0.00 ,200.00 ,3900.00 ,4.5,1,,,,FL,Palm Beach,
H1609,090,0,Aetna Medicare,HMO D-SNP,Aetna Medicare Full Dual Select (HMO D-SNP),4.80 ,615.00 ,9250.00 ,4.5,1,,,,FL,Palm Beach,
H1644,001,0,Longevity Health Plan,HMO I-SNP,Longevity Health Plan (HMO I-SNP),4.80 ,615.00 ,9250.00 ,Not Enough Data Available,1,,,,FL,Palm Beach,
H1889,002,2,UnitedHealthcare,PPO D-SNP,UHC Dual Complete FL-D003 (PPO D-SNP),4.80 ,615.00 ,9250.00 ,4.0,1,,,,FL,Palm Beach,
H1889,026,0,UnitedHealthcare,PPO D-SNP,UHC Dual Complete FL-Y4 (PPO D-SNP),4.80 ,615.00 ,9250.00 ,4.0,1,,,,FL,Palm Beach,
H2406,018,0,UnitedHealthcare,PPO,AARP Medicare Advantage from UHC FL-0026 (PPO),0.00 ,600.00 ,6700.00 ,4.0,1,,,,FL,Palm Beach,
H2406,130,0,UnitedHealthcare,PPO,AARP Medicare Advantage Patriot No Rx FL-MA2 (PPO),Not Applicable,Not Applicable,8900.00 ,4.0,,,,,FL,Palm Beach,
H5216,068,0,Humana,PPO,HumanaChoice Florida H5216-068 (PPO),0.00 ,615.00 ,3900.00 ,3.5,1,,,,FL,Palm Beach,
H5216,256,0,Humana,PPO,Humana USAA Honor Giveback (PPO),Not Applicable,Not Applicable,4900.00 ,3.5,,,,,FL,Palm Beach,
H5216,311,0,Humana,PPO,Humana Full Access Giveback H5216-311 (PPO),0.00 ,600.00 ,6700.00 ,3.5,1,,,,FL,Palm Beach,
H5216,467,0,Humana,PPO,Humana USAA Honor Giveback (PPO),Not Applicable,Not Applicable,6750.00 ,3.5,,,,,FL,Palm Beach,
H5410,056,0,HealthSpring,HMO D-SNP,HealthSpring TotalCare (HMO D-SNP),4.80 ,615.00 ,3500.00 ,3.5,1,,,,FL,Palm Beach,
H5410,060,0,HealthSpring,HMO,HealthSpring Preferred (HMO),0.00 ,615.00 ,6750.00 ,3.5,1,,,,FL,Palm Beach,
H5427,052,0,"Freedom Health, Inc.",HMO,Freedom Savings Plan (HMO),Not Applicable,Not Applicable,4200.00 ,4.5,,,,,FL,Palm Beach,
H5427,060,0,"Freedom Health, Inc.",HMO,Freedom Medicare Plan Rx (HMO),0.00 ,0.00 ,4200.00 ,4.5,1,,,,FL,Palm Beach,
H5427,070,0,"Freedom Health, Inc.",HMO C-SNP,Freedom VIP Care (HMO C-SNP),0.00 ,0.00 ,1000.00 ,4.5,1,,,,FL,Palm Beach,
H5427,072,0,"Freedom Health, Inc.",HMO C-SNP,Freedom VIP Savings (HMO C-SNP),0.00 ,0.00 ,3400.00 ,4.5,1,,,,FL,Palm Beach,
H5427,077,0,"Freedom Health, Inc.",HMO C-SNP,Freedom VIP Savings COPD (HMO C-SNP),0.00 ,0.00 ,3400.00 ,4.5,1,,,,FL,Palm Beach,
H5427,078,0,"Freedom Health, Inc.",HMO D-SNP,Freedom Medi-Medi Partial (HMO D-SNP),0.00 ,615.00 ,500.00 ,4.5,1,,,,FL,Palm Beach,
H5427,087,0,"Freedom Health, Inc.",HMO D-SNP,Freedom Medi-Medi Full (HMO D-SNP),0.00 ,615.00 ,500.00 ,4.5,1,,,,FL,Palm Beach,
H5431,013,0,"HealthSun Health Plans, Inc.",HMO,HealthSun HealthAdvantage Plan (HMO),0.00 ,0.00 ,3450.00 ,4.5,1,,,,FL,Palm Beach,
H5431,016,0,"HealthSun Health Plans, Inc.",HMO D-SNP,HealthSun MediSun Plus (HMO D-SNP),0.00 ,0.00 ,3450.00 ,4.5,1,,,,FL,Palm Beach,
H5431,020,0,"HealthSun Health Plans, Inc.",HMO,HealthSun HealthAdvantage Plus (HMO),0.00 ,0.00 ,3450.00 ,4.5,1,,,,FL,Palm Beach,
H5431,022,0,"HealthSun Health Plans, Inc.",HMO C-SNP,HealthSun VitalCare (HMO C-SNP),0.00 ,0.00 ,2450.00 ,4.5,1,,,,FL,Palm Beach,
H5431,025,0,"HealthSun Health Plans, Inc.",HMO D-SNP,HealthSun MediSun Full Dual Plus (HMO D-SNP),0.00 ,0.00 ,3450.00 ,4.5,1,,,,FL,Palm Beach,
H5434,002,0,Florida Blue,PPO,BlueMedicare Select (PPO),153.70 ,615.00 ,6750.00 ,3.5,1,,,,FL,Palm Beach,
H5434,026,0,Florida Blue,PPO,BlueMedicare Value (PPO),0.00 ,615.00 ,9250.00 ,3.5,1,,,,FL,Palm Beach,
H5434,044,0,Florida Blue,PPO,BlueMedicare Patriot (PPO),Not Applicable,Not Applicable,6750.00 ,3.5,,,,,FL,Palm Beach,
H5471,084,0,"Simply Healthcare Plans, Inc.",HMO D-SNP,Simply Complete (HMO D-SNP),4.80 ,615.00 ,500.00 ,4.5,1,,,,FL,Palm Beach,
H5471,123,0,"Simply Healthcare Plans, Inc.",HMO,Simply Extra Platinum (HMO),0.00 ,0.00 ,3200.00 ,4.5,1,,,,FL,Palm Beach,
H5471,124,0,"Simply Healthcare Plans, Inc.",HMO,Simply More Platinum (HMO),0.00 ,0.00 ,3850.00 ,4.5,1,,,,FL,Palm Beach,
H5471,125,0,"Simply Healthcare Plans, Inc.",HMO D-SNP,Simply Complete Platinum (HMO D-SNP),4.80 ,615.00 ,500.00 ,4.5,1,,,,FL,Palm Beach,
H5471,126,0,"Simply Healthcare Plans, Inc.",HMO C-SNP,Simply Level Platinum (HMO C-SNP),0.00 ,0.00 ,3450.00 ,4.5,1,,,,FL,Palm Beach,
H5471,132,0,"Simply Healthcare Plans, Inc.",HMO D-SNP,Simply Integrated (HMO D-SNP),4.80 ,615.00 ,500.00 ,4.5,1,,,,FL,Palm Beach,
H5471,137,0,"Simply Healthcare Plans, Inc.",HMO D-SNP,Simply Integrated Platinum (HMO D-SNP),4.80 ,615.00 ,500.00 ,4.5,1,,,,FL,Palm Beach,
H5521,033,0,Aetna Medicare,PPO,Aetna Medicare Signature (PPO),0.00 ,615.00 ,6750.00 ,4.5,1,,,,FL,Palm Beach,
H5521,273,0,Aetna Medicare,PPO,Aetna Medicare Signature (PPO),0.00 ,615.00 ,6350.00 ,4.5,1,,,,FL,Palm Beach,
H5521,306,0,Aetna Medicare,PPO,Aetna Medicare Eagle Giveback (PPO),Not Applicable,Not Applicable,6750.00 ,4.5,,,,,FL,Palm Beach,
H5521,432,0,Aetna Medicare,PPO,Aetna Medicare Signature (PPO),0.00 ,615.00 ,5900.00 ,4.5,1,,,,FL,Palm Beach,
H5521,688,0,Aetna Medicare,PPO,Aetna Medicare Premier (PPO),74.00 ,615.00 ,6750.00 ,4.5,1,,,,FL,Palm Beach,
H5521,704,0,Aetna Medicare,PPO,Aetna Medicare Signature Extra (PPO),0.00 ,615.00 ,6750.00 ,4.5,1,,,,FL,Palm Beach,
H5594,016,0,"Optimum HealthCare, Inc.",HMO D-SNP,Optimum Emerald Partial (HMO D-SNP),0.00 ,615.00 ,500.00 ,4.5,1,,,,FL,Palm Beach,
H5594,017,0,"Optimum HealthCare, Inc.",HMO D-SNP,Optimum Emerald Full (HMO D-SNP),0.00 ,615.00 ,500.00 ,4.5,1,,,,FL,Palm Beach,
H6378,001,0,AmeriHealth Caritas VIP Care (HMO-D-SNP),HMO D-SNP,AmeriHealth Caritas VIP Care (HMO D-SNP),4.80 ,615.00 ,9250.00 ,Not Enough Data Available,1,,,,FL,Palm Beach,
H6652,001,0,American Health Advantage of Florida,HMO I-SNP,American Health Advantage of Florida (HMO I-SNP),4.80 ,615.00 ,9250.00 ,Not Enough Data Available,1,,,,FL,Palm Beach,
H7239,001,0,Prominence Health Plan,HMO,Prominence Plus (HMO),0.00 ,0.00 ,2000.00 ,Plan Too New To Be Measured,1,,,,FL,Palm Beach,
H7239,002,0,Prominence Health Plan,HMO D-SNP,Prominence Dual (HMO D-SNP),4.80 ,615.00 ,9250.00 ,Plan Too New To Be Measured,1,,,,FL,Palm Beach,
H7239,003,0,Prominence Health Plan,HMO,Prominence Extra Help (HMO),4.80 ,615.00 ,2000.00 ,Plan Too New To Be Measured,1,,,,FL,Palm Beach,
H7239,004,0,Prominence Health Plan,HMO,Prominence Giveback (HMO),0.00 ,0.00 ,7500.00 ,Plan Too New To Be Measured,1,,,,FL,Palm Beach,
H7239,005,0,Prominence Health Plan,HMO C-SNP,Prominence Diabetes and Heart Giveback (HMO C-SNP),0.00 ,150.00 ,2000.00 ,Plan Too New To Be Measured,1,,,,FL,Palm Beach,
H7284,008,0,Humana,PPO,HumanaChoice Florida H7284-008 (PPO),39.00 ,615.00 ,4150.00 ,3.5,1,,,,FL,Palm Beach,
H7284,010,0,Humana,PPO D-SNP,HumanaChoice Florida SNP-DE H7284-010 (PPO D-SNP),4.80 ,615.00 ,4900.00 ,3.5,1,,,,FL,Palm Beach,
H7617,107,0,Humana,PPO,HumanaChoice Florida H7617-107 (PPO),0.00 ,615.00 ,3900.00 ,4.5,1,,,,FL,Palm Beach,
H7617,108,0,Humana,PPO,Humana USAA Honor Giveback (PPO),Not Applicable,Not Applicable,6750.00 ,4.5,,,,,FL,Palm Beach,
H7617,110,0,Humana,PPO,Humana Full Access Giveback H7617-110 (PPO),0.00 ,600.00 ,6700.00 ,4.5,1,,,,FL,Palm Beach,
H7617,113,0,Humana,PPO D-SNP,HumanaChoice Florida SNP-DE H7617-113 (PPO D-SNP),0.00 ,615.00 ,4900.00 ,4.5,1,,,,FL,Palm Beach,
H9917,001,0,Align Senior Care,HMO I-SNP,Senior Care (HMO I-SNP),4.80 ,615.00 ,9250.00 ,Not Enough Data Available,1,,,,FL,Palm Beach,
H9917,004,0,Align Senior Care,HMO I-SNP,Premier Care (HMO I-SNP),0.00 ,450.00 ,2200.00 ,Not Enough Data Available,1,,,,FL,Palm Beach,
H9986,001,0,Florida Complete Care,HMO I-SNP,Florida Complete Care (HMO I-SNP),4.80 ,615.00 ,3400.00 ,Not Enough Data Available,1,,,,FL,Palm Beach,
H9986,002,0,Florida Complete Care,HMO-POS I-SNP,Florida Complete Care- In The Community (HMO-POS I-SNP),4.80 ,615.00 ,3400.00 ,Not Enough Data Available,1,,,,FL,Palm Beach,
H9986,004,2,Florida Complete Care,HMO-POS D-SNP,Florida Complete Care-Duals VIP (HMO-POS D-SNP),4.80 ,615.00 ,3400.00 ,Not Enough Data Available,1,,,,FL,Palm Beach,
R0759,001,0,UnitedHealthcare,Regional PPO,AARP Medicare Advantage from UHC FL-0031 (Regional PPO),62.00 ,600.00 ,9250.00 ,3.5,1,,,,FL,Palm Beach,
R0759,002,0,UnitedHealthcare,Regional PPO,AARP Medicare Advantage Patriot No Rx FL-MA01 (Regional PPO),Not Applicable,Not Applicable,9250.00 ,3.5,,,,,FL,Palm Beach,
R0759,003,0,UnitedHealthcare,Regional PPO D-SNP,UHC Dual Complete FL-D005 (Regional PPO D-SNP),4.80 ,615.00 ,9250.00 ,3.5,1,,,,FL,Palm Beach,
R5826,005,0,Humana,Regional PPO,HumanaChoice R5826-005 (Regional PPO),184.00 ,615.00 ,6700.00 ,3.5,1,,,,FL,Palm Beach,
R5826,018,0,Humana,Regional PPO,HumanaChoice R5826-018 (Regional PPO),Not Applicable,Not Applicable,7550.00 ,3.5,,,,,FL,Palm Beach,
R5826,074,0,Humana,Regional PPO,HumanaChoice R5826-074 (Regional PPO),41.00 ,615.00 ,7550.00 ,3.5,1,,,,FL,Palm Beach,
H0111,001,0,Wellcare,PPO,Wellcare Simple Open (PPO),0.00 ,615.00 ,9250.00 ,3.5,1,,,,GA,DeKalb,
H0111,004,0,Wellcare,PPO D-SNP,Wellcare Dual Access Open (PPO D-SNP),25.40 ,615.00 ,9250.00 ,3.5,1,,,,GA,DeKalb,
H0111,007,0,Wellcare,PPO,Wellcare Patriot Giveback Open (PPO),Not Applicable,Not Applicable,9250.00 ,3.5,,,,,GA,DeKalb,
H0439,002,0,HealthSpring,HMO D-SNP,HealthSpring TotalCare (HMO D-SNP),3.40 ,615.00 ,6750.00 ,3.5,1,,,,GA,DeKalb,
H0439,003,1,HealthSpring,HMO,HealthSpring Preferred GA (HMO),0.00 ,615.00 ,5200.00 ,3.5,1,,,,GA,DeKalb,
H0439,012,0,HealthSpring,HMO D-SNP,HealthSpring TotalCare Plus (HMO D-SNP),3.40 ,615.00 ,9250.00 ,3.5,1,,,,GA,DeKalb,
H0439,015,2,HealthSpring,HMO,HealthSpring Preferred (HMO),0.00 ,400.00 ,6950.00 ,3.5,1,,,,GA,DeKalb,
H0439,016,0,HealthSpring,HMO,HealthSpring Preferred Savings (HMO),0.00 ,615.00 ,9250.00 ,3.5,1,,,,GA,DeKalb,
H0710,033,0,UnitedHealthcare,PPO I-SNP,UHC Nursing Home Plan GA-F001 (PPO I-SNP),25.40 ,615.00 ,9250.00 ,4.5,1,,,,GA,DeKalb,
H1112,006,0,Wellcare,HMO-POS D-SNP,Wellcare Dual Access (HMO-POS D-SNP),23.50 ,615.00 ,9250.00 ,3.5,1,,,,GA,DeKalb,
H1112,033,0,Wellcare,HMO-POS D-SNP,Wellcare Dual Liberty (HMO-POS D-SNP),23.80 ,615.00 ,9250.00 ,3.5,1,,,,GA,DeKalb,
H1112,034,0,Wellcare,HMO-POS,Wellcare Patriot Simple (HMO-POS),Not Applicable,Not Applicable,3400.00 ,3.5,,,,,GA,DeKalb,
H1112,038,0,Wellcare,HMO-POS,Wellcare Simple (HMO-POS),0.00 ,615.00 ,7200.00 ,3.5,1,,,,GA,DeKalb,
H1112,042,0,Wellcare,HMO-POS,Wellcare Giveback (HMO-POS),0.00 ,615.00 ,9250.00 ,3.5,1,,,,GA,DeKalb,
H1112,043,0,Wellcare,HMO-POS,Wellcare Assist (HMO-POS),25.40 ,565.00 ,7500.00 ,3.5,1,,,,GA,DeKalb,
H1112,046,0,Wellcare,HMO-POS D-SNP,Wellcare Dual Reserve (HMO-POS D-SNP),13.10 ,615.00 ,7500.00 ,3.5,1,,,,GA,DeKalb,
H1170,002,0,Kaiser Permanente,HMO,Kaiser Permanente Senior Advantage Enhanced 1 (HMO),67.00 ,0.00 ,6000.00 ,4.5,1,,,,GA,DeKalb,
H1170,008,0,Kaiser Permanente,HMO D-SNP,Kaiser Permanente Dual Essential Plan 1 (HMO D-SNP),0.00 ,615.00 ,9250.00 ,4.5,1,,,,GA,DeKalb,
H1170,009,0,Kaiser Permanente,HMO,Kaiser Permanente Senior Advantage Basic 1 (HMO),0.00 ,0.00 ,7500.00 ,4.5,1,,,,GA,DeKalb,
H1170,013,0,Kaiser Permanente,HMO-POS,Kaiser Permanente Senior Advantage Care Plus (HMO-POS),0.00 ,0.00 ,8000.00 ,4.5,1,,,,GA,DeKalb,
H1170,014,0,Kaiser Permanente,HMO,Kaiser Permanente Senior Advantage Liberty (HMO),Not Applicable,Not Applicable,6000.00 ,4.5,,,,,GA,DeKalb,
H1170,015,0,Kaiser Permanente,HMO D-SNP,Kaiser Permanente Dual Complete (HMO D-SNP),0.00 ,615.00 ,9250.00 ,4.5,1,,,,GA,DeKalb,
H1170,016,0,Kaiser Permanente,HMO,Kaiser Permanente Senior Advantage Standard (HMO),34.00 ,0.00 ,6500.00 ,4.5,1,,,,GA,DeKalb,
H1170,017,0,Kaiser Permanente,HMO,Kaiser Permanente Sr Advantage Liberty Giveback (HMO),Not Applicable,Not Applicable,6750.00 ,4.5,,,,,GA,DeKalb,
H1608,028,0,Aetna Medicare,PPO,Aetna Medicare Enhanced (PPO),58.00 ,615.00 ,9250.00 ,4.0,1,,,,GA,DeKalb,
H2293,002,0,Aetna Medicare,PPO D-SNP,Aetna Medicare Dual Extra Care (PPO D-SNP),13.70 ,615.00 ,9250.00 ,4.0,1,,,,GA,DeKalb,
H2293,004,0,Aetna Medicare,PPO D-SNP,Aetna Medicare Dual Care (PPO D-SNP),14.60 ,615.00 ,9250.00 ,4.0,1,,,,GA,DeKalb,
H2293,009,0,Aetna Medicare,PPO,Aetna Medicare Eagle Plus (PPO),Not Applicable,Not Applicable,8900.00 ,4.0,,,,,GA,DeKalb,
H2293,010,0,Aetna Medicare,PPO,Aetna Medicare Elite Giveback (PPO),0.00 ,615.00 ,9250.00 ,4.0,1,,,,GA,DeKalb,
H2293,035,0,Aetna Medicare,PPO C-SNP,Aetna Medicare Chronic Care (PPO C-SNP),0.00 ,615.00 ,9250.00 ,4.0,1,,,,GA,DeKalb,
H2406,052,0,UnitedHealthcare,PPO D-SNP,UHC Dual Complete GA-D001 (PPO D-SNP),25.40 ,615.00 ,9250.00 ,4.0,1,,,,GA,DeKalb,
H3256,004,1,UnitedHealthcare,PPO D-SNP,UHC Dual Complete GA-S2 (PPO D-SNP),25.40 ,615.00 ,9250.00 ,5.0,1,,,,GA,DeKalb,
H3256,005,1,UnitedHealthcare,PPO D-SNP,UHC Dual Complete GA-S1 (PPO D-SNP),25.40 ,615.00 ,9250.00 ,5.0,1,,,,GA,DeKalb,
H3256,006,1,UnitedHealthcare,PPO D-SNP,UHC Dual Complete GA-V1 (PPO D-SNP),25.40 ,615.00 ,7900.00 ,5.0,1,,,,GA,DeKalb,
H3288,034,0,Aetna Medicare,PPO,Aetna Medicare Eagle Plus (PPO),Not Applicable,Not Applicable,8900.00 ,3.5,,,,,GA,DeKalb,
H3291,001,0,PruittHealth Premier,HMO I-SNP,PruittHealth Premier (HMO I-SNP),25.40 ,615.00 ,9250.00 ,Not Enough Data Available,1,,,,GA,DeKalb,
H3291,002,0,PruittHealth Premier,HMO D-SNP,PruittHealth Premier D-SNP (HMO D-SNP),24.80 ,615.00 ,9250.00 ,Not Enough Data Available,1,,,,GA,DeKalb,
H3291,003,0,PruittHealth Premier,HMO I-SNP,PruittHealth Premier Advantage (HMO I-SNP),0.00 ,0.00 ,5900.00 ,Not Enough Data Available,1,,,,GA,DeKalb,
H4036,030,0,Anthem Blue Cross and Blue Shield,PPO,Anthem Medicare Advantage 2 (PPO),82.00 ,200.00 ,9250.00 ,4.0,1,,,,GA,DeKalb,
H4036,040,0,Anthem Blue Cross and Blue Shield,PPO,Anthem Veteran (PPO),Not Applicable,Not Applicable,9250.00 ,4.0,,,,,GA,DeKalb,
H4141,003,0,Humana,HMO D-SNP,Humana Gold Plus SNP-DE H4141-003 (HMO D-SNP),0.00 ,615.00 ,9250.00 ,4.0,1,,,,GA,DeKalb,
H4141,015,0,Humana,HMO,Humana Gold Plus H4141-015 (HMO),0.00 ,350.00 ,9250.00 ,4.0,1,,,,GA,DeKalb,
H4141,017,3,Humana,HMO,Humana Gold Plus H4141-017 (HMO),0.00 ,350.00 ,5500.00 ,4.0,1,,,,GA,DeKalb,
H4141,022,0,Humana,HMO,Humana Gold Plus Giveback H4141-022 (HMO),0.00 ,450.00 ,9250.00 ,4.0,1,,,,GA,DeKalb,
H4141,023,0,Humana,HMO,Humana Gold Plus H4141-023 (HMO),0.00 ,450.00 ,6750.00 ,4.0,1,,,,GA,DeKalb,
H4141,024,0,Humana,HMO D-SNP,Humana Gold Plus SNP-DE H4141-024 (HMO D-SNP),0.00 ,615.00 ,9250.00 ,4.0,1,,,,GA,DeKalb,
H4141,025,0,Humana,HMO D-SNP,Humana Gold Plus SNP-DE H4141-025 (HMO D-SNP),0.00 ,615.00 ,9250.00 ,4.0,1,,,,GA,DeKalb,
H5141,026,0,Clover Health,PPO,Clover Health LiveHealthy (PPO),0.00 ,0.00 ,6700.00 ,4.5,1,,,,GA,DeKalb,
H5141,045,0,Clover Health,PPO,Clover Health LiveHealthy Value (PPO),25.00 ,150.00 ,6500.00 ,4.5,1,,,,GA,DeKalb,
H5141,056,0,Clover Health,PPO,Clover Health Valor (PPO),Not Applicable,Not Applicable,7499.00 ,4.5,,,,,GA,DeKalb,
H5216,073,0,Humana,PPO,HumanaChoice H5216-073 (PPO),45.00 ,615.00 ,9250.00 ,3.5,1,,,,GA,DeKalb,
H5216,154,0,Humana,PPO,HumanaChoice Giveback H5216-154 (PPO),0.00 ,615.00 ,9250.00 ,3.5,1,,,,GA,DeKalb,
H5216,157,0,Humana,PPO,HumanaChoice H5216-157 (PPO),Not Applicable,Not Applicable,9250.00 ,3.5,,,,,GA,DeKalb,
H5216,203,1,Humana,PPO,HumanaChoice H5216-203 (PPO),0.00 ,350.00 ,9250.00 ,3.5,1,,,,GA,DeKalb,
H5216,205,0,Humana,PPO D-SNP,HumanaChoice SNP-DE H5216-205 (PPO D-SNP),25.40 ,615.00 ,9250.00 ,3.5,1,,,,GA,DeKalb,
H5216,206,0,Humana,PPO D-SNP,Humana Dual Select H5216-206 (PPO D-SNP),25.40 ,615.00 ,9250.00 ,3.5,1,,,,GA,DeKalb,
H5216,217,0,Humana,PPO,Humana USAA Honor Giveback (PPO),Not Applicable,Not Applicable,6700.00 ,3.5,,,,,GA,DeKalb,
H5216,242,0,Humana,PPO I-SNP,Humana Together in Health (PPO I-SNP),0.00 ,615.00 ,9250.00 ,3.5,1,,,,GA,DeKalb,
H5216,246,0,Humana,PPO C-SNP,HumanaChoice - Diabetes and Heart (PPO C-SNP),0.00 ,450.00 ,9250.00 ,3.5,1,,,,GA,DeKalb,
H5216,280,1,Humana,PPO,HumanaChoice H5216-280 (PPO),25.40 ,615.00 ,9250.00 ,3.5,1,,,,GA,DeKalb,
H5216,286,0,Humana,PPO,Humana USAA Honor Giveback (PPO),Not Applicable,Not Applicable,9250.00 ,3.5,,,,,GA,DeKalb,
H5216,345,0,Humana,PPO,HumanaChoice Giveback H5216-345 (PPO),0.00 ,450.00 ,9250.00 ,3.5,1,,,,GA,DeKalb,
H5216,421,0,Humana,PPO,HumanaChoice H5216-421 (PPO),0.00 ,450.00 ,9250.00 ,3.5,1,,,,GA,DeKalb,
H5302,012,0,Aetna Medicare,HMO D-SNP,Aetna Medicare Dual Extra Care (HMO D-SNP),0.40 ,615.00 ,9250.00 ,4.5,1,,,,GA,DeKalb,
H5302,022,0,Aetna Medicare,HMO,Aetna Medicare Signature Care (HMO),0.00 ,615.00 ,9250.00 ,4.5,1,,,,GA,DeKalb,
H5302,024,0,Aetna Medicare,HMO D-SNP,Aetna Medicare Full Dual Care (HMO D-SNP),0.00 ,615.00 ,9250.00 ,4.5,1,,,,GA,DeKalb,
H5302,026,0,Aetna Medicare,HMO C-SNP,Aetna Medicare Chronic Care (HMO C-SNP),0.00 ,615.00 ,9250.00 ,4.5,1,,,,GA,DeKalb,
H5322,047,1,UnitedHealthcare,HMO-POS,AARP Medicare Advantage from UHC GA-5 (HMO-POS),19.00 ,520.00 ,6700.00 ,4.0,1,,,,GA,DeKalb,
H5322,049,1,UnitedHealthcare,HMO-POS D-SNP,UHC Dual Complete GA-S3 (HMO-POS D-SNP),11.10 ,615.00 ,9250.00 ,4.0,1,,,,GA,DeKalb,
H5322,050,1,UnitedHealthcare,HMO-POS D-SNP,UHC Dual Complete GA-D2 (HMO-POS D-SNP),0.00 ,615.00 ,9250.00 ,4.0,1,,,,GA,DeKalb,
H5422,011,0,Anthem Blue Cross and Blue Shield,HMO-POS,Anthem Medicare Advantage (HMO-POS),0.00 ,250.00 ,9250.00 ,3.5,1,,,,GA,DeKalb,
H5422,013,0,Anthem Blue Cross and Blue Shield,HMO-POS,Anthem Extra Help (HMO-POS),25.40 ,390.00 ,5900.00 ,3.5,1,,,,GA,DeKalb,
H5422,014,0,Anthem Blue Cross and Blue Shield,HMO-POS,Anthem Veteran (HMO-POS),Not Applicable,Not Applicable,9250.00 ,3.5,,,,,GA,DeKalb,
H5422,015,0,Anthem Blue Cross and Blue Shield,HMO-POS C-SNP,Anthem Kidney Care (HMO-POS C-SNP),0.00 ,0.00 ,5900.00 ,3.5,1,,,,GA,DeKalb,
H5422,018,0,Anthem Blue Cross and Blue Shield,HMO D-SNP,Anthem Dual Advantage (HMO D-SNP),0.00 ,355.00 ,9250.00 ,3.5,1,,,,GA,DeKalb,
H5422,019,0,Anthem Blue Cross and Blue Shield,HMO D-SNP,Anthem Full Dual Advantage (HMO D-SNP),0.00 ,520.00 ,9250.00 ,3.5,1,,,,GA,DeKalb,
H5453,001,0,Devoted Health,PPO,DEVOTED CHOICE 001 GA (PPO),0.00 ,370.00 ,7400.00 ,Plan Too New To Be Measured,1,,,,GA,DeKalb,
H5453,002,0,Devoted Health,PPO,DEVOTED CHOICE GIVEBACK 002 GA (PPO),0.00 ,605.00 ,9250.00 ,Plan Too New To Be Measured,1,,,,GA,DeKalb,
H5453,003,0,Devoted Health,PPO,DEVOTED CHOICE MA ONLY 003 GA (PPO),Not Applicable,Not Applicable,9250.00 ,Plan Too New To Be Measured,,,,,GA,DeKalb,
H5453,015,0,Devoted Health,PPO C-SNP,DEVOTED C-SNP CHOICE PREMIUM 015 GA (PPO C-SNP),25.40 ,615.00 ,7400.00 ,Plan Too New To Be Measured,1,,,,GA,DeKalb,
H5453,016,0,Devoted Health,PPO C-SNP,DEVOTED C-SNP CHOICE PLUS 016 GA (PPO C-SNP),25.40 ,615.00 ,9250.00 ,Plan Too New To Be Measured,1,,,,GA,DeKalb,
H5521,091,0,Aetna Medicare,PPO,Aetna Medicare Elite (PPO),0.00 ,615.00 ,9250.00 ,4.5,1,,,,GA,DeKalb,
H5521,364,0,Aetna Medicare,PPO,Aetna Medicare Value Care (PPO),25.40 ,615.00 ,9250.00 ,4.5,1,,,,GA,DeKalb,
H5521,598,0,Aetna Medicare,PPO,Aetna Medicare Elite Care (PPO),0.00 ,615.00 ,9250.00 ,4.5,1,,,,GA,DeKalb,
H6672,003,0,Clear Spring Health,HMO C-SNP,Clear Spring Health Balance+ Diabetes & Heart (HMO C-SNP),0.00 ,300.00 ,6751.00 ,2.5,1,,,,GA,DeKalb,
H6672,005,0,Clear Spring Health,HMO,Clear Spring Health BrightPath Advantage (HMO),0.00 ,400.00 ,4200.00 ,2.5,1,,,,GA,DeKalb,
H7617,092,0,Humana,PPO,HumanaChoice H7617-092 (PPO),0.00 ,350.00 ,9250.00 ,4.5,1,,,,GA,DeKalb,
H7617,093,0,Humana,PPO,HumanaChoice H7617-093 (PPO),0.00 ,450.00 ,9250.00 ,4.5,1,,,,GA,DeKalb,
H7617,094,0,Humana,PPO,HumanaChoice Giveback H7617-094 (PPO),0.00 ,450.00 ,9250.00 ,4.5,1,,,,GA,DeKalb,
H7617,096,0,Humana,PPO,Humana USAA Honor Giveback (PPO),Not Applicable,Not Applicable,9250.00 ,4.5,,,,,GA,DeKalb,
H7849,145,0,HealthSpring,PPO,HealthSpring True Choice (PPO),0.00 ,250.00 ,6800.00 ,3.0,1,,,,GA,DeKalb,
H8145,069,0,Humana,PFFS,Humana Gold Choice H8145-069 (PFFS),27.00 ,615.00 ,6700.00 ,3.5,1,,,,GA,DeKalb,
H9589,003,0,Clear Spring Health,PPO,Clear Spring Health BrightPath Advantage (PPO),0.00 ,400.00 ,6751.00 ,Not Enough Data Available,1,,,,GA,DeKalb,
R0110,019,0,Humana,Regional PPO,HumanaChoice R0110-019 (Regional PPO),Not Applicable,Not Applicable,7550.00 ,3.5,,,,,GA,DeKalb,
R0110,020,0,Humana,Regional PPO,Humana Full Access R0110-020 (Regional PPO),100.00 ,615.00 ,9250.00 ,3.5,1,,,,GA,DeKalb,
R2604,002,0,UnitedHealthcare,Regional PPO C-SNP,UHC Complete Care Support GS-1A (Regional PPO C-SNP),18.10 ,615.00 ,9250.00 ,4.0,1,,,,GA,DeKalb,
R2604,005,0,UnitedHealthcare,Regional PPO,UHC Medicare Advantage Patriot No Rx GS-MA01 (Regional PPO),Not Applicable,Not Applicable,9250.00 ,4.0,,,,,GA,DeKalb,
H0111,001,0,Wellcare,PPO,Wellcare Simple Open (PPO),0.00 ,615.00 ,9250.00 ,3.5,1,,,,GA,Fulton,
H0111,004,0,Wellcare,PPO D-SNP,Wellcare Dual Access Open (PPO D-SNP),25.40 ,615.00 ,9250.00 ,3.5,1,,,,GA,Fulton,
H0111,007,0,Wellcare,PPO,Wellcare Patriot Giveback Open (PPO),Not Applicable,Not Applicable,9250.00 ,3.5,,,,,GA,Fulton,
H0439,002,0,HealthSpring,HMO D-SNP,HealthSpring TotalCare (HMO D-SNP),3.40 ,615.00 ,6750.00 ,3.5,1,,,,GA,Fulton,
H0439,003,1,HealthSpring,HMO,HealthSpring Preferred GA (HMO),0.00 ,615.00 ,5200.00 ,3.5,1,,,,GA,Fulton,
H0439,006,0,HealthSpring,HMO,HealthSpring Preferred Plus (HMO),18.00 ,615.00 ,6800.00 ,3.5,1,,,,GA,Fulton,
H0439,012,0,HealthSpring,HMO D-SNP,HealthSpring TotalCare Plus (HMO D-SNP),3.40 ,615.00 ,9250.00 ,3.5,1,,,,GA,Fulton,
H0439,015,1,HealthSpring,HMO,HealthSpring Preferred (HMO),0.00 ,400.00 ,4800.00 ,3.5,1,,,,GA,Fulton,
H0439,016,0,HealthSpring,HMO,HealthSpring Preferred Savings (HMO),0.00 ,615.00 ,9250.00 ,3.5,1,,,,GA,Fulton,
H0710,033,0,UnitedHealthcare,PPO I-SNP,UHC Nursing Home Plan GA-F001 (PPO I-SNP),25.40 ,615.00 ,9250.00 ,4.5,1,,,,GA,Fulton,
H1112,006,0,Wellcare,HMO-POS D-SNP,Wellcare Dual Access (HMO-POS D-SNP),23.50 ,615.00 ,9250.00 ,3.5,1,,,,GA,Fulton,
H1112,033,0,Wellcare,HMO-POS D-SNP,Wellcare Dual Liberty (HMO-POS D-SNP),23.80 ,615.00 ,9250.00 ,3.5,1,,,,GA,Fulton,
H1112,034,0,Wellcare,HMO-POS,Wellcare Patriot Simple (HMO-POS),Not Applicable,Not Applicable,3400.00 ,3.5,,,,,GA,Fulton,
H1112,038,0,Wellcare,HMO-POS,Wellcare Simple (HMO-POS),0.00 ,615.00 ,7200.00 ,3.5,1,,,,GA,Fulton,
H1112,042,0,Wellcare,HMO-POS,Wellcare Giveback (HMO-POS),0.00 ,615.00 ,9250.00 ,3.5,1,,,,GA,Fulton,
H1112,043,0,Wellcare,HMO-POS,Wellcare Assist (HMO-POS),25.40 ,565.00 ,7500.00 ,3.5,1,,,,GA,Fulton,
H1112,046,0,Wellcare,HMO-POS D-SNP,Wellcare Dual Reserve (HMO-POS D-SNP),13.10 ,615.00 ,7500.00 ,3.5,1,,,,GA,Fulton,
H1170,002,0,Kaiser Permanente,HMO,Kaiser Permanente Senior Advantage Enhanced 1 (HMO),67.00 ,0.00 ,6000.00 ,4.5,1,,,,GA,Fulton,
H1170,008,0,Kaiser Permanente,HMO D-SNP,Kaiser Permanente Dual Essential Plan 1 (HMO D-SNP),0.00 ,615.00 ,9250.00 ,4.5,1,,,,GA,Fulton,
H1170,009,0,Kaiser Permanente,HMO,Kaiser Permanente Senior Advantage Basic 1 (HMO),0.00 ,0.00 ,7500.00 ,4.5,1,,,,GA,Fulton,
H1170,013,0,Kaiser Permanente,HMO-POS,Kaiser Permanente Senior Advantage Care Plus (HMO-POS),0.00 ,0.00 ,8000.00 ,4.5,1,,,,GA,Fulton,
H1170,014,0,Kaiser Permanente,HMO,Kaiser Permanente Senior Advantage Liberty (HMO),Not Applicable,Not Applicable,6000.00 ,4.5,,,,,GA,Fulton,
H1170,015,0,Kaiser Permanente,HMO D-SNP,Kaiser Permanente Dual Complete (HMO D-SNP),0.00 ,615.00 ,9250.00 ,4.5,1,,,,GA,Fulton,
H1170,016,0,Kaiser Permanente,HMO,Kaiser Permanente Senior Advantage Standard (HMO),34.00 ,0.00 ,6500.00 ,4.5,1,,,,GA,Fulton,
H1170,017,0,Kaiser Permanente,HMO,Kaiser Permanente Sr Advantage Liberty Giveback (HMO),Not Applicable,Not Applicable,6750.00 ,4.5,,,,,GA,Fulton,
H1608,109,0,Aetna Medicare,PPO,Aetna Medicare Elite (PPO),0.00 ,615.00 ,9250.00 ,4.0,1,,,,GA,Fulton,
H2293,002,0,Aetna Medicare,PPO D-SNP,Aetna Medicare Dual Extra Care (PPO D-SNP),13.70 ,615.00 ,9250.00 ,4.0,1,,,,GA,Fulton,
H2293,004,0,Aetna Medicare,PPO D-SNP,Aetna Medicare Dual Care (PPO D-SNP),14.60 ,615.00 ,9250.00 ,4.0,1,,,,GA,Fulton,
H2293,009,0,Aetna Medicare,PPO,Aetna Medicare Eagle Plus (PPO),Not Applicable,Not Applicable,8900.00 ,4.0,,,,,GA,Fulton,
H2293,010,0,Aetna Medicare,PPO,Aetna Medicare Elite Giveback (PPO),0.00 ,615.00 ,9250.00 ,4.0,1,,,,GA,Fulton,
H2293,035,0,Aetna Medicare,PPO C-SNP,Aetna Medicare Chronic Care (PPO C-SNP),0.00 ,615.00 ,9250.00 ,4.0,1,,,,GA,Fulton,
H2406,052,0,UnitedHealthcare,PPO D-SNP,UHC Dual Complete GA-D001 (PPO D-SNP),25.40 ,615.00 ,9250.00 ,4.0,1,,,,GA,Fulton,
H3256,004,1,UnitedHealthcare,PPO D-SNP,UHC Dual Complete GA-S2 (PPO D-SNP),25.40 ,615.00 ,9250.00 ,5.0,1,,,,GA,Fulton,
H3256,005,1,UnitedHealthcare,PPO D-SNP,UHC Dual Complete GA-S1 (PPO D-SNP),25.40 ,615.00 ,9250.00 ,5.0,1,,,,GA,Fulton,
H3256,006,1,UnitedHealthcare,PPO D-SNP,UHC Dual Complete GA-V1 (PPO D-SNP),25.40 ,615.00 ,7900.00 ,5.0,1,,,,GA,Fulton,
H3288,034,0,Aetna Medicare,PPO,Aetna Medicare Eagle Plus (PPO),Not Applicable,Not Applicable,8900.00 ,3.5,,,,,GA,Fulton,
H3291,001,0,PruittHealth Premier,HMO I-SNP,PruittHealth Premier (HMO I-SNP),25.40 ,615.00 ,9250.00 ,Not Enough Data Available,1,,,,GA,Fulton,
H3291,002,0,PruittHealth Premier,HMO D-SNP,PruittHealth Premier D-SNP (HMO D-SNP),24.80 ,615.00 ,9250.00 ,Not Enough Data Available,1,,,,GA,Fulton,
H3291,003,0,PruittHealth Premier,HMO I-SNP,PruittHealth Premier Advantage (HMO I-SNP),0.00 ,0.00 ,5900.00 ,Not Enough Data Available,1,,,,GA,Fulton,
H4036,030,0,Anthem Blue Cross and Blue Shield,PPO,Anthem Medicare Advantage 2 (PPO),82.00 ,200.00 ,9250.00 ,4.0,1,,,,GA,Fulton,
H4036,040,0,Anthem Blue Cross and Blue Shield,PPO,Anthem Veteran (PPO),Not Applicable,Not Applicable,9250.00 ,4.0,,,,,GA,Fulton,
H4141,003,0,Humana,HMO D-SNP,Humana Gold Plus SNP-DE H4141-003 (HMO D-SNP),0.00 ,615.00 ,9250.00 ,4.0,1,,,,GA,Fulton,
H4141,015,0,Humana,HMO,Humana Gold Plus H4141-015 (HMO),0.00 ,350.00 ,9250.00 ,4.0,1,,,,GA,Fulton,
H4141,017,3,Humana,HMO,Humana Gold Plus H4141-017 (HMO),0.00 ,350.00 ,5500.00 ,4.0,1,,,,GA,Fulton,
H4141,022,0,Humana,HMO,Humana Gold Plus Giveback H4141-022 (HMO),0.00 ,450.00 ,9250.00 ,4.0,1,,,,GA,Fulton,
H4141,023,0,Humana,HMO,Humana Gold Plus H4141-023 (HMO),0.00 ,450.00 ,6750.00 ,4.0,1,,,,GA,Fulton,
H4141,024,0,Humana,HMO D-SNP,Humana Gold Plus SNP-DE H4141-024 (HMO D-SNP),0.00 ,615.00 ,9250.00 ,4.0,1,,,,GA,Fulton,
H4141,025,0,Humana,HMO D-SNP,Humana Gold Plus SNP-DE H4141-025 (HMO D-SNP),0.00 ,615.00 ,9250.00 ,4.0,1,,,,GA,Fulton,
H5141,026,0,Clover Health,PPO,Clover Health LiveHealthy (PPO),0.00 ,0.00 ,6700.00 ,4.5,1,,,,GA,Fulton,
H5141,045,0,Clover Health,PPO,Clover Health LiveHealthy Value (PPO),25.00 ,150.00 ,6500.00 ,4.5,1,,,,GA,Fulton,
H5141,056,0,Clover Health,PPO,Clover Health Valor (PPO),Not Applicable,Not Applicable,7499.00 ,4.5,,,,,GA,Fulton,
H5216,073,0,Humana,PPO,HumanaChoice H5216-073 (PPO),45.00 ,615.00 ,9250.00 ,3.5,1,,,,GA,Fulton,
H5216,154,0,Humana,PPO,HumanaChoice Giveback H5216-154 (PPO),0.00 ,615.00 ,9250.00 ,3.5,1,,,,GA,Fulton,
H5216,157,0,Humana,PPO,HumanaChoice H5216-157 (PPO),Not Applicable,Not Applicable,9250.00 ,3.5,,,,,GA,Fulton,
H5216,205,0,Humana,PPO D-SNP,HumanaChoice SNP-DE H5216-205 (PPO D-SNP),25.40 ,615.00 ,9250.00 ,3.5,1,,,,GA,Fulton,
H5216,206,0,Humana,PPO D-SNP,Humana Dual Select H5216-206 (PPO D-SNP),25.40 ,615.00 ,9250.00 ,3.5,1,,,,GA,Fulton,
H5216,217,0,Humana,PPO,Humana USAA Honor Giveback (PPO),Not Applicable,Not Applicable,6700.00 ,3.5,,,,,GA,Fulton,
H5216,242,0,Humana,PPO I-SNP,Humana Together in Health (PPO I-SNP),0.00 ,615.00 ,9250.00 ,3.5,1,,,,GA,Fulton,
H5216,246,0,Humana,PPO C-SNP,HumanaChoice - Diabetes and Heart (PPO C-SNP),0.00 ,450.00 ,9250.00 ,3.5,1,,,,GA,Fulton,
H5216,280,1,Humana,PPO,HumanaChoice H5216-280 (PPO),25.40 ,615.00 ,9250.00 ,3.5,1,,,,GA,Fulton,
H5216,286,0,Humana,PPO,Humana USAA Honor Giveback (PPO),Not Applicable,Not Applicable,9250.00 ,3.5,,,,,GA,Fulton,
H5216,345,0,Humana,PPO,HumanaChoice Giveback H5216-345 (PPO),0.00 ,450.00 ,9250.00 ,3.5,1,,,,GA,Fulton,
H5216,421,0,Humana,PPO,HumanaChoice H5216-421 (PPO),0.00 ,450.00 ,9250.00 ,3.5,1,,,,GA,Fulton,
H5302,012,0,Aetna Medicare,HMO D-SNP,Aetna Medicare Dual Extra Care (HMO D-SNP),0.40 ,615.00 ,9250.00 ,4.5,1,,,,GA,Fulton,
H5302,022,0,Aetna Medicare,HMO,Aetna Medicare Signature Care (HMO),0.00 ,615.00 ,9250.00 ,4.5,1,,,,GA,Fulton,
H5302,024,0,Aetna Medicare,HMO D-SNP,Aetna Medicare Full Dual Care (HMO D-SNP),0.00 ,615.00 ,9250.00 ,4.5,1,,,,GA,Fulton,
H5302,026,0,Aetna Medicare,HMO C-SNP,Aetna Medicare Chronic Care (HMO C-SNP),0.00 ,615.00 ,9250.00 ,4.5,1,,,,GA,Fulton,
H5322,047,1,UnitedHealthcare,HMO-POS,AARP Medicare Advantage from UHC GA-5 (HMO-POS),19.00 ,520.00 ,6700.00 ,4.0,1,,,,GA,Fulton,
H5322,049,1,UnitedHealthcare,HMO-POS D-SNP,UHC Dual Complete GA-S3 (HMO-POS D-SNP),11.10 ,615.00 ,9250.00 ,4.0,1,,,,GA,Fulton,
H5322,050,1,UnitedHealthcare,HMO-POS D-SNP,UHC Dual Complete GA-D2 (HMO-POS D-SNP),0.00 ,615.00 ,9250.00 ,4.0,1,,,,GA,Fulton,
H5422,011,0,Anthem Blue Cross and Blue Shield,HMO-POS,Anthem Medicare Advantage (HMO-POS),0.00 ,250.00 ,9250.00 ,3.5,1,,,,GA,Fulton,
H5422,013,0,Anthem Blue Cross and Blue Shield,HMO-POS,Anthem Extra Help (HMO-POS),25.40 ,390.00 ,5900.00 ,3.5,1,,,,GA,Fulton,
H5422,014,0,Anthem Blue Cross and Blue Shield,HMO-POS,Anthem Veteran (HMO-POS),Not Applicable,Not Applicable,9250.00 ,3.5,,,,,GA,Fulton,
H5422,015,0,Anthem Blue Cross and Blue Shield,HMO-POS C-SNP,Anthem Kidney Care (HMO-POS C-SNP),0.00 ,0.00 ,5900.00 ,3.5,1,,,,GA,Fulton,
H5422,018,0,Anthem Blue Cross and Blue Shield,HMO D-SNP,Anthem Dual Advantage (HMO D-SNP),0.00 ,355.00 ,9250.00 ,3.5,1,,,,GA,Fulton,
H5422,019,0,Anthem Blue Cross and Blue Shield,HMO D-SNP,Anthem Full Dual Advantage (HMO D-SNP),0.00 ,520.00 ,9250.00 ,3.5,1,,,,GA,Fulton,
H5453,001,0,Devoted Health,PPO,DEVOTED CHOICE 001 GA (PPO),0.00 ,370.00 ,7400.00 ,Plan Too New To Be Measured,1,,,,GA,Fulton,
H5453,002,0,Devoted Health,PPO,DEVOTED CHOICE GIVEBACK 002 GA (PPO),0.00 ,605.00 ,9250.00 ,Plan Too New To Be Measured,1,,,,GA,Fulton,
H5453,003,0,Devoted Health,PPO,DEVOTED CHOICE MA ONLY 003 GA (PPO),Not Applicable,Not Applicable,9250.00 ,Plan Too New To Be Measured,,,,,GA,Fulton,
H5453,015,0,Devoted Health,PPO C-SNP,DEVOTED C-SNP CHOICE PREMIUM 015 GA (PPO C-SNP),25.40 ,615.00 ,7400.00 ,Plan Too New To Be Measured,1,,,,GA,Fulton,
H5453,016,0,Devoted Health,PPO C-SNP,DEVOTED C-SNP CHOICE PLUS 016 GA (PPO C-SNP),25.40 ,615.00 ,9250.00 ,Plan Too New To Be Measured,1,,,,GA,Fulton,
H5521,091,0,Aetna Medicare,PPO,Aetna Medicare Elite (PPO),0.00 ,615.00 ,9250.00 ,4.5,1,,,,GA,Fulton,
H5521,364,0,Aetna Medicare,PPO,Aetna Medicare Value Care (PPO),25.40 ,615.00 ,9250.00 ,4.5,1,,,,GA,Fulton,
H5521,598,0,Aetna Medicare,PPO,Aetna Medicare Elite Care (PPO),0.00 ,615.00 ,9250.00 ,4.5,1,,,,GA,Fulton,
H6672,005,0,Clear Spring Health,HMO,Clear Spring Health BrightPath Advantage (HMO),0.00 ,400.00 ,4200.00 ,2.5,1,,,,GA,Fulton,
H7617,093,0,Humana,PPO,HumanaChoice H7617-093 (PPO),0.00 ,450.00 ,9250.00 ,4.5,1,,,,GA,Fulton,
H7617,094,0,Humana,PPO,HumanaChoice Giveback H7617-094 (PPO),0.00 ,450.00 ,9250.00 ,4.5,1,,,,GA,Fulton,
H7617,096,0,Humana,PPO,Humana USAA Honor Giveback (PPO),Not Applicable,Not Applicable,9250.00 ,4.5,,,,,GA,Fulton,
H7849,145,0,HealthSpring,PPO,HealthSpring True Choice (PPO),0.00 ,250.00 ,6800.00 ,3.0,1,,,,GA,Fulton,
H8145,069,0,Humana,PFFS,Humana Gold Choice H8145-069 (PFFS),27.00 ,615.00 ,6700.00 ,3.5,1,,,,GA,Fulton,
H8390,015,0,CareSource,HMO D-SNP,CareSource Dual Advantage (HMO D-SNP),17.30 ,615.00 ,9250.00 ,Not Enough Data Available,1,,,,GA,Fulton,
H8390,017,0,CareSource,HMO D-SNP,CareSource Dual Advantage Plus (HMO D-SNP),14.90 ,615.00 ,9250.00 ,Not Enough Data Available,1,,,,GA,Fulton,
H9589,003,0,Clear Spring Health,PPO,Clear Spring Health BrightPath Advantage (PPO),0.00 ,400.00 ,6751.00 ,Not Enough Data Available,1,,,,GA,Fulton,
R0110,019,0,Humana,Regional PPO,HumanaChoice R0110-019 (Regional PPO),Not Applicable,Not Applicable,7550.00 ,3.5,,,,,GA,Fulton,
R0110,020,0,Humana,Regional PPO,Humana Full Access R0110-020 (Regional PPO),100.00 ,615.00 ,9250.00 ,3.5,1,,,,GA,Fulton,
R2604,002,0,UnitedHealthcare,Regional PPO C-SNP,UHC Complete Care Support GS-1A (Regional PPO C-SNP),18.10 ,615.00 ,9250.00 ,4.0,1,,,,GA,Fulton,
R2604,005,0,UnitedHealthcare,Regional PPO,UHC Medicare Advantage Patriot No Rx GS-MA01 (Regional PPO),Not Applicable,Not Applicable,9250.00 ,4.0,,,,,GA,Fulton,
H0710,039,0,UnitedHealthcare,PPO I-SNP,UHC Nursing Home Plan IL-F001 (PPO I-SNP),15.20 ,615.00 ,9250.00 ,4.5,1,,,,IL,Cook,
H1206,003,0,Aetna Medicare,HMO-POS,Aetna Medicare Signature (HMO-POS),0.00 ,615.00 ,5900.00 ,Not Enough Data Available,1,,,,IL,Cook,
H1206,004,0,Aetna Medicare,HMO C-SNP,Aetna Medicare Prime Chronic Care (HMO C-SNP),0.00 ,200.00 ,6750.00 ,Not Enough Data Available,1,,,,IL,Cook,
H1206,009,0,Aetna Medicare,HMO C-SNP,Aetna Medicare Prime Chronic Total (HMO C-SNP),15.20 ,615.00 ,9250.00 ,Not Enough Data Available,1,,,,IL,Cook,
H1416,009,0,Wellcare,HMO-POS,Wellcare Simple (HMO-POS),0.00 ,615.00 ,3900.00 ,3.0,1,,,,IL,Cook,
H1416,082,0,Wellcare,HMO-POS,Wellcare Simple Value (HMO-POS),0.00 ,615.00 ,3900.00 ,3.0,1,,,,IL,Cook,
H1468,013,0,Humana,HMO,Humana Gold Plus H1468-013 (HMO),0.00 ,615.00 ,2150.00 ,3.5,1,,,,IL,Cook,
H1468,017,0,Humana,HMO C-SNP,Humana Community HMO Diabetes and Heart (HMO C-SNP),0.00 ,615.00 ,2950.00 ,3.5,1,,,,IL,Cook,
H1468,021,0,Humana,HMO,Humana Gold Plus Giveback H1468-021 (HMO),0.00 ,615.00 ,4000.00 ,3.5,1,,,,IL,Cook,
H2001,038,0,UnitedHealthcare,PPO C-SNP,UHC Complete Care Support IL-1A (PPO C-SNP),15.20 ,450.00 ,9250.00 ,4.5,1,,,,IL,Cook,
H2610,027,0,Essence Healthcare,HMO,Essence Advantage Select (HMO),0.00 ,0.00 ,3600.00 ,4.5,1,,,,IL,Cook,
H2715,003,0,Molina Healthcare of Illinois,HMO,Molina Medicare Choice Care (HMO),0.00 ,0.00 ,9250.00 ,Not Enough Data Available,1,,,,IL,Cook,
H2802,024,0,UnitedHealthcare,HMO-POS,AARP Medicare Advantage Essentials from UHC IL-8 (HMO-POS),0.00 ,440.00 ,2900.00 ,4.0,1,,,,IL,Cook,
H2802,025,0,UnitedHealthcare,HMO-POS,AARP Medicare Advantage from UHC IL-0001 (HMO-POS),37.00 ,440.00 ,2900.00 ,4.0,1,,,,IL,Cook,
H2802,054,0,UnitedHealthcare,HMO-POS,AARP Medicare Advantage from UHC IL-2 (HMO-POS),0.00 ,520.00 ,3900.00 ,4.0,1,,,,IL,Cook,
H2802,067,0,UnitedHealthcare,HMO-POS C-SNP,UHC Complete Care Support IL-7 (HMO-POS C-SNP),15.20 ,615.00 ,3500.00 ,4.0,1,,,,IL,Cook,
H2802,075,0,UnitedHealthcare,HMO-POS,AARP Medicare Advantage Extras from UHC IL-9 (HMO-POS),0.00 ,600.00 ,3900.00 ,4.0,1,,,,IL,Cook,
H3071,002,0,Clear Spring Health,HMO,Clear Spring Health BrightPath Advantage (HMO),0.00 ,200.00 ,3000.00 ,3.0,1,,,,IL,Cook,
H3093,004,0,Molina Healthcare of Illinois,HMO D-SNP,Molina Medicare Complete Care Plus (HMO D-SNP),0.00 ,0.00 ,9250.00 ,Plan Too New To Be Measured,1,,,,IL,Cook,
H3192,001,0,Aetna Medicare,HMO-POS,Aetna Medicare Prime (HMO-POS),0.00 ,615.00 ,5900.00 ,3.0,1,,,,IL,Cook,
H3800,001,0,Provider Partners Health Plans,HMO I-SNP,Provider Partners Illinois Advantage Plan (HMO I-SNP),15.20 ,615.00 ,9250.00 ,4.0,1,,,,IL,Cook,
H3822,001,0,"Blue Cross and Blue Shield of IL, NM",HMO,Blue Cross Medicare Advantage Basic (HMO),0.00 ,450.00 ,4500.00 ,3.5,1,,,,IL,Cook,
H3822,007,0,"Blue Cross and Blue Shield of IL, NM",HMO-POS,Blue Cross Medicare Advantage Basic Plus (HMO-POS),0.00 ,450.00 ,6750.00 ,3.5,1,,,,IL,Cook,
H3822,008,0,"Blue Cross and Blue Shield of IL, NM",HMO-POS,Blue Cross Medicare Advantage Premier Plus (HMO-POS),83.00 ,450.00 ,3500.00 ,3.5,1,,,,IL,Cook,
H4329,001,0,Humana,HMO D-SNP,Humana Dual Fully Integrated (HMO D-SNP),0.00 ,390.00 ,9250.00 ,Plan Too New To Be Measured,1,,,,IL,Cook,
H4513,084,0,HealthSpring,HMO-POS,HealthSpring Premier (HMO-POS),0.00 ,200.00 ,2900.00 ,4.5,1,,,,IL,Cook,
H4513,085,0,HealthSpring,HMO,HealthSpring Preferred (HMO),0.00 ,200.00 ,2000.00 ,4.5,1,,,,IL,Cook,
H4513,086,0,HealthSpring,HMO,HealthSpring Preferred Savings (HMO),0.00 ,200.00 ,4000.00 ,4.5,1,,,,IL,Cook,
H4624,001,0,Zing Health,HMO,Zing Choice IL (HMO),0.00 ,0.00 ,3850.00 ,2.5,1,,,,IL,Cook,
H4624,010,0,Zing Health,HMO C-SNP,Zing Essential Wellness Diabetes & Heart IL (HMO C-SNP),0.00 ,0.00 ,3650.00 ,2.5,1,,,,IL,Cook,
H4624,026,0,Zing Health,HMO,Zing Elite Select IL-IN (HMO),0.00 ,0.00 ,3000.00 ,2.5,1,,,,IL,Cook,
H4624,027,0,Zing Health,HMO C-SNP,Zing Select Diabetes & Heart Complete IL (HMO C-SNP),0.00 ,615.00 ,7000.00 ,2.5,1,,,,IL,Cook,
H4624,028,0,Zing Health,HMO C-SNP,Zing Elite Diabetes & Heart IL (HMO C-SNP),0.00 ,0.00 ,3200.00 ,2.5,1,,,,IL,Cook,
H4624,029,0,Zing Health,HMO C-SNP,Zing Select Dialysis IL (HMO C-SNP),0.00 ,0.00 ,4600.00 ,2.5,1,,,,IL,Cook,
H4624,045,0,Zing Health,HMO C-SNP,Zing Elite Essentials Diabetes & Heart IL-IN (HMO C-SNP),0.00 ,615.00 ,3200.00 ,2.5,1,,,,IL,Cook,
H5216,013,0,Humana,PPO,HumanaChoice H5216-013 (PPO),87.00 ,615.00 ,6550.00 ,3.5,1,,,,IL,Cook,
H5216,251,0,Humana,PPO,HumanaChoice H5216-251 (PPO),0.00 ,615.00 ,3600.00 ,3.5,1,,,,IL,Cook,
H5216,258,0,Humana,PPO,Humana USAA Honor Giveback (PPO),Not Applicable,Not Applicable,6000.00 ,3.5,,,,,IL,Cook,
H5216,283,0,Humana,PPO,HumanaChoice H5216-283 (PPO),5.20 ,615.00 ,4900.00 ,3.5,1,,,,IL,Cook,
H5216,355,0,Humana,PPO,Humana USAA Honor Giveback (PPO),Not Applicable,Not Applicable,6000.00 ,3.5,,,,,IL,Cook,
H5216,412,0,Humana,PPO,Humana Full Access H5216-412 (PPO),0.00 ,400.00 ,4500.00 ,3.5,1,,,,IL,Cook,
H5454,002,0,Clear Spring Health,HMO,Clear Spring Health BrightPath Advantage (HMO),0.00 ,200.00 ,2900.00 ,Not Enough Data Available,1,,,,IL,Cook,
H5454,006,0,Clear Spring Health,HMO C-SNP,Clear Spring Health Balance+ Diabetes & Heart (HMO C-SNP),0.00 ,300.00 ,6751.00 ,Not Enough Data Available,1,,,,IL,Cook,
H5521,016,0,Aetna Medicare,PPO,Aetna Medicare Premier (PPO),44.00 ,615.00 ,5000.00 ,4.5,1,,,,IL,Cook,
H5521,086,0,Aetna Medicare,PPO,Aetna Medicare Signature Extra (PPO),0.00 ,615.00 ,5200.00 ,4.5,1,,,,IL,Cook,
H5521,286,0,Aetna Medicare,PPO,Aetna Medicare Eagle (PPO),Not Applicable,Not Applicable,4900.00 ,4.5,,,,,IL,Cook,
H5779,002,0,Wellcare,HMO,Wellcare Simple Essential (HMO),0.00 ,615.00 ,4200.00 ,3.0,1,,,,IL,Cook,
H5779,007,0,Wellcare,HMO,Wellcare Simple Exclusive (HMO),0.00 ,615.00 ,3200.00 ,3.0,1,,,,IL,Cook,
H5779,009,0,Wellcare,HMO,Wellcare Simple Essential Value (HMO),0.00 ,615.00 ,3900.00 ,3.0,1,,,,IL,Cook,
H5779,010,0,Wellcare,HMO,Wellcare Giveback (HMO),0.00 ,615.00 ,7500.00 ,3.0,1,,,,IL,Cook,
H5779,011,0,Wellcare,HMO,Wellcare Patriot Giveback (HMO),Not Applicable,Not Applicable,5500.00 ,3.0,,,,,IL,Cook,
H6200,009,0,Essence Healthcare,PPO,Essence Advantage Choice (PPO),0.00 ,340.00 ,4150.00 ,3.5,1,,,,IL,Cook,
H6200,010,0,Essence Healthcare,PPO,Essence Advantage Choice Plus (PPO),49.00 ,0.00 ,4150.00 ,3.5,1,,,,IL,Cook,
H6200,011,0,Essence Healthcare,PPO,Essence Advantage Premier Plus (PPO),257.00 ,615.00 ,2000.00 ,3.5,1,,,,IL,Cook,
H6545,001,0,Devoted Health,PPO,DEVOTED CHOICE 001 IL (PPO),0.00 ,395.00 ,4700.00 ,3.5,1,,,,IL,Cook,
H6545,010,0,Devoted Health,PPO,DEVOTED CHOICE 010 IL (PPO),0.00 ,355.00 ,4900.00 ,3.5,1,,,,IL,Cook,
H6971,001,0,Wellcare,HMO D-SNP,Wellcare Meridian Dual Align (HMO D-SNP),14.20 ,400.00 ,9250.00 ,Plan Too New To Be Measured,1,,,,IL,Cook,
H7151,001,0,Devoted Health,HMO,DEVOTED CORE 001 IL (HMO),0.00 ,395.00 ,2700.00 ,4.0,1,,,,IL,Cook,
H7151,003,0,Devoted Health,HMO,DEVOTED GIVEBACK 003 IL (HMO),0.00 ,605.00 ,8850.00 ,4.0,1,,,,IL,Cook,
H7151,005,0,Devoted Health,HMO C-SNP,DEVOTED C-SNP PREMIUM 005 IL (HMO C-SNP),15.20 ,615.00 ,3500.00 ,4.0,1,,,,IL,Cook,
H7151,006,0,Devoted Health,HMO C-SNP,DEVOTED C-SNP PLUS 006 IL (HMO C-SNP),15.20 ,615.00 ,9250.00 ,4.0,1,,,,IL,Cook,
H7301,013,0,Aetna Medicare,PPO,Aetna Medicare Signature (PPO),0.00 ,615.00 ,6750.00 ,3.5,1,,,,IL,Cook,
H7617,009,0,Humana,PPO,Humana Full Access H7617-009 (PPO),0.00 ,400.00 ,4500.00 ,4.5,1,,,,IL,Cook,
H7617,018,0,Humana,PPO,HumanaChoice H7617-018 (PPO),0.00 ,615.00 ,3600.00 ,4.5,1,,,,IL,Cook,
H7617,022,0,Humana,PPO,Humana USAA Honor Giveback (PPO),Not Applicable,Not Applicable,6000.00 ,4.5,,,,,IL,Cook,
H7849,002,0,HealthSpring,PPO,HealthSpring True Choice (PPO),0.00 ,200.00 ,4000.00 ,3.0,1,,,,IL,Cook,
H7849,080,0,HealthSpring,PPO,HealthSpring True Choice Savings (PPO),0.00 ,200.00 ,4250.00 ,3.0,1,,,,IL,Cook,
H8145,006,0,Humana,PFFS,Humana Gold Choice H8145-006 (PFFS),37.00 ,615.00 ,6800.00 ,3.5,1,,,,IL,Cook,
H8547,001,0,Blue Cross and Blue Shield of Illinois,HMO,Blue Cross Medicare Advantage Secure (HMO),0.00 ,450.00 ,4750.00 ,3.5,1,,,,IL,Cook,
H8634,003,0,"Blue Cross and Blue Shield of IL, NM, OK, TX",PPO,Blue Cross Medicare Advantage Choice Plus (PPO),90.00 ,450.00 ,5100.00 ,3.0,1,,,,IL,Cook,
H8634,004,0,"Blue Cross and Blue Shield of IL, NM, OK, TX",PPO,Blue Cross Medicare Advantage Choice Premier (PPO),155.00 ,300.00 ,4850.00 ,3.0,1,,,,IL,Cook,
H8768,005,0,UnitedHealthcare,PPO,AARP Medicare Advantage from UHC IL-0004 (PPO),68.00 ,600.00 ,5400.00 ,3.5,1,,,,IL,Cook,
H8768,010,0,UnitedHealthcare,PPO,AARP Medicare Advantage from UHC IL-5 (PPO),0.00 ,600.00 ,6700.00 ,3.5,1,,,,IL,Cook,
H8768,019,0,UnitedHealthcare,PPO,AARP Medicare Advantage Patriot No Rx IL-MA01 (PPO),Not Applicable,Not Applicable,6700.00 ,3.5,,,,,IL,Cook,
H9590,001,0,Longevity Health,HMO I-SNP,Longevity Health Plan (HMO I-SNP),15.20 ,615.00 ,9250.00 ,5.0,1,,,,IL,Cook,
H9771,001,0,Aetna Medicare FIDE,HMO D-SNP,Aetna Medicare FIDE (HMO D-SNP),15.20 ,615.00 ,9250.00 ,Plan Too New To Be Measured,1,,,,IL,Cook,
R5361,001,0,Humana,Regional PPO,Humana USAA Honor Giveback (Regional PPO),Not Applicable,Not Applicable,6750.00 ,3.0,,,,,IL,Cook,
R5361,002,0,Humana,Regional PPO,HumanaChoice R5361-002 (Regional PPO),103.00 ,615.00 ,7200.00 ,3.0,1,,,,IL,Cook,
H0710,039,0,UnitedHealthcare,PPO I-SNP,UHC Nursing Home Plan IL-F001 (PPO I-SNP),15.20 ,615.00 ,9250.00 ,4.5,1,,,,IL,DuPage,
H1206,003,0,Aetna Medicare,HMO-POS,Aetna Medicare Signature (HMO-POS),0.00 ,615.00 ,5900.00 ,Not Enough Data Available,1,,,,IL,DuPage,
H1206,004,0,Aetna Medicare,HMO C-SNP,Aetna Medicare Prime Chronic Care (HMO C-SNP),0.00 ,200.00 ,6750.00 ,Not Enough Data Available,1,,,,IL,DuPage,
H1206,009,0,Aetna Medicare,HMO C-SNP,Aetna Medicare Prime Chronic Total (HMO C-SNP),15.20 ,615.00 ,9250.00 ,Not Enough Data Available,1,,,,IL,DuPage,
H1468,013,0,Humana,HMO,Humana Gold Plus H1468-013 (HMO),0.00 ,615.00 ,2150.00 ,3.5,1,,,,IL,DuPage,
H1468,017,0,Humana,HMO C-SNP,Humana Community HMO Diabetes and Heart (HMO C-SNP),0.00 ,615.00 ,2950.00 ,3.5,1,,,,IL,DuPage,
H1468,021,0,Humana,HMO,Humana Gold Plus Giveback H1468-021 (HMO),0.00 ,615.00 ,4000.00 ,3.5,1,,,,IL,DuPage,
H2001,038,0,UnitedHealthcare,PPO C-SNP,UHC Complete Care Support IL-1A (PPO C-SNP),15.20 ,450.00 ,9250.00 ,4.5,1,,,,IL,DuPage,
H2610,027,0,Essence Healthcare,HMO,Essence Advantage Select (HMO),0.00 ,0.00 ,3600.00 ,4.5,1,,,,IL,DuPage,
H2715,003,0,Molina Healthcare of Illinois,HMO,Molina Medicare Choice Care (HMO),0.00 ,0.00 ,9250.00 ,Not Enough Data Available,1,,,,IL,DuPage,
H2802,024,0,UnitedHealthcare,HMO-POS,AARP Medicare Advantage Essentials from UHC IL-8 (HMO-POS),0.00 ,440.00 ,2900.00 ,4.0,1,,,,IL,DuPage,
H2802,025,0,UnitedHealthcare,HMO-POS,AARP Medicare Advantage from UHC IL-0001 (HMO-POS),37.00 ,440.00 ,2900.00 ,4.0,1,,,,IL,DuPage,
H2802,054,0,UnitedHealthcare,HMO-POS,AARP Medicare Advantage from UHC IL-2 (HMO-POS),0.00 ,520.00 ,3900.00 ,4.0,1,,,,IL,DuPage,
H2802,067,0,UnitedHealthcare,HMO-POS C-SNP,UHC Complete Care Support IL-7 (HMO-POS C-SNP),15.20 ,615.00 ,3500.00 ,4.0,1,,,,IL,DuPage,
H2802,075,0,UnitedHealthcare,HMO-POS,AARP Medicare Advantage Extras from UHC IL-9 (HMO-POS),0.00 ,600.00 ,3900.00 ,4.0,1,,,,IL,DuPage,
H3071,002,0,Clear Spring Health,HMO,Clear Spring Health BrightPath Advantage (HMO),0.00 ,200.00 ,3000.00 ,3.0,1,,,,IL,DuPage,
H3093,005,0,Molina Healthcare of Illinois,HMO D-SNP,Molina Medicare Complete Care Plus (HMO D-SNP),0.00 ,615.00 ,9250.00 ,Plan Too New To Be Measured,1,,,,IL,DuPage,
H3192,001,0,Aetna Medicare,HMO-POS,Aetna Medicare Prime (HMO-POS),0.00 ,615.00 ,5900.00 ,3.0,1,,,,IL,DuPage,
H3800,001,0,Provider Partners Health Plans,HMO I-SNP,Provider Partners Illinois Advantage Plan (HMO I-SNP),15.20 ,615.00 ,9250.00 ,4.0,1,,,,IL,DuPage,
H3822,001,0,"Blue Cross and Blue Shield of IL, NM",HMO,Blue Cross Medicare Advantage Basic (HMO),0.00 ,450.00 ,4500.00 ,3.5,1,,,,IL,DuPage,
H3822,007,0,"Blue Cross and Blue Shield of IL, NM",HMO-POS,Blue Cross Medicare Advantage Basic Plus (HMO-POS),0.00 ,450.00 ,6750.00 ,3.5,1,,,,IL,DuPage,
H3822,008,0,"Blue Cross and Blue Shield of IL, NM",HMO-POS,Blue Cross Medicare Advantage Premier Plus (HMO-POS),83.00 ,450.00 ,3500.00 ,3.5,1,,,,IL,DuPage,
H4329,001,0,Humana,HMO D-SNP,Humana Dual Fully Integrated (HMO D-SNP),0.00 ,390.00 ,9250.00 ,Plan Too New To Be Measured,1,,,,IL,DuPage,
H4513,084,0,HealthSpring,HMO-POS,HealthSpring Premier (HMO-POS),0.00 ,200.00 ,2900.00 ,4.5,1,,,,IL,DuPage,
H4513,085,0,HealthSpring,HMO,HealthSpring Preferred (HMO),0.00 ,200.00 ,2000.00 ,4.5,1,,,,IL,DuPage,
H4513,086,0,HealthSpring,HMO,HealthSpring Preferred Savings (HMO),0.00 ,200.00 ,4000.00 ,4.5,1,,,,IL,DuPage,
H4624,001,0,Zing Health,HMO,Zing Choice IL (HMO),0.00 ,0.00 ,3850.00 ,2.5,1,,,,IL,DuPage,
H4624,010,0,Zing Health,HMO C-SNP,Zing Essential Wellness Diabetes & Heart IL (HMO C-SNP),0.00 ,0.00 ,3650.00 ,2.5,1,,,,IL,DuPage,
H4624,027,0,Zing Health,HMO C-SNP,Zing Select Diabetes & Heart Complete IL (HMO C-SNP),0.00 ,615.00 ,7000.00 ,2.5,1,,,,IL,DuPage,
H4624,029,0,Zing Health,HMO C-SNP,Zing Select Dialysis IL (HMO C-SNP),0.00 ,0.00 ,4600.00 ,2.5,1,,,,IL,DuPage,
H5216,013,0,Humana,PPO,HumanaChoice H5216-013 (PPO),87.00 ,615.00 ,6550.00 ,3.5,1,,,,IL,DuPage,
H5216,251,0,Humana,PPO,HumanaChoice H5216-251 (PPO),0.00 ,615.00 ,3600.00 ,3.5,1,,,,IL,DuPage,
H5216,258,0,Humana,PPO,Humana USAA Honor Giveback (PPO),Not Applicable,Not Applicable,6000.00 ,3.5,,,,,IL,DuPage,
H5216,283,0,Humana,PPO,HumanaChoice H5216-283 (PPO),5.20 ,615.00 ,4900.00 ,3.5,1,,,,IL,DuPage,
H5216,355,0,Humana,PPO,Humana USAA Honor Giveback (PPO),Not Applicable,Not Applicable,6000.00 ,3.5,,,,,IL,DuPage,
H5216,412,0,Humana,PPO,Humana Full Access H5216-412 (PPO),0.00 ,400.00 ,4500.00 ,3.5,1,,,,IL,DuPage,
H5454,002,0,Clear Spring Health,HMO,Clear Spring Health BrightPath Advantage (HMO),0.00 ,200.00 ,2900.00 ,Not Enough Data Available,1,,,,IL,DuPage,
H5454,006,0,Clear Spring Health,HMO C-SNP,Clear Spring Health Balance+ Diabetes & Heart (HMO C-SNP),0.00 ,300.00 ,6751.00 ,Not Enough Data Available,1,,,,IL,DuPage,
H5521,016,0,Aetna Medicare,PPO,Aetna Medicare Premier (PPO),44.00 ,615.00 ,5000.00 ,4.5,1,,,,IL,DuPage,
H5521,086,0,Aetna Medicare,PPO,Aetna Medicare Signature Extra (PPO),0.00 ,615.00 ,5200.00 ,4.5,1,,,,IL,DuPage,
H5521,286,0,Aetna Medicare,PPO,Aetna Medicare Eagle (PPO),Not Applicable,Not Applicable,4900.00 ,4.5,,,,,IL,DuPage,
H5521,314,0,Aetna Medicare,PPO,Aetna Medicare Duly Prime (PPO),0.00 ,615.00 ,5500.00 ,4.5,1,,,,IL,DuPage,
H5779,002,0,Wellcare,HMO,Wellcare Simple Essential (HMO),0.00 ,615.00 ,4200.00 ,3.0,1,,,,IL,DuPage,
H5779,009,0,Wellcare,HMO,Wellcare Simple Essential Value (HMO),0.00 ,615.00 ,3900.00 ,3.0,1,,,,IL,DuPage,
H5779,010,0,Wellcare,HMO,Wellcare Giveback (HMO),0.00 ,615.00 ,7500.00 ,3.0,1,,,,IL,DuPage,
H5779,011,0,Wellcare,HMO,Wellcare Patriot Giveback (HMO),Not Applicable,Not Applicable,5500.00 ,3.0,,,,,IL,DuPage,
H6200,009,0,Essence Healthcare,PPO,Essence Advantage Choice (PPO),0.00 ,340.00 ,4150.00 ,3.5,1,,,,IL,DuPage,
H6200,010,0,Essence Healthcare,PPO,Essence Advantage Choice Plus (PPO),49.00 ,0.00 ,4150.00 ,3.5,1,,,,IL,DuPage,
H6200,011,0,Essence Healthcare,PPO,Essence Advantage Premier Plus (PPO),257.00 ,615.00 ,2000.00 ,3.5,1,,,,IL,DuPage,
H6545,001,0,Devoted Health,PPO,DEVOTED CHOICE 001 IL (PPO),0.00 ,395.00 ,4700.00 ,3.5,1,,,,IL,DuPage,
H6545,010,0,Devoted Health,PPO,DEVOTED CHOICE 010 IL (PPO),0.00 ,355.00 ,4900.00 ,3.5,1,,,,IL,DuPage,
H6971,001,0,Wellcare,HMO D-SNP,Wellcare Meridian Dual Align (HMO D-SNP),14.20 ,400.00 ,9250.00 ,Plan Too New To Be Measured,1,,,,IL,DuPage,
H7151,001,0,Devoted Health,HMO,DEVOTED CORE 001 IL (HMO),0.00 ,395.00 ,2700.00 ,4.0,1,,,,IL,DuPage,
H7151,003,0,Devoted Health,HMO,DEVOTED GIVEBACK 003 IL (HMO),0.00 ,605.00 ,8850.00 ,4.0,1,,,,IL,DuPage,
H7151,005,0,Devoted Health,HMO C-SNP,DEVOTED C-SNP PREMIUM 005 IL (HMO C-SNP),15.20 ,615.00 ,3500.00 ,4.0,1,,,,IL,DuPage,
H7151,006,0,Devoted Health,HMO C-SNP,DEVOTED C-SNP PLUS 006 IL (HMO C-SNP),15.20 ,615.00 ,9250.00 ,4.0,1,,,,IL,DuPage,
H7301,013,0,Aetna Medicare,PPO,Aetna Medicare Signature (PPO),0.00 ,615.00 ,6750.00 ,3.5,1,,,,IL,DuPage,
H7617,009,0,Humana,PPO,Humana Full Access H7617-009 (PPO),0.00 ,400.00 ,4500.00 ,4.5,1,,,,IL,DuPage,
H7617,018,0,Humana,PPO,HumanaChoice H7617-018 (PPO),0.00 ,615.00 ,3600.00 ,4.5,1,,,,IL,DuPage,
H7617,022,0,Humana,PPO,Humana USAA Honor Giveback (PPO),Not Applicable,Not Applicable,6000.00 ,4.5,,,,,IL,DuPage,
H7849,002,0,HealthSpring,PPO,HealthSpring True Choice (PPO),0.00 ,200.00 ,4000.00 ,3.0,1,,,,IL,DuPage,
H7849,080,0,HealthSpring,PPO,HealthSpring True Choice Savings (PPO),0.00 ,200.00 ,4250.00 ,3.0,1,,,,IL,DuPage,
H8547,001,0,Blue Cross and Blue Shield of Illinois,HMO,Blue Cross Medicare Advantage Secure (HMO),0.00 ,450.00 ,4750.00 ,3.5,1,,,,IL,DuPage,
H8634,003,0,"Blue Cross and Blue Shield of IL, NM, OK, TX",PPO,Blue Cross Medicare Advantage Choice Plus (PPO),90.00 ,450.00 ,5100.00 ,3.0,1,,,,IL,DuPage,
H8634,004,0,"Blue Cross and Blue Shield of IL, NM, OK, TX",PPO,Blue Cross Medicare Advantage Choice Premier (PPO),155.00 ,300.00 ,4850.00 ,3.0,1,,,,IL,DuPage,
H8768,005,0,UnitedHealthcare,PPO,AARP Medicare Advantage from UHC IL-0004 (PPO),68.00 ,600.00 ,5400.00 ,3.5,1,,,,IL,DuPage,
H8768,010,0,UnitedHealthcare,PPO,AARP Medicare Advantage from UHC IL-5 (PPO),0.00 ,600.00 ,6700.00 ,3.5,1,,,,IL,DuPage,
H8768,019,0,UnitedHealthcare,PPO,AARP Medicare Advantage Patriot No Rx IL-MA01 (PPO),Not Applicable,Not Applicable,6700.00 ,3.5,,,,,IL,DuPage,
H9590,001,0,Longevity Health,HMO I-SNP,Longevity Health Plan (HMO I-SNP),15.20 ,615.00 ,9250.00 ,5.0,1,,,,IL,DuPage,
H9771,001,0,Aetna Medicare FIDE,HMO D-SNP,Aetna Medicare FIDE (HMO D-SNP),15.20 ,615.00 ,9250.00 ,Plan Too New To Be Measured,1,,,,IL,DuPage,
R5361,001,0,Humana,Regional PPO,Humana USAA Honor Giveback (Regional PPO),Not Applicable,Not Applicable,6750.00 ,3.0,,,,,IL,DuPage,
R5361,002,0,Humana,Regional PPO,HumanaChoice R5361-002 (Regional PPO),103.00 ,615.00 ,7200.00 ,3.0,1,,,,IL,DuPage,
H0710,034,0,UnitedHealthcare,PPO I-SNP,UHC Nursing Home Plan NC-F001 (PPO I-SNP),36.20 ,615.00 ,9250.00 ,4.5,1,,,,NC,Mecklenburg,
H1036,137,0,Humana,HMO-POS,Humana Gold Plus H1036-137 (HMO-POS),0.00 ,350.00 ,9250.00 ,4.5,1,,,,NC,Mecklenburg,
H1036,167,0,Humana,HMO D-SNP,Humana Gold Plus SNP-DE H1036-167 (HMO D-SNP),14.20 ,615.00 ,9250.00 ,4.5,1,,,,NC,Mecklenburg,
H1036,307,0,Humana,HMO D-SNP,Humana Dual Select H1036-307 (HMO D-SNP),13.00 ,615.00 ,9250.00 ,4.5,1,,,,NC,Mecklenburg,
H1036,308,0,Humana,HMO C-SNP,Humana Gold Plus - Diabetes and Heart (HMO C-SNP),0.00 ,450.00 ,9250.00 ,4.5,1,,,,NC,Mecklenburg,
H1036,318,0,Humana,HMO-POS,Humana Gold Plus Giveback H1036-318 (HMO-POS),0.00 ,450.00 ,9250.00 ,4.5,1,,,,NC,Mecklenburg,
H1036,331,0,Humana,HMO D-SNP,Humana Gold Plus SNP-DE H1036-331 (HMO D-SNP),20.00 ,615.00 ,9250.00 ,4.5,1,,,,NC,Mecklenburg,
H1036,335,2,Humana,HMO-POS,Humana Gold Plus H1036-335 (HMO-POS),0.00 ,250.00 ,3950.00 ,4.5,1,,,,NC,Mecklenburg,
H1889,005,0,UnitedHealthcare,PPO D-SNP,UHC Dual Complete NC-S001 (PPO D-SNP),36.20 ,615.00 ,9250.00 ,4.0,1,,,,NC,Mecklenburg,
H1889,034,0,UnitedHealthcare,PPO D-SNP,UHC Dual Complete NC-S2 (PPO D-SNP),36.20 ,615.00 ,9250.00 ,4.0,1,,,,NC,Mecklenburg,
H1914,007,0,Wellcare,PPO,Wellcare Simple Open (PPO),0.00 ,615.00 ,4300.00 ,3.5,1,,,,NC,Mecklenburg,
H1914,008,0,Wellcare,PPO D-SNP,Wellcare Dual Liberty Open (PPO D-SNP),25.80 ,395.00 ,9250.00 ,3.5,1,,,,NC,Mecklenburg,
H1914,009,0,Wellcare,PPO,Wellcare Assist Open (PPO),31.00 ,480.00 ,4201.00 ,3.5,1,,,,NC,Mecklenburg,
H1914,010,0,Wellcare,PPO,Wellcare Giveback Open (PPO),0.00 ,615.00 ,8300.00 ,3.5,1,,,,NC,Mecklenburg,
H1914,011,0,Wellcare,PPO,Wellcare Patriot Giveback Open (PPO),Not Applicable,Not Applicable,8850.00 ,3.5,,,,,NC,Mecklenburg,
H2001,084,0,UnitedHealthcare,PPO,AARP Medicare Advantage Access from UHC NC-23 (PPO),255.00 ,600.00 ,3000.00 ,4.5,1,,,,NC,Mecklenburg,
H2406,034,0,UnitedHealthcare,PPO,AARP Medicare Advantage from UHC NC-0016 (PPO),53.00 ,520.00 ,4200.00 ,4.0,1,,,,NC,Mecklenburg,
H2406,098,0,UnitedHealthcare,PPO,AARP Medicare Advantage from UHC NC-0017 (PPO),0.00 ,600.00 ,6200.00 ,4.0,1,,,,NC,Mecklenburg,
H3146,001,0,Aetna Medicare,HMO,Aetna Medicare Signature (HMO),0.00 ,615.00 ,5500.00 ,4.5,1,,,,NC,Mecklenburg,
H3146,002,0,Aetna Medicare,HMO D-SNP,Aetna Medicare Dual (HMO D-SNP),36.20 ,615.00 ,9250.00 ,4.5,1,,,,NC,Mecklenburg,
H3146,021,0,Aetna Medicare,HMO,Aetna Medicare Signature Care (HMO),0.00 ,615.00 ,6350.00 ,4.5,1,,,,NC,Mecklenburg,
H3146,022,0,Aetna Medicare,HMO D-SNP,Aetna Medicare Full Dual Care (HMO D-SNP),28.20 ,615.00 ,9250.00 ,4.5,1,,,,NC,Mecklenburg,
H3146,037,0,Aetna Medicare,HMO C-SNP,Aetna Medicare Chronic Care (HMO C-SNP),0.00 ,615.00 ,6750.00 ,4.5,1,,,,NC,Mecklenburg,
H3146,044,0,Aetna Medicare,HMO C-SNP,Aetna Medicare Chronic Care Value (HMO C-SNP),36.20 ,615.00 ,9250.00 ,4.5,1,,,,NC,Mecklenburg,
H3404,003,1,Blue Cross and Blue Shield of North Carolina,PPO,Blue Medicare PPO Enhanced (PPO),35.00 ,100.00 ,6300.00 ,4.5,1,,,,NC,Mecklenburg,
H3404,004,0,Blue Cross and Blue Shield of North Carolina,PPO,Blue Medicare Freedom+ (PPO),Not Applicable,Not Applicable,9250.00 ,4.5,,,,,NC,Mecklenburg,
H3449,012,0,Blue Cross and Blue Shield of North Carolina,HMO-POS,Blue Medicare Medical Only (HMO-POS),Not Applicable,Not Applicable,3900.00 ,4.0,,,,,NC,Mecklenburg,
H3449,023,1,Blue Cross and Blue Shield of North Carolina,HMO-POS,Blue Medicare Essential Plus (HMO-POS),0.00 ,615.00 ,4900.00 ,4.0,1,,,,NC,Mecklenburg,
H3449,024,1,Blue Cross and Blue Shield of North Carolina,HMO-POS,Blue Medicare Enhanced (HMO-POS),30.00 ,100.00 ,4200.00 ,4.0,1,,,,NC,Mecklenburg,
H3449,026,0,Blue Cross and Blue Shield of North Carolina,HMO,Blue Medicare Choice (HMO),0.00 ,615.00 ,4200.00 ,4.0,1,,,,NC,Mecklenburg,
H3449,027,1,Blue Cross and Blue Shield of North Carolina,HMO,Blue Medicare Essential (HMO),0.00 ,615.00 ,9250.00 ,4.0,1,,,,NC,Mecklenburg,
H4073,001,0,Wellcare,HMO-POS,Wellcare Simple (HMO-POS),0.00 ,615.00 ,4200.00 ,3.5,1,,,,NC,Mecklenburg,
H4073,002,0,Wellcare,HMO-POS D-SNP,Wellcare Dual Access (HMO-POS D-SNP),32.20 ,385.00 ,9250.00 ,3.5,1,,,,NC,Mecklenburg,
H4073,003,0,Wellcare,HMO-POS D-SNP,Wellcare Dual Reserve (HMO-POS D-SNP),27.50 ,615.00 ,9250.00 ,3.5,1,,,,NC,Mecklenburg,
H4073,004,0,Wellcare,HMO-POS D-SNP,Wellcare Dual Liberty (HMO-POS D-SNP),36.20 ,425.00 ,9250.00 ,3.5,1,,,,NC,Mecklenburg,
H4439,001,0,Provider Partners Health Plans,HMO I-SNP,Provider Partners North Carolina Advantage Plan (HMO I-SNP),36.20 ,615.00 ,9250.00 ,Not Enough Data Available,1,,,,NC,Mecklenburg,
H4439,002,0,Provider Partners Health Plans,HMO I-SNP,Provider Partners North Carolina Community Plan (HMO I-SNP),0.00 ,615.00 ,3750.00 ,Not Enough Data Available,1,,,,NC,Mecklenburg,
H4439,003,0,Provider Partners Health Plans,HMO I-SNP,Provider Partners North Carolina Essential Plan (HMO I-SNP),36.20 ,615.00 ,9250.00 ,Not Enough Data Available,1,,,,NC,Mecklenburg,
H5216,017,0,Humana,PPO,HumanaChoice Giveback H5216-017 (PPO),0.00 ,450.00 ,9250.00 ,3.5,1,,,,NC,Mecklenburg,
H5216,211,0,Humana,PPO,HumanaChoice H5216-211 (PPO),54.00 ,615.00 ,9250.00 ,3.5,1,,,,NC,Mecklenburg,
H5216,343,0,Humana,PPO,Humana USAA Honor Giveback (PPO),Not Applicable,Not Applicable,9250.00 ,3.5,,,,,NC,Mecklenburg,
H5253,037,0,UnitedHealthcare,HMO-POS,AARP Medicare Advantage from UHC NC-0021 (HMO-POS),37.00 ,355.00 ,4200.00 ,4.0,1,,,,NC,Mecklenburg,
H5253,038,0,UnitedHealthcare,HMO-POS,AARP Medicare Advantage from UHC NC-0022 (HMO-POS),0.00 ,440.00 ,5400.00 ,4.0,1,,,,NC,Mecklenburg,
H5253,040,0,UnitedHealthcare,HMO-POS,AARP Medicare Advantage Patriot No Rx NC-MA02 (HMO-POS),Not Applicable,Not Applicable,7900.00 ,4.0,,,,,NC,Mecklenburg,
H5253,041,0,UnitedHealthcare,HMO-POS D-SNP,UHC Dual Complete NC-D001 (HMO-POS D-SNP),25.30 ,615.00 ,9250.00 ,4.0,1,,,,NC,Mecklenburg,
H5253,110,0,UnitedHealthcare,HMO-POS,AARP Medicare Advantage Giveback from UHC NC-14 (HMO-POS),0.00 ,600.00 ,9250.00 ,4.0,1,,,,NC,Mecklenburg,
H5253,116,0,UnitedHealthcare,HMO-POS D-SNP,UHC Dual Complete NC-V001 (HMO-POS D-SNP),36.20 ,615.00 ,5900.00 ,4.0,1,,,,NC,Mecklenburg,
H5253,117,0,UnitedHealthcare,HMO-POS,AARP Medicare Advantage from UHC NC-0015 (HMO-POS),0.00 ,440.00 ,4200.00 ,4.0,1,,,,NC,Mecklenburg,
H5253,184,0,UnitedHealthcare,HMO-POS D-SNP,UHC Dual Complete NC-S3 (HMO-POS D-SNP),36.20 ,615.00 ,9250.00 ,4.0,1,,,,NC,Mecklenburg,
H5253,189,0,UnitedHealthcare,HMO-POS C-SNP,UHC Complete Care NC-28 (HMO-POS C-SNP),0.00 ,355.00 ,4200.00 ,4.0,1,,,,NC,Mecklenburg,
H5299,006,0,Devoted Health,HMO D-SNP,DEVOTED DUAL PLUS 006 NC (HMO D-SNP),35.00 ,615.00 ,9250.00 ,5.0,1,,,,NC,Mecklenburg,
H5299,009,0,Devoted Health,HMO D-SNP,DEVOTED DUAL 009 NC (HMO D-SNP),36.20 ,615.00 ,6750.00 ,5.0,1,,,,NC,Mecklenburg,
H5299,012,0,Devoted Health,HMO,DEVOTED GIVEBACK 012 NC (HMO),0.00 ,605.00 ,8900.00 ,5.0,1,,,,NC,Mecklenburg,
H5299,013,0,Devoted Health,HMO D-SNP,DEVOTED DUAL FULL 013 NC (HMO D-SNP),36.20 ,615.00 ,9250.00 ,5.0,1,,,,NC,Mecklenburg,
H5299,015,0,Devoted Health,HMO C-SNP,DEVOTED C-SNP PLUS 015 NC (HMO C-SNP),36.20 ,615.00 ,9250.00 ,5.0,1,,,,NC,Mecklenburg,
H5299,016,0,Devoted Health,HMO C-SNP,DEVOTED C-SNP PREMIUM 016 NC (HMO C-SNP),36.20 ,615.00 ,4900.00 ,5.0,1,,,,NC,Mecklenburg,
H5374,001,0,Longevity Health Plan,HMO I-SNP,Longevity Health Plan (HMO I-SNP),36.20 ,615.00 ,9250.00 ,5.0,1,,,,NC,Mecklenburg,
H5521,081,0,Aetna Medicare,PPO,Aetna Medicare Signature (PPO),0.00 ,500.00 ,5900.00 ,4.5,1,,,,NC,Mecklenburg,
H5521,241,0,Aetna Medicare,PPO,Aetna Medicare Eagle Giveback (PPO),Not Applicable,Not Applicable,6750.00 ,4.5,,,,,NC,Mecklenburg,
H5521,348,0,Aetna Medicare,PPO,Aetna Medicare Signature Giveback (PPO),0.00 ,615.00 ,7500.00 ,4.5,1,,,,NC,Mecklenburg,
H5525,035,0,Humana,PPO,HumanaChoice Giveback H5525-035 (PPO),0.00 ,450.00 ,9250.00 ,3.5,1,,,,NC,Mecklenburg,
H5525,036,0,Humana,PPO D-SNP,HumanaChoice SNP-DE H5525-036 (PPO D-SNP),30.40 ,615.00 ,9250.00 ,3.5,1,,,,NC,Mecklenburg,
H5525,050,0,Humana,PPO,HumanaChoice H5525-050 (PPO),0.00 ,350.00 ,9250.00 ,3.5,1,,,,NC,Mecklenburg,
H5525,065,0,Humana,PPO,Humana USAA Honor Giveback (PPO),Not Applicable,Not Applicable,9250.00 ,3.5,,,,,NC,Mecklenburg,
H5525,070,0,Humana,PPO,HumanaChoice H5525-070 (PPO),24.00 ,615.00 ,9250.00 ,3.5,1,,,,NC,Mecklenburg,
H5525,072,0,Humana,PPO D-SNP,Humana Dual Select H5525-072 (PPO D-SNP),33.50 ,615.00 ,9250.00 ,3.5,1,,,,NC,Mecklenburg,
H5525,083,0,Humana,PPO,HumanaChoice H5525-083 (PPO),0.00 ,450.00 ,9250.00 ,3.5,1,,,,NC,Mecklenburg,
H5652,001,0,UnitedHealthcare,HMO-POS,Erickson Advantage Signature (HMO-POS),182.00 ,270.00 ,2900.00 ,5.0,1,,,,NC,Mecklenburg,
H5652,002,0,UnitedHealthcare,HMO-POS,Erickson Advantage Liberty no Rx (HMO-POS),Not Applicable,Not Applicable,6750.00 ,5.0,,,,,NC,Mecklenburg,
H5652,003,0,UnitedHealthcare,HMO-POS I-SNP,Erickson Advantage Guardian (HMO-POS I-SNP),0.00 ,0.00 ,1000.00 ,5.0,1,,,,NC,Mecklenburg,
H5652,004,0,UnitedHealthcare,HMO-POS C-SNP,Erickson Advantage Champion (HMO-POS C-SNP),182.00 ,270.00 ,3400.00 ,5.0,1,,,,NC,Mecklenburg,
H5652,006,0,UnitedHealthcare,HMO-POS,Erickson Advantage Freedom (HMO-POS),89.00 ,355.00 ,4900.00 ,5.0,1,,,,NC,Mecklenburg,
H5652,008,0,UnitedHealthcare,HMO-POS,Erickson Advantage Liberty (HMO-POS),14.00 ,600.00 ,6750.00 ,5.0,1,,,,NC,Mecklenburg,
H6351,001,0,Liberty Medicare Advantage,HMO I-SNP,Liberty Medicare Advantage Nursing Home Plan (HMO I-SNP),36.20 ,615.00 ,6800.00 ,Not Enough Data Available,1,,,,NC,Mecklenburg,
H6351,004,0,Liberty Medicare Advantage,HMO C-SNP,Liberty Medicare Advantage (HMO C-SNP),0.00 ,0.00 ,4000.00 ,Not Enough Data Available,1,,,,NC,Mecklenburg,
H6351,005,0,Liberty Medicare Advantage,HMO D-SNP,Liberty Medicare Dual Plan (HMO D-SNP),14.70 ,615.00 ,7550.00 ,Not Enough Data Available,1,,,,NC,Mecklenburg,
H7849,113,1,HealthSpring,PPO,HealthSpring True Choice (PPO),0.00 ,615.00 ,5700.00 ,3.0,1,,,,NC,Mecklenburg,
H8145,004,0,Humana,PFFS,Humana Gold Choice H8145-004 (PFFS),7.00 ,615.00 ,7550.00 ,3.5,1,,,,NC,Mecklenburg,
H9147,001,0,Blue Cross and Blue Shield of North Carolina,HMO-POS D-SNP,Healthy Blue + Medicare (HMO-POS D-SNP),18.70 ,615.00 ,9250.00 ,3.5,1,,,,NC,Mecklenburg,
H9700,001,0,Devoted Health,PPO,DEVOTED CHOICE 001 NC (PPO),0.00 ,370.00 ,5400.00 ,Plan Too New To Be Measured,1,,,,NC,Mecklenburg,
H9700,002,0,Devoted Health,PPO,DEVOTED CHOICE GIVEBACK 002 NC (PPO),0.00 ,605.00 ,8000.00 ,Plan Too New To Be Measured,1,,,,NC,Mecklenburg,
H9700,007,0,Devoted Health,PPO,DEVOTED CHOICE MA ONLY 007 NC (PPO),Not Applicable,Not Applicable,9250.00 ,Plan Too New To Be Measured,,,,,NC,Mecklenburg,
H9725,003,0,HealthSpring,HMO D-SNP,HealthSpring TotalCare (HMO D-SNP),19.70 ,615.00 ,9250.00 ,4.0,1,,,,NC,Mecklenburg,
H9725,005,0,HealthSpring,HMO,HealthSpring Courage (HMO),Not Applicable,Not Applicable,6750.00 ,4.0,,,,,NC,Mecklenburg,
H9725,009,1,HealthSpring,HMO,HealthSpring Preferred (HMO),0.00 ,295.00 ,3450.00 ,4.0,1,,,,NC,Mecklenburg,
H9725,013,0,HealthSpring,HMO D-SNP,HealthSpring TotalCare Plus (HMO D-SNP),28.20 ,615.00 ,8200.00 ,4.0,1,,,,NC,Mecklenburg,
H9725,014,0,HealthSpring,HMO,HealthSpring Preferred Select (HMO),0.00 ,295.00 ,3200.00 ,4.0,1,,,,NC,Mecklenburg,
H9725,015,1,HealthSpring,HMO,HealthSpring Preferred Savings (HMO),0.00 ,0.00 ,6000.00 ,4.0,1,,,,NC,Mecklenburg,
H9725,017,1,HealthSpring,HMO,HealthSpring Preferred Plus (HMO),13.00 ,200.00 ,3200.00 ,4.0,1,,,,NC,Mecklenburg,
H9808,009,0,HealthTeam Advantage,PPO,HealthTeam Advantage Eagle Plan (PPO),Not Applicable,Not Applicable,4500.00 ,4.5,,,,,NC,Mecklenburg,
H9808,010,0,HealthTeam Advantage,PPO,HealthTeam Advantage Vitality Plan (PPO),0.00 ,300.00 ,4200.00 ,4.5,1,,,,NC,Mecklenburg,
R0110,004,0,Humana,Regional PPO,HumanaChoice R0110-004 (Regional PPO),Not Applicable,Not Applicable,7000.00 ,3.5,,,,,NC,Mecklenburg,
R0110,005,0,Humana,Regional PPO,Humana Full Access R0110-005 (Regional PPO),117.00 ,615.00 ,9250.00 ,3.5,1,,,,NC,Mecklenburg,
R0110,006,0,Humana,Regional PPO,Humana USAA Honor Giveback (Regional PPO),Not Applicable,Not Applicable,9250.00 ,3.5,,,,,NC,Mecklenburg,
H0710,034,0,UnitedHealthcare,PPO I-SNP,UHC Nursing Home Plan NC-F001 (PPO I-SNP),36.20 ,615.00 ,9250.00 ,4.5,1,,,,NC,Wake,
H1036,167,0,Humana,HMO D-SNP,Humana Gold Plus SNP-DE H1036-167 (HMO D-SNP),14.20 ,615.00 ,9250.00 ,4.5,1,,,,NC,Wake,
H1036,233,0,Humana,HMO-POS,Humana Gold Plus H1036-233 (HMO-POS),0.00 ,350.00 ,9250.00 ,4.5,1,,,,NC,Wake,
H1036,307,0,Humana,HMO D-SNP,Humana Dual Select H1036-307 (HMO D-SNP),13.00 ,615.00 ,9250.00 ,4.5,1,,,,NC,Wake,
H1036,308,0,Humana,HMO C-SNP,Humana Gold Plus - Diabetes and Heart (HMO C-SNP),0.00 ,450.00 ,9250.00 ,4.5,1,,,,NC,Wake,
H1036,318,0,Humana,HMO-POS,Humana Gold Plus Giveback H1036-318 (HMO-POS),0.00 ,450.00 ,9250.00 ,4.5,1,,,,NC,Wake,
H1036,331,0,Humana,HMO D-SNP,Humana Gold Plus SNP-DE H1036-331 (HMO D-SNP),20.00 ,615.00 ,9250.00 ,4.5,1,,,,NC,Wake,
H1036,335,2,Humana,HMO-POS,Humana Gold Plus H1036-335 (HMO-POS),0.00 ,250.00 ,3950.00 ,4.5,1,,,,NC,Wake,
H1889,005,0,UnitedHealthcare,PPO D-SNP,UHC Dual Complete NC-S001 (PPO D-SNP),36.20 ,615.00 ,9250.00 ,4.0,1,,,,NC,Wake,
H1889,034,0,UnitedHealthcare,PPO D-SNP,UHC Dual Complete NC-S2 (PPO D-SNP),36.20 ,615.00 ,9250.00 ,4.0,1,,,,NC,Wake,
H1914,007,0,Wellcare,PPO,Wellcare Simple Open (PPO),0.00 ,615.00 ,4300.00 ,3.5,1,,,,NC,Wake,
H1914,008,0,Wellcare,PPO D-SNP,Wellcare Dual Liberty Open (PPO D-SNP),25.80 ,395.00 ,9250.00 ,3.5,1,,,,NC,Wake,
H1914,009,0,Wellcare,PPO,Wellcare Assist Open (PPO),31.00 ,480.00 ,4201.00 ,3.5,1,,,,NC,Wake,
H1914,010,0,Wellcare,PPO,Wellcare Giveback Open (PPO),0.00 ,615.00 ,8300.00 ,3.5,1,,,,NC,Wake,
H1914,011,0,Wellcare,PPO,Wellcare Patriot Giveback Open (PPO),Not Applicable,Not Applicable,8850.00 ,3.5,,,,,NC,Wake,
H2001,084,0,UnitedHealthcare,PPO,AARP Medicare Advantage Access from UHC NC-23 (PPO),255.00 ,600.00 ,3000.00 ,4.5,1,,,,NC,Wake,
H2406,034,0,UnitedHealthcare,PPO,AARP Medicare Advantage from UHC NC-0016 (PPO),53.00 ,520.00 ,4200.00 ,4.0,1,,,,NC,Wake,
H2406,098,0,UnitedHealthcare,PPO,AARP Medicare Advantage from UHC NC-0017 (PPO),0.00 ,600.00 ,6200.00 ,4.0,1,,,,NC,Wake,
H3146,002,0,Aetna Medicare,HMO D-SNP,Aetna Medicare Dual (HMO D-SNP),36.20 ,615.00 ,9250.00 ,4.5,1,,,,NC,Wake,
H3146,004,0,Aetna Medicare,HMO,Aetna Medicare Signature (HMO),0.00 ,615.00 ,6750.00 ,4.5,1,,,,NC,Wake,
H3146,006,0,Aetna Medicare,HMO,Aetna Medicare Value Plus (HMO),32.20 ,615.00 ,5500.00 ,4.5,1,,,,NC,Wake,
H3146,021,0,Aetna Medicare,HMO,Aetna Medicare Signature Care (HMO),0.00 ,615.00 ,6350.00 ,4.5,1,,,,NC,Wake,
H3146,022,0,Aetna Medicare,HMO D-SNP,Aetna Medicare Full Dual Care (HMO D-SNP),28.20 ,615.00 ,9250.00 ,4.5,1,,,,NC,Wake,
H3404,003,2,Blue Cross and Blue Shield of North Carolina,PPO,Blue Medicare PPO Enhanced (PPO),53.00 ,100.00 ,6300.00 ,4.5,1,,,,NC,Wake,
H3404,004,0,Blue Cross and Blue Shield of North Carolina,PPO,Blue Medicare Freedom+ (PPO),Not Applicable,Not Applicable,9250.00 ,4.5,,,,,NC,Wake,
H3449,012,0,Blue Cross and Blue Shield of North Carolina,HMO-POS,Blue Medicare Medical Only (HMO-POS),Not Applicable,Not Applicable,3900.00 ,4.0,,,,,NC,Wake,
H3449,023,2,Blue Cross and Blue Shield of North Carolina,HMO-POS,Blue Medicare Essential Plus (HMO-POS),0.00 ,615.00 ,5400.00 ,4.0,1,,,,NC,Wake,
H3449,024,2,Blue Cross and Blue Shield of North Carolina,HMO-POS,Blue Medicare Enhanced (HMO-POS),40.00 ,100.00 ,4200.00 ,4.0,1,,,,NC,Wake,
H3449,026,0,Blue Cross and Blue Shield of North Carolina,HMO,Blue Medicare Choice (HMO),0.00 ,615.00 ,4200.00 ,4.0,1,,,,NC,Wake,
H3449,027,2,Blue Cross and Blue Shield of North Carolina,HMO,Blue Medicare Essential (HMO),0.00 ,615.00 ,9250.00 ,4.0,1,,,,NC,Wake,
H3777,002,0,Experience Health,HMO,Experience Health Medicare Advantage (HMO),6.90 ,615.00 ,6500.00 ,3.5,1,,,,NC,Wake,
H4073,001,0,Wellcare,HMO-POS,Wellcare Simple (HMO-POS),0.00 ,615.00 ,4200.00 ,3.5,1,,,,NC,Wake,
H4073,002,0,Wellcare,HMO-POS D-SNP,Wellcare Dual Access (HMO-POS D-SNP),32.20 ,385.00 ,9250.00 ,3.5,1,,,,NC,Wake,
H4073,003,0,Wellcare,HMO-POS D-SNP,Wellcare Dual Reserve (HMO-POS D-SNP),27.50 ,615.00 ,9250.00 ,3.5,1,,,,NC,Wake,
H4073,004,0,Wellcare,HMO-POS D-SNP,Wellcare Dual Liberty (HMO-POS D-SNP),36.20 ,425.00 ,9250.00 ,3.5,1,,,,NC,Wake,
H5216,211,0,Humana,PPO,HumanaChoice H5216-211 (PPO),54.00 ,615.00 ,9250.00 ,3.5,1,,,,NC,Wake,
H5253,039,0,UnitedHealthcare,HMO-POS,AARP Medicare Advantage from UHC NC-0007 (HMO-POS),0.00 ,520.00 ,6200.00 ,4.0,1,,,,NC,Wake,
H5253,040,0,UnitedHealthcare,HMO-POS,AARP Medicare Advantage Patriot No Rx NC-MA02 (HMO-POS),Not Applicable,Not Applicable,7900.00 ,4.0,,,,,NC,Wake,
H5253,041,0,UnitedHealthcare,HMO-POS D-SNP,UHC Dual Complete NC-D001 (HMO-POS D-SNP),25.30 ,615.00 ,9250.00 ,4.0,1,,,,NC,Wake,
H5253,110,0,UnitedHealthcare,HMO-POS,AARP Medicare Advantage Giveback from UHC NC-14 (HMO-POS),0.00 ,600.00 ,9250.00 ,4.0,1,,,,NC,Wake,
H5253,116,0,UnitedHealthcare,HMO-POS D-SNP,UHC Dual Complete NC-V001 (HMO-POS D-SNP),36.20 ,615.00 ,5900.00 ,4.0,1,,,,NC,Wake,
H5253,117,0,UnitedHealthcare,HMO-POS,AARP Medicare Advantage from UHC NC-0015 (HMO-POS),0.00 ,440.00 ,4200.00 ,4.0,1,,,,NC,Wake,
H5253,184,0,UnitedHealthcare,HMO-POS D-SNP,UHC Dual Complete NC-S3 (HMO-POS D-SNP),36.20 ,615.00 ,9250.00 ,4.0,1,,,,NC,Wake,
H5253,189,0,UnitedHealthcare,HMO-POS C-SNP,UHC Complete Care NC-28 (HMO-POS C-SNP),0.00 ,355.00 ,4200.00 ,4.0,1,,,,NC,Wake,
H5296,003,0,Alignment Health Plan,HMO,Alignment Health Platinum (HMO),0.00 ,0.00 ,3900.00 ,5.0,1,,,,NC,Wake,
H5296,004,0,Alignment Health Plan,HMO-POS D-SNP,Alignment Health NC Duals (HMO-POS D-SNP),36.20 ,615.00 ,9250.00 ,5.0,1,,,,NC,Wake,
H5296,006,0,Alignment Health Plan,HMO,Alignment Health smartHMO (HMO),0.00 ,615.00 ,3400.00 ,5.0,1,,,,NC,Wake,
H5296,009,0,Alignment Health Plan,HMO-POS C-SNP,Alignment Health Heart & Diabetes NCPlus (HMO-POS C-SNP),36.20 ,615.00 ,9250.00 ,5.0,1,,,,NC,Wake,
H5296,010,0,Alignment Health Plan,HMO,Alignment Health Platinum Select (HMO),0.00 ,225.00 ,5900.00 ,5.0,1,,,,NC,Wake,
H5296,011,0,Alignment Health Plan,HMO C-SNP,Alignment Health Heart & Diabetes Care (HMO C-SNP),0.00 ,250.00 ,3400.00 ,5.0,1,,,,NC,Wake,
H5374,001,0,Longevity Health Plan,HMO I-SNP,Longevity Health Plan (HMO I-SNP),36.20 ,615.00 ,9250.00 ,5.0,1,,,,NC,Wake,
H5521,241,0,Aetna Medicare,PPO,Aetna Medicare Eagle Giveback (PPO),Not Applicable,Not Applicable,6750.00 ,4.5,,,,,NC,Wake,
H5521,609,0,Aetna Medicare,PPO,Aetna Medicare Signature (PPO),0.00 ,615.00 ,6750.00 ,4.5,1,,,,NC,Wake,
H5525,035,0,Humana,PPO,HumanaChoice Giveback H5525-035 (PPO),0.00 ,450.00 ,9250.00 ,3.5,1,,,,NC,Wake,
H5525,036,0,Humana,PPO D-SNP,HumanaChoice SNP-DE H5525-036 (PPO D-SNP),30.40 ,615.00 ,9250.00 ,3.5,1,,,,NC,Wake,
H5525,050,0,Humana,PPO,HumanaChoice H5525-050 (PPO),0.00 ,350.00 ,9250.00 ,3.5,1,,,,NC,Wake,
H5525,065,0,Humana,PPO,Humana USAA Honor Giveback (PPO),Not Applicable,Not Applicable,9250.00 ,3.5,,,,,NC,Wake,
H5525,070,0,Humana,PPO,HumanaChoice H5525-070 (PPO),24.00 ,615.00 ,9250.00 ,3.5,1,,,,NC,Wake,
H5525,072,0,Humana,PPO D-SNP,Humana Dual Select H5525-072 (PPO D-SNP),33.50 ,615.00 ,9250.00 ,3.5,1,,,,NC,Wake,
H5525,083,0,Humana,PPO,HumanaChoice H5525-083 (PPO),0.00 ,450.00 ,9250.00 ,3.5,1,,,,NC,Wake,
H6345,001,0,PruittHealth Premier,HMO I-SNP,PruittHealth Premier (HMO I-SNP),36.20 ,615.00 ,9250.00 ,Not Enough Data Available,1,,,,NC,Wake,
H6351,001,0,Liberty Medicare Advantage,HMO I-SNP,Liberty Medicare Advantage Nursing Home Plan (HMO I-SNP),36.20 ,615.00 ,6800.00 ,Not Enough Data Available,1,,,,NC,Wake,
H6351,004,0,Liberty Medicare Advantage,HMO C-SNP,Liberty Medicare Advantage (HMO C-SNP),0.00 ,0.00 ,4000.00 ,Not Enough Data Available,1,,,,NC,Wake,
H6351,005,0,Liberty Medicare Advantage,HMO D-SNP,Liberty Medicare Dual Plan (HMO D-SNP),14.70 ,615.00 ,7550.00 ,Not Enough Data Available,1,,,,NC,Wake,
H7074,001,0,Alignment Health Plan,PPO,Alignment Health AVA (PPO),10.00 ,0.00 ,3900.00 ,Not Enough Data Available,1,,,,NC,Wake,
H7849,113,4,HealthSpring,PPO,HealthSpring True Choice (PPO),0.00 ,615.00 ,5450.00 ,3.0,1,,,,NC,Wake,
H9147,001,0,Blue Cross and Blue Shield of North Carolina,HMO-POS D-SNP,Healthy Blue + Medicare (HMO-POS D-SNP),18.70 ,615.00 ,9250.00 ,3.5,1,,,,NC,Wake,
H9725,003,0,HealthSpring,HMO D-SNP,HealthSpring TotalCare (HMO D-SNP),19.70 ,615.00 ,9250.00 ,4.0,1,,,,NC,Wake,
H9725,005,0,HealthSpring,HMO,HealthSpring Courage (HMO),Not Applicable,Not Applicable,6750.00 ,4.0,,,,,NC,Wake,
H9725,009,4,HealthSpring,HMO,HealthSpring Preferred (HMO),0.00 ,295.00 ,3550.00 ,4.0,1,,,,NC,Wake,
H9725,013,0,HealthSpring,HMO D-SNP,HealthSpring TotalCare Plus (HMO D-SNP),28.20 ,615.00 ,8200.00 ,4.0,1,,,,NC,Wake,
H9725,014,0,HealthSpring,HMO,HealthSpring Preferred Select (HMO),0.00 ,295.00 ,3200.00 ,4.0,1,,,,NC,Wake,
H9725,015,4,HealthSpring,HMO,HealthSpring Preferred Savings (HMO),0.00 ,0.00 ,6700.00 ,4.0,1,,,,NC,Wake,
H9725,017,4,HealthSpring,HMO,HealthSpring Preferred Plus (HMO),14.00 ,200.00 ,3300.00 ,4.0,1,,,,NC,Wake,
R0110,004,0,Humana,Regional PPO,HumanaChoice R0110-004 (Regional PPO),Not Applicable,Not Applicable,7000.00 ,3.5,,,,,NC,Wake,
R0110,005,0,Humana,Regional PPO,Humana Full Access R0110-005 (Regional PPO),117.00 ,615.00 ,9250.00 ,3.5,1,,,,NC,Wake,
R0110,006,0,Humana,Regional PPO,Humana USAA Honor Giveback (Regional PPO),Not Applicable,Not Applicable,9250.00 ,3.5,,,,,NC,Wake,
H2001,063,1,UnitedHealthcare,PPO D-SNP,UHC Dual Complete NY-S001 (PPO D-SNP),52.80 ,615.00 ,9250.00 ,4.5,1,,,,NY,Erie,
H2292,001,0,UnitedHealthcare,PPO I-SNP,UHC Nursing Home Plan NY-F001 (PPO I-SNP),58.80 ,615.00 ,9250.00 ,4.5,1,,,,NY,Erie,
H2775,106,0,Wellcare,PPO,Wellcare Simple Open (PPO),0.00 ,615.00 ,9250.00 ,3.0,1,,,,NY,Erie,
H2775,111,0,Wellcare,PPO,Wellcare Giveback Open (PPO),0.00 ,615.00 ,9250.00 ,3.0,1,,,,NY,Erie,
H2775,112,0,Wellcare,PPO D-SNP,Wellcare Dual Access Open (PPO D-SNP),58.80 ,510.00 ,9250.00 ,3.0,1,,,,NY,Erie,
H2775,113,0,Wellcare,PPO,Wellcare Assist Open (PPO),58.80 ,530.00 ,9250.00 ,3.0,1,,,,NY,Erie,
H2816,013,0,Wellcare,PFFS,Wellcare Premium Ultra (PFFS),127.00 ,615.00 ,3400.00 ,3.5,1,,,,NY,Erie,
H2816,019,0,Wellcare,PFFS,Wellcare Premium Enhanced (PFFS),50.00 ,615.00 ,3400.00 ,3.5,1,,,,NY,Erie,
H2816,037,0,Wellcare,PFFS,Wellcare Advantage Enhanced (PFFS),Not Applicable,Not Applicable,4300.00 ,3.5,,,,,NY,Erie,
H2816,038,0,Wellcare,PFFS,Wellcare Advantage Simple (PFFS),Not Applicable,Not Applicable,6700.00 ,3.5,,,,,NY,Erie,
H3305,007,0,MVP HEALTH CARE,HMO-POS,MVP Medicare Preferred Gold without Part D (HMO-POS),Not Applicable,Not Applicable,7200.00 ,4.0,,,,,NY,Erie,
H3305,015,0,MVP HEALTH CARE,HMO-POS,MVP Medicare Preferred Gold with Part D (HMO-POS),229.00 ,300.00 ,6800.00 ,4.0,1,,,,NY,Erie,
H3312,065,0,Aetna Medicare,HMO-POS,Aetna Medicare Signature (HMO-POS),0.00 ,500.00 ,6750.00 ,3.0,1,,,,NY,Erie,
H3312,070,0,Aetna Medicare,HMO D-SNP,Aetna Medicare Full Dual (HMO D-SNP),23.10 ,615.00 ,9250.00 ,3.0,1,,,,NY,Erie,
H3312,089,0,Aetna Medicare,HMO D-SNP,Aetna Medicare Partial Dual (HMO D-SNP),5.90 ,615.00 ,9250.00 ,3.0,1,,,,NY,Erie,
H3335,060,0,"Excellus Health Plan, Inc",PPO,Univera SeniorChoice Core (PPO),232.20 ,615.00 ,4000.00 ,3.5,1,,,,NY,Erie,
H3344,013,0,Independent Health,PPO,Independent Health's Medicare Passport Connect (PPO),58.80 ,615.00 ,9250.00 ,4.5,1,,,,NY,Erie,
H3351,001,0,"Excellus Health Plan, Inc",HMO-POS,Univera Medicare Freedom (HMO-POS),Not Applicable,Not Applicable,4500.00 ,4.0,,,,,NY,Erie,
H3351,002,0,"Excellus Health Plan, Inc",HMO-POS,Univera SeniorChoice Secure (HMO-POS),83.20 ,250.00 ,6000.00 ,4.0,1,,,,NY,Erie,
H3351,012,0,"Excellus Health Plan, Inc",HMO-POS,Univera SeniorChoice Value Plus (HMO-POS),69.80 ,295.00 ,6700.00 ,4.0,1,,,,NY,Erie,
H3351,017,0,"Excellus Health Plan, Inc",HMO,Univera SeniorChoice Basic (HMO),0.00 ,615.00 ,8500.00 ,4.0,1,,,,NY,Erie,
H3351,019,0,"Excellus Health Plan, Inc",HMO-POS,Univera SeniorChoice Advanced (HMO-POS),50.80 ,300.00 ,7500.00 ,4.0,1,,,,NY,Erie,
H3351,020,0,"Excellus Health Plan, Inc",HMO,Univera SeniorChoice Extra (HMO),0.00 ,615.00 ,8500.00 ,4.0,1,,,,NY,Erie,
H3362,016,0,Independent Health,HMO,Independent Health's Encompass 65 (HMO),Not Applicable,Not Applicable,6750.00 ,5.0,,,,,NY,Erie,
H3362,020,0,Independent Health,HMO I-SNP,Independent Health's Medicare Family Choice (HMO I-SNP),58.80 ,0.00 ,3000.00 ,5.0,1,,,,NY,Erie,
H3362,040,0,Independent Health,HMO C-SNP,Independent Health's Assure Advantage (HMO C-SNP),46.50 ,50.00 ,6750.00 ,5.0,1,,,,NY,Erie,
H3362,042,0,Independent Health,HMO,Independent Health's Encompass 65 RED 042 (HMO),40.00 ,250.00 ,9250.00 ,5.0,1,,,,NY,Erie,
H3362,043,0,Independent Health,HMO,Independent Health's Encompass 65 RED 043 (HMO),190.00 ,50.00 ,7000.00 ,5.0,1,,,,NY,Erie,
H3362,044,0,Independent Health,HMO,Independent Health's Encompass 65 RED 044 (HMO),95.00 ,150.00 ,7500.00 ,5.0,1,,,,NY,Erie,
H3379,040,0,UnitedHealthcare,HMO-POS,AARP Medicare Advantage from UHC NY-0007 (HMO-POS),0.00 ,440.00 ,8300.00 ,3.5,1,,,,NY,Erie,
H3379,053,0,UnitedHealthcare,HMO-POS C-SNP,UHC Complete Care NY-30 (HMO-POS C-SNP),0.00 ,440.00 ,8300.00 ,3.5,1,,,,NY,Erie,
H3379,060,0,UnitedHealthcare,HMO-POS,AARP Medicare Advantage Patriot No Rx NY-MA3 (HMO-POS),Not Applicable,Not Applicable,6700.00 ,3.5,,,,,NY,Erie,
H3384,019,0,Highmark Blue Cross Blue Shield or Highmark Blue Shield,HMO,Senior Blue 651 (HMO),97.00 ,615.00 ,6700.00 ,4.0,1,,,,NY,Erie,
H3384,022,0,Highmark Blue Cross Blue Shield or Highmark Blue Shield,HMO,Senior Blue 601 (HMO),Not Applicable,Not Applicable,6700.00 ,4.0,,,,,NY,Erie,
H3384,069,1,Highmark Blue Cross Blue Shield or Highmark Blue Shield,HMO,Community Blue Medicare HMO Signature (HMO),0.00 ,615.00 ,6750.00 ,4.0,1,,,,NY,Erie,
H3384,070,1,Highmark Blue Cross Blue Shield or Highmark Blue Shield,HMO,Community Blue Medicare HMO Distinct (HMO),49.00 ,615.00 ,6750.00 ,4.0,1,,,,NY,Erie,
H3384,071,0,Highmark Blue Cross Blue Shield or Highmark Blue Shield,HMO,Community Blue Medicare HMO Merit (HMO),0.00 ,615.00 ,8300.00 ,4.0,1,,,,NY,Erie,
H3387,013,0,UnitedHealthcare,HMO-POS D-SNP,UHC Dual Complete NY-Y001 (HMO-POS D-SNP),58.80 ,615.00 ,9250.00 ,4.0,1,,,,NY,Erie,
H3387,014,1,UnitedHealthcare,HMO-POS D-SNP,UHC Dual Complete NY-S002 (HMO-POS D-SNP),58.80 ,615.00 ,9250.00 ,4.0,1,,,,NY,Erie,
H3387,015,1,UnitedHealthcare,HMO-POS D-SNP,UHC Dual Complete NY-Q001 (HMO-POS D-SNP),31.00 ,615.00 ,9250.00 ,4.0,1,,,,NY,Erie,
H3418,008,0,UnitedHealthcare,PPO,AARP Medicare Advantage from UHC NY-0019 (PPO),38.00 ,600.00 ,8500.00 ,3.5,1,,,,NY,Erie,
H3533,002,0,Humana,HMO D-SNP,Humana Gold Plus SNP-DE H3533-002 (HMO D-SNP),0.00 ,615.00 ,9250.00 ,3.0,1,,,,NY,Erie,
H4868,003,0,Wellcare,HMO-POS,Wellcare Patriot Simple (HMO-POS),Not Applicable,Not Applicable,6700.00 ,3.0,,,,,NY,Erie,
H4868,004,0,Wellcare,HMO D-SNP,Wellcare Dual Access (HMO D-SNP),58.80 ,410.00 ,9250.00 ,3.0,1,,,,NY,Erie,
H4868,019,0,Wellcare,HMO-POS,Wellcare Simple (HMO-POS),0.00 ,615.00 ,9250.00 ,3.0,1,,,,NY,Erie,
H5521,215,0,Aetna Medicare,PPO,Aetna Medicare Signature (PPO),0.00 ,615.00 ,7900.00 ,4.5,1,,,,NY,Erie,
H5521,323,0,Aetna Medicare,PPO,Aetna Medicare Eagle Giveback (PPO),Not Applicable,Not Applicable,9250.00 ,4.5,,,,,NY,Erie,
H5521,381,0,Aetna Medicare,PPO,Aetna Medicare Premier (PPO),27.00 ,500.00 ,6900.00 ,4.5,1,,,,NY,Erie,
H5521,461,0,Aetna Medicare,PPO I-SNP,Aetna Medicare Longevity (PPO I-SNP),58.80 ,615.00 ,9250.00 ,4.5,1,,,,NY,Erie,
H5526,004,0,Highmark Blue Cross Blue Shield or Highmark Blue Shield,PPO,Forever Blue 751 (PPO),210.00 ,615.00 ,6700.00 ,4.5,1,,,,NY,Erie,
H5526,016,0,Highmark Blue Cross Blue Shield or Highmark Blue Shield,PPO,Forever Blue Value (PPO),152.00 ,615.00 ,6700.00 ,4.5,1,,,,NY,Erie,
H5526,023,0,Highmark Blue Cross Blue Shield or Highmark Blue Shield,PPO,Freedom Valor (PPO),Not Applicable,Not Applicable,6700.00 ,4.5,,,,,NY,Erie,
H5549,003,0,VNS Health Medicare,HMO D-SNP,VNS Health Total (HMO D-SNP),58.80 ,615.00 ,0.00 ,3.5,1,,,,NY,Erie,
H5549,011,0,VNS Health Medicare,HMO D-SNP,VNS Health EasyCare Plus (HMO D-SNP),51.60 ,615.00 ,9250.00 ,3.5,1,,,,NY,Erie,
H5549,012,0,VNS Health Medicare,HMO,VNS Health EasyCare (HMO),25.00 ,500.00 ,9250.00 ,3.5,1,,,,NY,Erie,
H5599,002,0,Wellcare,HMO-POS,Wellcare Fidelis Assist (HMO-POS),32.50 ,615.00 ,9250.00 ,3.0,1,,,,NY,Erie,
H5599,003,0,Wellcare,HMO D-SNP,Wellcare Fidelis Dual Align (HMO D-SNP),58.80 ,615.00 ,9250.00 ,3.0,1,,,,NY,Erie,
H5599,004,0,Wellcare,HMO-POS,Wellcare Fidelis Simple (HMO-POS),0.00 ,615.00 ,9250.00 ,3.0,1,,,,NY,Erie,
H5599,010,0,Wellcare,HMO-POS,Wellcare Fidelis Patriot Simple (HMO-POS),Not Applicable,Not Applicable,9250.00 ,3.0,,,,,NY,Erie,
H5599,013,1,Wellcare,HMO D-SNP,Wellcare Fidelis Dual Liberty Sync (HMO D-SNP),58.80 ,580.00 ,9250.00 ,3.0,1,,,,NY,Erie,
H5970,016,0,Humana,PPO,Humana USAA Honor Giveback (PPO),Not Applicable,Not Applicable,4950.00 ,3.0,,,,,NY,Erie,
H5970,020,0,Humana,PPO D-SNP,HumanaChoice SNP-DE H5970-020 (PPO D-SNP),0.90 ,615.00 ,9250.00 ,3.0,1,,,,NY,Erie,
H5970,029,0,Humana,PPO,HumanaChoice H5970-029 (PPO),32.00 ,615.00 ,9250.00 ,3.0,1,,,,NY,Erie,
H5970,030,0,Humana,PPO,HumanaChoice Giveback H5970-030 (PPO),0.00 ,615.00 ,9250.00 ,3.0,1,,,,NY,Erie,
H7524,001,0,Excellus Health Plan Community Care LLC,HMO D-SNP,Univera Medicare Dual (HMO D-SNP),58.80 ,615.00 ,9250.00 ,Not Enough Data Available,1,,,,NY,Erie,
H7524,002,0,Excellus Health Plan Community Care LLC,HMO D-SNP,Univera Medicare Total Care (HMO D-SNP),29.30 ,615.00 ,9250.00 ,Not Enough Data Available,1,,,,NY,Erie,
H9066,001,0,Nascentia Health Plus,HMO D-SNP,Nascentia Medicaid Advantage Plus (HMO D-SNP),58.80 ,615.00 ,8500.00 ,Not Enough Data Available,1,,,,NY,Erie,
H9066,002,0,Nascentia Health Plus,HMO I-SNP,Nascentia Skilled Nursing Facility (HMO I-SNP),58.80 ,615.00 ,6000.00 ,Not Enough Data Available,1,,,,NY,Erie,
H9066,003,0,Nascentia Health Plus,HMO D-SNP,Nascentia Dual Advantage (HMO D-SNP),58.80 ,615.00 ,8500.00 ,Not Enough Data Available,1,,,,NY,Erie,
H9615,021,0,MVP HEALTH CARE,PPO,MVP Medicare WellSelect with Part D (PPO),160.00 ,615.00 ,9250.00 ,3.5,1,,,,NY,Erie,
H0034,001,0,"Hamaspik, Inc.",HMO D-SNP,Hamaspik Medicare Select (HMO D-SNP),34.50 ,615.00 ,9250.00 ,3.5,1,,,,NY,Kings,
H0034,002,0,"Hamaspik, Inc.",HMO D-SNP,Hamaspik Medicare Choice (HMO D-SNP),51.50 ,615.00 ,9250.00 ,3.5,1,,,,NY,Kings,
H0423,001,0,MetroPlus Health Plan,HMO D-SNP,MetroPlus Advantage Plan (HMO D-SNP),58.80 ,615.00 ,9250.00 ,4.0,1,,,,NY,Kings,
H0423,004,0,MetroPlus Health Plan,HMO,MetroPlus Platinum Plan (HMO),58.80 ,615.00 ,9250.00 ,4.0,1,,,,NY,Kings,
H0423,007,0,MetroPlus Health Plan,HMO D-SNP,MetroPlus UltraCare (HMO D-SNP),58.80 ,615.00 ,9250.00 ,4.0,1,,,,NY,Kings,
H2001,063,2,UnitedHealthcare,PPO D-SNP,UHC Dual Complete NY-S001 (PPO D-SNP),52.80 ,615.00 ,9250.00 ,4.5,1,,,,NY,Kings,
H2168,001,0,VillageCareMAX,HMO D-SNP,VillageCareMAX Medicare Health Advantage Plan (HMO D-SNP),58.80 ,615.00 ,9250.00 ,3.5,1,,,,NY,Kings,
H2168,002,0,VillageCareMAX,HMO D-SNP,VillageCareMAX Medicare Total Advantage Plan (HMO D-SNP),58.80 ,615.00 ,9250.00 ,3.5,1,,,,NY,Kings,
H2168,004,0,VillageCareMAX,HMO,VillageCareMAX Medicare Select Advantage Plan (HMO),58.80 ,615.00 ,9250.00 ,3.5,1,,,,NY,Kings,
H2292,002,0,UnitedHealthcare,PPO I-SNP,UHC Nursing Home Plan NY-F002 (PPO I-SNP),51.40 ,615.00 ,9250.00 ,4.5,1,,,,NY,Kings,
H2775,106,0,Wellcare,PPO,Wellcare Simple Open (PPO),0.00 ,615.00 ,9250.00 ,3.0,1,,,,NY,Kings,
H2775,111,0,Wellcare,PPO,Wellcare Giveback Open (PPO),0.00 ,615.00 ,9250.00 ,3.0,1,,,,NY,Kings,
H2775,112,0,Wellcare,PPO D-SNP,Wellcare Dual Access Open (PPO D-SNP),58.80 ,510.00 ,9250.00 ,3.0,1,,,,NY,Kings,
H2775,113,0,Wellcare,PPO,Wellcare Assist Open (PPO),58.80 ,530.00 ,9250.00 ,3.0,1,,,,NY,Kings,
H3312,002,0,Aetna Medicare,HMO,Aetna Medicare Signature (HMO),0.00 ,615.00 ,9250.00 ,3.0,1,,,,NY,Kings,
H3312,069,0,Aetna Medicare,HMO D-SNP,Aetna Medicare Full Dual Care (HMO D-SNP),58.80 ,615.00 ,9250.00 ,3.0,1,,,,NY,Kings,
H3312,073,0,Aetna Medicare,HMO D-SNP,Aetna Medicare FIDE Care (HMO D-SNP),50.00 ,615.00 ,9250.00 ,3.0,1,,,,NY,Kings,
H3312,074,0,Aetna Medicare,HMO,Aetna Medicare Signature Care (HMO),0.00 ,615.00 ,9250.00 ,3.0,1,,,,NY,Kings,
H3312,090,0,Aetna Medicare,HMO D-SNP,Aetna Medicare Partial Dual Care (HMO D-SNP),38.30 ,615.00 ,9250.00 ,3.0,1,,,,NY,Kings,
H3312,091,0,Aetna Medicare,HMO C-SNP,Aetna Medicare Chronic Care (HMO C-SNP),0.00 ,615.00 ,9250.00 ,3.0,1,,,,NY,Kings,
H3330,021,5,EmblemHealth,HMO,EmblemHealth VIP Gold (HMO),49.00 ,200.00 ,9250.00 ,4.0,1,,,,NY,Kings,
H3330,038,0,EmblemHealth,HMO,EmblemHealth VIP Gold Plus (HMO),252.00 ,200.00 ,9250.00 ,4.0,1,,,,NY,Kings,
H3347,002,0,Elderplan,HMO-POS D-SNP,Elderplan For Medicaid Beneficiaries (HMO-POS D-SNP),22.70 ,615.00 ,9250.00 ,3.5,1,,,,NY,Kings,
H3347,003,0,Elderplan,HMO-POS I-SNP,Elderplan Advantage For Nursing Home Residents (HMO-POS I-SNP),44.80 ,615.00 ,9250.00 ,3.5,1,,,,NY,Kings,
H3347,007,0,Elderplan,HMO-POS D-SNP,Elderplan Plus Long-Term Care (HMO-POS D-SNP),58.80 ,615.00 ,9250.00 ,3.5,1,,,,NY,Kings,
H3347,009,0,Elderplan,HMO-POS,Elderplan Extra Help (HMO-POS),58.80 ,375.00 ,7550.00 ,3.5,1,,,,NY,Kings,
H3347,016,0,Elderplan,HMO-POS,Elderplan Flex (HMO-POS),0.00 ,375.00 ,7550.00 ,3.5,1,,,,NY,Kings,
H3347,018,0,Elderplan,HMO-POS I-SNP,Elderplan Select (HMO-POS I-SNP),0.00 ,0.00 ,7500.00 ,3.5,1,,,,NY,Kings,
H3359,001,0,Healthfirst Medicare Plan,HMO,Healthfirst 65 Plus Plan (HMO),0.00 ,615.00 ,9250.00 ,4.5,1,,,,NY,Kings,
H3359,019,0,Healthfirst Medicare Plan,HMO,Healthfirst Increased Benefits Plan (HMO),24.20 ,615.00 ,9250.00 ,4.5,1,,,,NY,Kings,
H3359,021,0,Healthfirst Medicare Plan,HMO D-SNP,Healthfirst Life Improvement Plan (HMO D-SNP),58.80 ,615.00 ,9250.00 ,4.5,1,,,,NY,Kings,
H3359,034,0,Healthfirst Medicare Plan,HMO D-SNP,Healthfirst CompleteCare (HMO D-SNP),58.80 ,615.00 ,9250.00 ,4.5,1,,,,NY,Kings,
H3359,038,0,Healthfirst Medicare Plan,HMO D-SNP,Healthfirst Connection Plan (HMO D-SNP),20.70 ,615.00 ,9250.00 ,4.5,1,,,,NY,Kings,
H3379,001,0,UnitedHealthcare,HMO-POS,AARP Medicare Advantage from UHC NY-0005 (HMO-POS),82.00 ,520.00 ,9250.00 ,3.5,1,,,,NY,Kings,
H3379,060,0,UnitedHealthcare,HMO-POS,AARP Medicare Advantage Patriot No Rx NY-MA3 (HMO-POS),Not Applicable,Not Applicable,6700.00 ,3.5,,,,,NY,Kings,
H3387,013,0,UnitedHealthcare,HMO-POS D-SNP,UHC Dual Complete NY-Y001 (HMO-POS D-SNP),58.80 ,615.00 ,9250.00 ,4.0,1,,,,NY,Kings,
H3387,014,2,UnitedHealthcare,HMO-POS D-SNP,UHC Dual Complete NY-S002 (HMO-POS D-SNP),58.80 ,615.00 ,9250.00 ,4.0,1,,,,NY,Kings,
H3387,015,2,UnitedHealthcare,HMO-POS D-SNP,UHC Dual Complete NY-Q001 (HMO-POS D-SNP),31.00 ,615.00 ,9250.00 ,4.0,1,,,,NY,Kings,
H3418,001,0,UnitedHealthcare,PPO,AARP Medicare Advantage from UHC NY-0012 (PPO),0.00 ,600.00 ,8900.00 ,3.5,1,,,,NY,Kings,
H3533,027,0,Humana,HMO,Humana Gold Plus Giveback H3533-027 (HMO),0.00 ,615.00 ,9250.00 ,3.0,1,,,,NY,Kings,
H3533,033,0,Humana,HMO,Humana Gold Plus H3533-033 (HMO),0.00 ,615.00 ,8550.00 ,3.0,1,,,,NY,Kings,
H3533,034,1,Humana,HMO D-SNP,Humana Gold Plus SNP-DE H3533-034 (HMO D-SNP),34.10 ,615.00 ,9250.00 ,3.0,1,,,,NY,Kings,
H3533,035,0,Humana,HMO,Humana Gold Plus H3533-035 (HMO),22.00 ,615.00 ,9250.00 ,3.0,1,,,,NY,Kings,
H4868,014,0,Wellcare,HMO D-SNP,Wellcare Dual Access (HMO D-SNP),58.80 ,615.00 ,9250.00 ,3.0,1,,,,NY,Kings,
H4868,016,0,Wellcare,HMO-POS,Wellcare Assist (HMO-POS),51.40 ,590.00 ,9250.00 ,3.0,1,,,,NY,Kings,
H4868,019,0,Wellcare,HMO-POS,Wellcare Simple (HMO-POS),0.00 ,615.00 ,9250.00 ,3.0,1,,,,NY,Kings,
H5521,120,0,Aetna Medicare,PPO,Aetna Medicare Elite (PPO),0.00 ,615.00 ,9250.00 ,4.5,1,,,,NY,Kings,
H5521,320,0,Aetna Medicare,PPO,Aetna Medicare Eagle Giveback (PPO),Not Applicable,Not Applicable,9250.00 ,4.5,,,,,NY,Kings,
H5521,461,0,Aetna Medicare,PPO I-SNP,Aetna Medicare Longevity (PPO I-SNP),58.80 ,615.00 ,9250.00 ,4.5,1,,,,NY,Kings,
H5521,661,0,Aetna Medicare,PPO,Aetna Medicare Enhanced (PPO),60.00 ,615.00 ,9250.00 ,4.5,1,,,,NY,Kings,
H5521,664,0,Aetna Medicare,PPO,Aetna Medicare Enhanced Extra (PPO),104.00 ,615.00 ,6750.00 ,4.5,1,,,,NY,Kings,
H5521,698,0,Aetna Medicare,PPO,Aetna Medicare Elite Extra (PPO),44.00 ,615.00 ,9250.00 ,4.5,1,,,,NY,Kings,
H5549,003,0,VNS Health Medicare,HMO D-SNP,VNS Health Total (HMO D-SNP),58.80 ,615.00 ,0.00 ,3.5,1,,,,NY,Kings,
H5549,011,0,VNS Health Medicare,HMO D-SNP,VNS Health EasyCare Plus (HMO D-SNP),51.60 ,615.00 ,9250.00 ,3.5,1,,,,NY,Kings,
H5549,012,0,VNS Health Medicare,HMO,VNS Health EasyCare (HMO),25.00 ,500.00 ,9250.00 ,3.5,1,,,,NY,Kings,
H5599,003,0,Wellcare,HMO D-SNP,Wellcare Fidelis Dual Align (HMO D-SNP),58.80 ,615.00 ,9250.00 ,3.0,1,,,,NY,Kings,
H5599,010,0,Wellcare,HMO-POS,Wellcare Fidelis Patriot Simple (HMO-POS),Not Applicable,Not Applicable,9250.00 ,3.0,,,,,NY,Kings,
H5599,013,2,Wellcare,HMO D-SNP,Wellcare Fidelis Dual Liberty Sync (HMO D-SNP),58.80 ,580.00 ,9250.00 ,3.0,1,,,,NY,Kings,
H5970,016,0,Humana,PPO,Humana USAA Honor Giveback (PPO),Not Applicable,Not Applicable,4950.00 ,3.0,,,,,NY,Kings,
H5970,028,0,Humana,PPO,HumanaChoice H5970-028 (PPO),0.00 ,615.00 ,9250.00 ,3.0,1,,,,NY,Kings,
H5970,031,0,Humana,PPO,Humana Direct Choice Giveback (PPO),0.00 ,475.00 ,9250.00 ,3.0,1,,,,NY,Kings,
H5989,011,0,Healthfirst Medicare Plan,HMO,Healthfirst Signature (HMO),0.00 ,615.00 ,9250.00 ,3.5,1,,,,NY,Kings,
H5991,010,0,EmblemHealth,HMO D-SNP,EmblemHealth VIP Dual Reserve (HMO D-SNP),58.80 ,615.00 ,9250.00 ,3.0,1,,,,NY,Kings,
H5991,012,1,EmblemHealth,HMO D-SNP,EmblemHealth VIP Dual (HMO D-SNP),58.80 ,615.00 ,9250.00 ,3.0,1,,,,NY,Kings,
H5991,013,1,EmblemHealth,HMO D-SNP,EmblemHealth VIP Dual Enhanced (HMO D-SNP),58.80 ,615.00 ,9250.00 ,3.0,1,,,,NY,Kings,
H5992,007,0,Senior Whole Health of New York,HMO D-SNP,Senior Whole Health of New York NHC (HMO D-SNP),17.30 ,615.00 ,9250.00 ,Not Enough Data Available,1,,,,NY,Kings,
H5992,010,0,Senior Whole Health of New York,HMO D-SNP,Senior Whole Health Medicare Complete Care (HMO D-SNP),0.00 ,199.00 ,9250.00 ,Not Enough Data Available,1,,,,NY,Kings,
H6776,001,0,ElderServe Health,HMO I-SNP,ElderServe Star (HMO I-SNP),58.80 ,615.00 ,9250.00 ,Not Enough Data Available,1,,,,NY,Kings,
H6776,002,0,ElderServe Health,HMO D-SNP,ElderServe MAP (HMO D-SNP),58.80 ,615.00 ,9250.00 ,Not Enough Data Available,1,,,,NY,Kings,
H6988,004,0,Anthem Blue Cross and Blue Shield HP,HMO D-SNP,Anthem HealthPlus Full Dual Advantage LTSS 2 (HMO D-SNP),58.80 ,615.00 ,9250.00 ,5.0,1,,,,NY,Kings,
H6988,008,0,Anthem Blue Cross and Blue Shield HP,HMO-POS,Anthem Veteran 2 (HMO-POS),Not Applicable,Not Applicable,6800.00 ,5.0,,,,,NY,Kings,
H6988,009,0,Anthem Blue Cross and Blue Shield HP,HMO-POS,Anthem Medicare Advantage 2 (HMO-POS),34.00 ,240.00 ,9250.00 ,5.0,1,,,,NY,Kings,
H7849,150,0,HealthSpring,PPO,HealthSpring True Choice (PPO),0.00 ,250.00 ,6800.00 ,3.0,1,,,,NY,Kings,
H8432,036,0,Anthem Blue Cross and Blue Shield HP,HMO-POS,Anthem Veteran (HMO-POS),Not Applicable,Not Applicable,6800.00 ,3.5,,,,,NY,Kings,
H8432,040,0,Anthem Blue Cross and Blue Shield HP,HMO-POS,Anthem Medicare Advantage (HMO-POS),44.00 ,150.00 ,9250.00 ,3.5,1,,,,NY,Kings,
H8432,041,0,Anthem Blue Cross and Blue Shield HP,HMO D-SNP,Anthem HealthPlus Full Dual Advantage LTSS (HMO D-SNP),58.80 ,615.00 ,9250.00 ,3.5,1,,,,NY,Kings,
H8432,042,0,Anthem Blue Cross and Blue Shield HP,HMO D-SNP,Anthem HealthPlus Full Dual Advantage (HMO D-SNP),58.80 ,615.00 ,9250.00 ,3.5,1,,,,NY,Kings,
H8457,001,0,Longevity Health Plan,HMO I-SNP,Longevity Health Plan (HMO I-SNP),58.80 ,615.00 ,9250.00 ,Not Enough Data Available,1,,,,NY,Kings,
H9678,002,0,Healthfirst Medicare Plan,PPO,Healthfirst Signature (PPO),55.00 ,615.00 ,9250.00 ,3.0,1,,,,NY,Kings,
H0034,001,0,"Hamaspik, Inc.",HMO D-SNP,Hamaspik Medicare Select (HMO D-SNP),34.50 ,615.00 ,9250.00 ,3.5,1,,,,NY,Queens,
H0034,002,0,"Hamaspik, Inc.",HMO D-SNP,Hamaspik Medicare Choice (HMO D-SNP),51.50 ,615.00 ,9250.00 ,3.5,1,,,,NY,Queens,
H0423,001,0,MetroPlus Health Plan,HMO D-SNP,MetroPlus Advantage Plan (HMO D-SNP),58.80 ,615.00 ,9250.00 ,4.0,1,,,,NY,Queens,
H0423,004,0,MetroPlus Health Plan,HMO,MetroPlus Platinum Plan (HMO),58.80 ,615.00 ,9250.00 ,4.0,1,,,,NY,Queens,
H0423,007,0,MetroPlus Health Plan,HMO D-SNP,MetroPlus UltraCare (HMO D-SNP),58.80 ,615.00 ,9250.00 ,4.0,1,,,,NY,Queens,
H2001,063,2,UnitedHealthcare,PPO D-SNP,UHC Dual Complete NY-S001 (PPO D-SNP),52.80 ,615.00 ,9250.00 ,4.5,1,,,,NY,Queens,
H2168,001,0,VillageCareMAX,HMO D-SNP,VillageCareMAX Medicare Health Advantage Plan (HMO D-SNP),58.80 ,615.00 ,9250.00 ,3.5,1,,,,NY,Queens,
H2168,002,0,VillageCareMAX,HMO D-SNP,VillageCareMAX Medicare Total Advantage Plan (HMO D-SNP),58.80 ,615.00 ,9250.00 ,3.5,1,,,,NY,Queens,
H2168,004,0,VillageCareMAX,HMO,VillageCareMAX Medicare Select Advantage Plan (HMO),58.80 ,615.00 ,9250.00 ,3.5,1,,,,NY,Queens,
H2292,002,0,UnitedHealthcare,PPO I-SNP,UHC Nursing Home Plan NY-F002 (PPO I-SNP),51.40 ,615.00 ,9250.00 ,4.5,1,,,,NY,Queens,
H2775,106,0,Wellcare,PPO,Wellcare Simple Open (PPO),0.00 ,615.00 ,9250.00 ,3.0,1,,,,NY,Queens,
H2775,111,0,Wellcare,PPO,Wellcare Giveback Open (PPO),0.00 ,615.00 ,9250.00 ,3.0,1,,,,NY,Queens,
H2775,112,0,Wellcare,PPO D-SNP,Wellcare Dual Access Open (PPO D-SNP),58.80 ,510.00 ,9250.00 ,3.0,1,,,,NY,Queens,
H2775,113,0,Wellcare,PPO,Wellcare Assist Open (PPO),58.80 ,530.00 ,9250.00 ,3.0,1,,,,NY,Queens,
H3312,069,0,Aetna Medicare,HMO D-SNP,Aetna Medicare Full Dual Care (HMO D-SNP),58.80 ,615.00 ,9250.00 ,3.0,1,,,,NY,Queens,
H3312,074,0,Aetna Medicare,HMO,Aetna Medicare Signature Care (HMO),0.00 ,615.00 ,9250.00 ,3.0,1,,,,NY,Queens,
H3312,081,0,Aetna Medicare,HMO,Aetna Medicare Enhanced (HMO),74.00 ,615.00 ,9250.00 ,3.0,1,,,,NY,Queens,
H3312,090,0,Aetna Medicare,HMO D-SNP,Aetna Medicare Partial Dual Care (HMO D-SNP),38.30 ,615.00 ,9250.00 ,3.0,1,,,,NY,Queens,
H3312,091,0,Aetna Medicare,HMO C-SNP,Aetna Medicare Chronic Care (HMO C-SNP),0.00 ,615.00 ,9250.00 ,3.0,1,,,,NY,Queens,
H3330,038,0,EmblemHealth,HMO,EmblemHealth VIP Gold Plus (HMO),252.00 ,200.00 ,9250.00 ,4.0,1,,,,NY,Queens,
H3347,002,0,Elderplan,HMO-POS D-SNP,Elderplan For Medicaid Beneficiaries (HMO-POS D-SNP),22.70 ,615.00 ,9250.00 ,3.5,1,,,,NY,Queens,
H3347,003,0,Elderplan,HMO-POS I-SNP,Elderplan Advantage For Nursing Home Residents (HMO-POS I-SNP),44.80 ,615.00 ,9250.00 ,3.5,1,,,,NY,Queens,
H3347,007,0,Elderplan,HMO-POS D-SNP,Elderplan Plus Long-Term Care (HMO-POS D-SNP),58.80 ,615.00 ,9250.00 ,3.5,1,,,,NY,Queens,
H3347,009,0,Elderplan,HMO-POS,Elderplan Extra Help (HMO-POS),58.80 ,375.00 ,7550.00 ,3.5,1,,,,NY,Queens,
H3347,016,0,Elderplan,HMO-POS,Elderplan Flex (HMO-POS),0.00 ,375.00 ,7550.00 ,3.5,1,,,,NY,Queens,
H3347,018,0,Elderplan,HMO-POS I-SNP,Elderplan Select (HMO-POS I-SNP),0.00 ,0.00 ,7500.00 ,3.5,1,,,,NY,Queens,
H3359,001,0,Healthfirst Medicare Plan,HMO,Healthfirst 65 Plus Plan (HMO),0.00 ,615.00 ,9250.00 ,4.5,1,,,,NY,Queens,
H3359,019,0,Healthfirst Medicare Plan,HMO,Healthfirst Increased Benefits Plan (HMO),24.20 ,615.00 ,9250.00 ,4.5,1,,,,NY,Queens,
H3359,021,0,Healthfirst Medicare Plan,HMO D-SNP,Healthfirst Life Improvement Plan (HMO D-SNP),58.80 ,615.00 ,9250.00 ,4.5,1,,,,NY,Queens,
H3359,034,0,Healthfirst Medicare Plan,HMO D-SNP,Healthfirst CompleteCare (HMO D-SNP),58.80 ,615.00 ,9250.00 ,4.5,1,,,,NY,Queens,
H3359,038,0,Healthfirst Medicare Plan,HMO D-SNP,Healthfirst Connection Plan (HMO D-SNP),20.70 ,615.00 ,9250.00 ,4.5,1,,,,NY,Queens,
H3379,001,0,UnitedHealthcare,HMO-POS,AARP Medicare Advantage from UHC NY-0005 (HMO-POS),82.00 ,520.00 ,9250.00 ,3.5,1,,,,NY,Queens,
H3379,060,0,UnitedHealthcare,HMO-POS,AARP Medicare Advantage Patriot No Rx NY-MA3 (HMO-POS),Not Applicable,Not Applicable,6700.00 ,3.5,,,,,NY,Queens,
H3387,013,0,UnitedHealthcare,HMO-POS D-SNP,UHC Dual Complete NY-Y001 (HMO-POS D-SNP),58.80 ,615.00 ,9250.00 ,4.0,1,,,,NY,Queens,
H3387,014,2,UnitedHealthcare,HMO-POS D-SNP,UHC Dual Complete NY-S002 (HMO-POS D-SNP),58.80 ,615.00 ,9250.00 ,4.0,1,,,,NY,Queens,
H3387,015,2,UnitedHealthcare,HMO-POS D-SNP,UHC Dual Complete NY-Q001 (HMO-POS D-SNP),31.00 ,615.00 ,9250.00 ,4.0,1,,,,NY,Queens,
H3418,001,0,UnitedHealthcare,PPO,AARP Medicare Advantage from UHC NY-0012 (PPO),0.00 ,600.00 ,8900.00 ,3.5,1,,,,NY,Queens,
H3533,027,0,Humana,HMO,Humana Gold Plus Giveback H3533-027 (HMO),0.00 ,615.00 ,9250.00 ,3.0,1,,,,NY,Queens,
H3533,033,0,Humana,HMO,Humana Gold Plus H3533-033 (HMO),0.00 ,615.00 ,8550.00 ,3.0,1,,,,NY,Queens,
H3533,034,1,Humana,HMO D-SNP,Humana Gold Plus SNP-DE H3533-034 (HMO D-SNP),34.10 ,615.00 ,9250.00 ,3.0,1,,,,NY,Queens,
H3533,035,0,Humana,HMO,Humana Gold Plus H3533-035 (HMO),22.00 ,615.00 ,9250.00 ,3.0,1,,,,NY,Queens,
H4868,014,0,Wellcare,HMO D-SNP,Wellcare Dual Access (HMO D-SNP),58.80 ,615.00 ,9250.00 ,3.0,1,,,,NY,Queens,
H4868,016,0,Wellcare,HMO-POS,Wellcare Assist (HMO-POS),51.40 ,590.00 ,9250.00 ,3.0,1,,,,NY,Queens,
H4868,019,0,Wellcare,HMO-POS,Wellcare Simple (HMO-POS),0.00 ,615.00 ,9250.00 ,3.0,1,,,,NY,Queens,
H5521,120,0,Aetna Medicare,PPO,Aetna Medicare Elite (PPO),0.00 ,615.00 ,9250.00 ,4.5,1,,,,NY,Queens,
H5521,320,0,Aetna Medicare,PPO,Aetna Medicare Eagle Giveback (PPO),Not Applicable,Not Applicable,9250.00 ,4.5,,,,,NY,Queens,
H5521,461,0,Aetna Medicare,PPO I-SNP,Aetna Medicare Longevity (PPO I-SNP),58.80 ,615.00 ,9250.00 ,4.5,1,,,,NY,Queens,
H5521,661,0,Aetna Medicare,PPO,Aetna Medicare Enhanced (PPO),60.00 ,615.00 ,9250.00 ,4.5,1,,,,NY,Queens,
H5521,664,0,Aetna Medicare,PPO,Aetna Medicare Enhanced Extra (PPO),104.00 ,615.00 ,6750.00 ,4.5,1,,,,NY,Queens,
H5521,698,0,Aetna Medicare,PPO,Aetna Medicare Elite Extra (PPO),44.00 ,615.00 ,9250.00 ,4.5,1,,,,NY,Queens,
H5549,003,0,VNS Health Medicare,HMO D-SNP,VNS Health Total (HMO D-SNP),58.80 ,615.00 ,0.00 ,3.5,1,,,,NY,Queens,
H5549,011,0,VNS Health Medicare,HMO D-SNP,VNS Health EasyCare Plus (HMO D-SNP),51.60 ,615.00 ,9250.00 ,3.5,1,,,,NY,Queens,
H5549,012,0,VNS Health Medicare,HMO,VNS Health EasyCare (HMO),25.00 ,500.00 ,9250.00 ,3.5,1,,,,NY,Queens,
H5599,003,0,Wellcare,HMO D-SNP,Wellcare Fidelis Dual Align (HMO D-SNP),58.80 ,615.00 ,9250.00 ,3.0,1,,,,NY,Queens,
H5599,010,0,Wellcare,HMO-POS,Wellcare Fidelis Patriot Simple (HMO-POS),Not Applicable,Not Applicable,9250.00 ,3.0,,,,,NY,Queens,
H5599,013,2,Wellcare,HMO D-SNP,Wellcare Fidelis Dual Liberty Sync (HMO D-SNP),58.80 ,580.00 ,9250.00 ,3.0,1,,,,NY,Queens,
H5970,016,0,Humana,PPO,Humana USAA Honor Giveback (PPO),Not Applicable,Not Applicable,4950.00 ,3.0,,,,,NY,Queens,
H5970,028,0,Humana,PPO,HumanaChoice H5970-028 (PPO),0.00 ,615.00 ,9250.00 ,3.0,1,,,,NY,Queens,
H5970,031,0,Humana,PPO,Humana Direct Choice Giveback (PPO),0.00 ,475.00 ,9250.00 ,3.0,1,,,,NY,Queens,
H5989,011,0,Healthfirst Medicare Plan,HMO,Healthfirst Signature (HMO),0.00 ,615.00 ,9250.00 ,3.5,1,,,,NY,Queens,
H5991,010,0,EmblemHealth,HMO D-SNP,EmblemHealth VIP Dual Reserve (HMO D-SNP),58.80 ,615.00 ,9250.00 ,3.0,1,,,,NY,Queens,
H5991,012,1,EmblemHealth,HMO D-SNP,EmblemHealth VIP Dual (HMO D-SNP),58.80 ,615.00 ,9250.00 ,3.0,1,,,,NY,Queens,
H5991,013,1,EmblemHealth,HMO D-SNP,EmblemHealth VIP Dual Enhanced (HMO D-SNP),58.80 ,615.00 ,9250.00 ,3.0,1,,,,NY,Queens,
H5992,007,0,Senior Whole Health of New York,HMO D-SNP,Senior Whole Health of New York NHC (HMO D-SNP),17.30 ,615.00 ,9250.00 ,Not Enough Data Available,1,,,,NY,Queens,
H5992,010,0,Senior Whole Health of New York,HMO D-SNP,Senior Whole Health Medicare Complete Care (HMO D-SNP),0.00 ,199.00 ,9250.00 ,Not Enough Data Available,1,,,,NY,Queens,
H6776,001,0,ElderServe Health,HMO I-SNP,ElderServe Star (HMO I-SNP),58.80 ,615.00 ,9250.00 ,Not Enough Data Available,1,,,,NY,Queens,
H6776,002,0,ElderServe Health,HMO D-SNP,ElderServe MAP (HMO D-SNP),58.80 ,615.00 ,9250.00 ,Not Enough Data Available,1,,,,NY,Queens,
H6988,004,0,Anthem Blue Cross and Blue Shield HP,HMO D-SNP,Anthem HealthPlus Full Dual Advantage LTSS 2 (HMO D-SNP),58.80 ,615.00 ,9250.00 ,5.0,1,,,,NY,Queens,
H6988,008,0,Anthem Blue Cross and Blue Shield HP,HMO-POS,Anthem Veteran 2 (HMO-POS),Not Applicable,Not Applicable,6800.00 ,5.0,,,,,NY,Queens,
H6988,009,0,Anthem Blue Cross and Blue Shield HP,HMO-POS,Anthem Medicare Advantage 2 (HMO-POS),34.00 ,240.00 ,9250.00 ,5.0,1,,,,NY,Queens,
H7849,150,0,HealthSpring,PPO,HealthSpring True Choice (PPO),0.00 ,250.00 ,6800.00 ,3.0,1,,,,NY,Queens,
H8432,036,0,Anthem Blue Cross and Blue Shield HP,HMO-POS,Anthem Veteran (HMO-POS),Not Applicable,Not Applicable,6800.00 ,3.5,,,,,NY,Queens,
H8432,040,0,Anthem Blue Cross and Blue Shield HP,HMO-POS,Anthem Medicare Advantage (HMO-POS),44.00 ,150.00 ,9250.00 ,3.5,1,,,,NY,Queens,
H8432,041,0,Anthem Blue Cross and Blue Shield HP,HMO D-SNP,Anthem HealthPlus Full Dual Advantage LTSS (HMO D-SNP),58.80 ,615.00 ,9250.00 ,3.5,1,,,,NY,Queens,
H8432,042,0,Anthem Blue Cross and Blue Shield HP,HMO D-SNP,Anthem HealthPlus Full Dual Advantage (HMO D-SNP),58.80 ,615.00 ,9250.00 ,3.5,1,,,,NY,Queens,
H8457,001,0,Longevity Health Plan,HMO I-SNP,Longevity Health Plan (HMO I-SNP),58.80 ,615.00 ,9250.00 ,Not Enough Data Available,1,,,,NY,Queens,
H9678,002,0,Healthfirst Medicare Plan,PPO,Healthfirst Signature (PPO),55.00 ,615.00 ,9250.00 ,3.0,1,,,,NY,Queens,
H0628,005,0,Aetna Medicare,HMO-POS,Aetna Medicare Signature Care (HMO-POS),0.00 ,500.00 ,4900.00 ,4.0,1,,,,OH,Cuyahoga,
H0628,013,0,Aetna Medicare,HMO D-SNP,Aetna Medicare Dual Care (HMO D-SNP),17.90 ,615.00 ,9250.00 ,4.0,1,,,,OH,Cuyahoga,
H0628,031,0,Aetna Medicare,HMO C-SNP,Aetna Medicare Chronic Care Total (HMO C-SNP),28.60 ,615.00 ,9250.00 ,4.0,1,,,,OH,Cuyahoga,
H0628,036,0,Aetna Medicare,HMO C-SNP,Aetna Medicare Chronic Care (HMO C-SNP),0.00 ,615.00 ,6750.00 ,4.0,1,,,,OH,Cuyahoga,
H0628,041,0,Aetna Medicare,HMO D-SNP,Aetna Medicare Partial Dual (HMO D-SNP),17.20 ,615.00 ,9250.00 ,4.0,1,,,,OH,Cuyahoga,
H0672,006,0,HealthSpring,HMO,HealthSpring Preferred (HMO),0.00 ,400.00 ,6750.00 ,3.0,1,,,,OH,Cuyahoga,
H0672,015,0,HealthSpring,HMO D-SNP,HealthSpring TotalCare (HMO D-SNP),0.00 ,615.00 ,9100.00 ,3.0,1,,,,OH,Cuyahoga,
H0672,016,0,HealthSpring,HMO,HealthSpring Preferred Savings (HMO),0.00 ,200.00 ,6750.00 ,3.0,1,,,,OH,Cuyahoga,
H0672,018,0,HealthSpring,HMO D-SNP,HealthSpring TotalCare Plus (HMO D-SNP),0.90 ,615.00 ,9250.00 ,3.0,1,,,,OH,Cuyahoga,
H0710,027,0,UnitedHealthcare,PPO I-SNP,UHC Nursing Home Plan OH-F001 (PPO I-SNP),31.40 ,615.00 ,9250.00 ,4.5,1,,,,OH,Cuyahoga,
H0710,057,0,UnitedHealthcare,PPO I-SNP,UHC Care Advantage OH-E001 (PPO I-SNP),31.40 ,270.00 ,4000.00 ,4.5,1,,,,OH,Cuyahoga,
H0908,001,0,Wellcare,HMO-POS D-SNP,Wellcare Dual Access (HMO-POS D-SNP),27.40 ,615.00 ,9250.00 ,3.0,1,,,,OH,Cuyahoga,
H0908,003,0,Wellcare,HMO-POS,Wellcare Simple (HMO-POS),0.00 ,615.00 ,6500.00 ,3.0,1,,,,OH,Cuyahoga,
H0908,004,0,Wellcare,HMO-POS,Wellcare Assist (HMO-POS),30.10 ,615.00 ,4700.00 ,3.0,1,,,,OH,Cuyahoga,
H0908,006,0,Wellcare,HMO-POS D-SNP,Wellcare Dual Reserve (HMO-POS D-SNP),31.40 ,615.00 ,4200.00 ,3.0,1,,,,OH,Cuyahoga,
H1119,001,0,Valor Health Plan,HMO I-SNP,Valor Health Plan (HMO I-SNP),31.40 ,615.00 ,9250.00 ,4.0,1,,,,OH,Cuyahoga,
H1285,001,0,UnitedHealthcare Community Plan,HMO D-SNP,UHC Dual Complete OH-S2 (HMO D-SNP),31.40 ,615.00 ,9250.00 ,Plan Too New To Be Measured,1,,,,OH,Cuyahoga,
H1608,029,0,Aetna Medicare,PPO,Aetna Medicare Advantra (PPO),0.00 ,615.00 ,4500.00 ,4.0,1,,,,OH,Cuyahoga,
H2001,058,0,UnitedHealthcare,PPO D-SNP,UHC Dual Complete OH-D1 (PPO D-SNP),31.40 ,615.00 ,9250.00 ,4.5,1,,,,OH,Cuyahoga,
H2526,001,0,Devoted Health,PPO,DEVOTED CHOICE 001 OH (PPO),0.00 ,395.00 ,5300.00 ,4.0,1,,,,OH,Cuyahoga,
H2526,002,0,Devoted Health,PPO,DEVOTED CHOICE MA ONLY 002 OH (PPO),Not Applicable,Not Applicable,9250.00 ,4.0,,,,,OH,Cuyahoga,
H2526,003,0,Devoted Health,PPO,DEVOTED CHOICE 003 OH (PPO),0.00 ,375.00 ,5300.00 ,4.0,1,,,,OH,Cuyahoga,
H2628,001,0,Anthem Blue Cross and Blue Shield,HMO D-SNP,Anthem I MyCare Ohio Full Dual Advantage (HMO D-SNP),25.70 ,615.00 ,9250.00 ,Plan Too New To Be Measured,1,,,,OH,Cuyahoga,
H2628,005,0,Anthem Blue Cross and Blue Shield,HMO D-SNP,Anthem Dual Advantage (HMO D-SNP),7.10 ,615.00 ,6750.00 ,Plan Too New To Be Measured,1,,,,OH,Cuyahoga,
H2697,001,0,Devoted Health,HMO,DEVOTED CORE 001 OH (HMO),0.00 ,395.00 ,4900.00 ,4.0,1,,,,OH,Cuyahoga,
H2697,002,0,Devoted Health,HMO,DEVOTED PREMIUM 002 OH (HMO),31.40 ,615.00 ,4500.00 ,4.0,1,,,,OH,Cuyahoga,
H2697,003,0,Devoted Health,HMO,DEVOTED GIVEBACK 003 OH (HMO),0.00 ,605.00 ,6750.00 ,4.0,1,,,,OH,Cuyahoga,
H2697,010,0,Devoted Health,HMO D-SNP,DEVOTED DUAL PLUS 010 OH (HMO D-SNP),31.40 ,615.00 ,9250.00 ,4.0,1,,,,OH,Cuyahoga,
H2697,011,0,Devoted Health,HMO D-SNP,DEVOTED DUAL 011 OH (HMO D-SNP),31.40 ,615.00 ,4300.00 ,4.0,1,,,,OH,Cuyahoga,
H2697,016,0,Devoted Health,HMO C-SNP,DEVOTED C-SNP PLUS 016 OH (HMO C-SNP),31.40 ,615.00 ,9250.00 ,4.0,1,,,,OH,Cuyahoga,
H2697,017,0,Devoted Health,HMO C-SNP,DEVOTED C-SNP PREMIUM 017 OH (HMO C-SNP),31.40 ,615.00 ,4600.00 ,4.0,1,,,,OH,Cuyahoga,
H2697,022,0,Devoted Health,HMO,DEVOTED CORE 022 OH (HMO),0.00 ,175.00 ,4300.00 ,4.0,1,,,,OH,Cuyahoga,
H3655,041,0,Anthem Blue Cross and Blue Shield,HMO-POS,Anthem Extra Help (HMO-POS),31.40 ,390.00 ,7350.00 ,4.0,1,,,,OH,Cuyahoga,
H3655,045,4,Anthem Blue Cross and Blue Shield,HMO-POS,Anthem Medicare Advantage (HMO-POS),0.00 ,275.00 ,5000.00 ,4.0,1,,,,OH,Cuyahoga,
H3660,028,0,SummaCare Medicare Advantage Plans,HMO-POS,SummaCare Medicare Emerald (HMO-POS),157.00 ,0.00 ,2800.00 ,4.5,1,,,,OH,Cuyahoga,
H3660,029,0,SummaCare Medicare Advantage Plans,HMO-POS,SummaCare Medicare Sapphire (HMO-POS),83.00 ,50.00 ,3650.00 ,4.5,1,,,,OH,Cuyahoga,
H3660,044,0,SummaCare Medicare Advantage Plans,HMO,SummaCare Medicare Ruby (HMO),50.00 ,150.00 ,3600.00 ,4.5,1,,,,OH,Cuyahoga,
H3660,050,0,SummaCare Medicare Advantage Plans,HMO,SummaCare Medicare Topaz (HMO),0.00 ,300.00 ,4300.00 ,4.5,1,,,,OH,Cuyahoga,
H3660,052,1,SummaCare Medicare Advantage Plans,HMO,SummaCare Medicare Amber (HMO),Not Applicable,Not Applicable,3450.00 ,4.5,,,,,OH,Cuyahoga,
H3660,053,2,SummaCare Medicare Advantage Plans,HMO,SummaCare Medicare Garnet (HMO),35.00 ,250.00 ,4800.00 ,4.5,1,,,,OH,Cuyahoga,
H3660,057,0,SummaCare Medicare Advantage Plans,HMO,SummaCare Medicare Quartz (HMO),0.00 ,300.00 ,3950.00 ,4.5,1,,,,OH,Cuyahoga,
H3672,013,0,The Health Plan,HMO,The Health Plan SecureCare - Option II (HMO),0.00 ,395.00 ,5000.00 ,3.5,1,,,,OH,Cuyahoga,
H3672,014,0,The Health Plan,HMO,The Health Plan SecureCare Integrity Plan 3 (HMO),Not Applicable,Not Applicable,6500.00 ,3.5,,,,,OH,Cuyahoga,
H3672,019,0,The Health Plan,HMO D-SNP,The Health Plan SecureCare SNP (HMO D-SNP),17.70 ,615.00 ,9250.00 ,3.5,1,,,,OH,Cuyahoga,
H3727,001,3,Communicare Advantage,HMO C-SNP,CommuniCare Advantage CSNP (HMO C-SNP),0.00 ,615.00 ,9250.00 ,Not Enough Data Available,1,,,,OH,Cuyahoga,
H3727,002,3,Communicare Advantage,HMO I-SNP,CommuniCare Advantage ISNP (HMO I-SNP),31.40 ,615.00 ,9250.00 ,Not Enough Data Available,1,,,,OH,Cuyahoga,
H3931,107,0,Aetna Medicare,HMO-POS,Aetna Medicare Signature (HMO-POS),0.00 ,500.00 ,6900.00 ,3.0,1,,,,OH,Cuyahoga,
H4036,017,0,Anthem Blue Cross and Blue Shield,PPO,Anthem Medicare Advantage 4 (PPO),56.00 ,200.00 ,6900.00 ,4.0,1,,,,OH,Cuyahoga,
H4036,022,0,Anthem Blue Cross and Blue Shield,PPO,Anthem Veteran (PPO),Not Applicable,Not Applicable,5900.00 ,4.0,,,,,OH,Cuyahoga,
H4036,025,0,Anthem Blue Cross and Blue Shield,PPO,Anthem Medicare Advantage 3 (PPO),51.00 ,200.00 ,6750.00 ,4.0,1,,,,OH,Cuyahoga,
H4158,001,0,Wellcare,HMO D-SNP,Wellcare Buckeye MyCare Ohio Dual Align (HMO D-SNP),31.40 ,410.00 ,9250.00 ,Plan Too New To Be Measured,1,,,,OH,Cuyahoga,
H4497,001,1,Medical Mutual of Ohio,PPO,MedMutual Advantage Select (PPO),44.00 ,95.00 ,6775.00 ,4.5,1,,,,OH,Cuyahoga,
H4497,002,1,Medical Mutual of Ohio,PPO,MedMutual Advantage Preferred (PPO),73.00 ,55.00 ,5800.00 ,4.5,1,,,,OH,Cuyahoga,
H4497,003,1,Medical Mutual of Ohio,PPO,MedMutual Advantage Premium (PPO),149.00 ,55.00 ,3450.00 ,4.5,1,,,,OH,Cuyahoga,
H4497,005,3,Medical Mutual of Ohio,PPO,MedMutual Advantage Access (PPO),0.00 ,300.00 ,5000.00 ,4.5,1,,,,OH,Cuyahoga,
H4624,033,0,Zing Health,HMO C-SNP,Zing Elite Diabetes & Heart OH (HMO C-SNP),0.00 ,0.00 ,4500.00 ,2.5,1,,,,OH,Cuyahoga,
H4624,034,0,Zing Health,HMO C-SNP,Zing Select Diabetes & Heart OH (HMO C-SNP),0.00 ,0.00 ,4500.00 ,2.5,1,,,,OH,Cuyahoga,
H4624,036,0,Zing Health,HMO C-SNP,Zing Select Dialysis OH (HMO C-SNP),0.00 ,0.00 ,4950.00 ,2.5,1,,,,OH,Cuyahoga,
H4624,037,0,Zing Health,HMO,Zing Elite Select OH (HMO),0.00 ,0.00 ,3900.00 ,2.5,1,,,,OH,Cuyahoga,
H4624,038,0,Zing Health,HMO,Zing Select Care OH (HMO),0.00 ,0.00 ,4500.00 ,2.5,1,,,,OH,Cuyahoga,
H5216,023,0,Humana,PPO,HumanaChoice H5216-023 (PPO),21.00 ,350.00 ,6550.00 ,3.5,1,,,,OH,Cuyahoga,
H5216,106,0,Humana,PPO,HumanaChoice H5216-106 (PPO),1.00 ,300.00 ,5050.00 ,3.5,1,,,,OH,Cuyahoga,
H5216,218,0,Humana,PPO,Humana USAA Honor Giveback (PPO),Not Applicable,Not Applicable,7900.00 ,3.5,,,,,OH,Cuyahoga,
H5216,285,0,Humana,PPO,HumanaChoice H5216-285 (PPO),0.00 ,250.00 ,5500.00 ,3.5,1,,,,OH,Cuyahoga,
H5216,307,0,Humana,PPO,Humana USAA Honor Giveback with Rx (PPO),0.00 ,350.00 ,7900.00 ,3.5,1,,,,OH,Cuyahoga,
H5216,309,0,Humana,PPO,HumanaChoice Giveback H5216-309 (PPO),0.00 ,0.00 ,9150.00 ,3.5,1,,,,OH,Cuyahoga,
H5216,401,0,Humana,PPO I-SNP,Humana Together in Health (PPO I-SNP),23.40 ,615.00 ,9250.00 ,3.5,1,,,,OH,Cuyahoga,
H5216,441,0,Humana,PPO,Humana USAA Honor Giveback (PPO),Not Applicable,Not Applicable,7900.00 ,3.5,,,,,OH,Cuyahoga,
H5216,453,0,Humana,PPO I-SNP,Humana Together in Health Select (PPO I-SNP),138.00 ,300.00 ,4900.00 ,3.5,1,,,,OH,Cuyahoga,
H5253,051,0,UnitedHealthcare,HMO-POS,AARP Medicare Advantage from UHC OH-0001 (HMO-POS),76.00 ,270.00 ,3900.00 ,4.0,1,,,,OH,Cuyahoga,
H5253,059,0,UnitedHealthcare,HMO D-SNP,UHC Dual Complete OH-D001 (HMO D-SNP),28.30 ,615.00 ,9250.00 ,4.0,1,,,,OH,Cuyahoga,
H5253,122,0,UnitedHealthcare,HMO D-SNP,UHC Dual Complete OH-V001 (HMO D-SNP),31.40 ,615.00 ,5800.00 ,4.0,1,,,,OH,Cuyahoga,
H5253,124,1,UnitedHealthcare,HMO-POS,AARP Medicare Advantage Essentials from UHC OH-6 (HMO-POS),41.00 ,355.00 ,3900.00 ,4.0,1,,,,OH,Cuyahoga,
H5253,126,1,UnitedHealthcare,HMO-POS,AARP Medicare Advantage Extras from UHC OH-8 (HMO-POS),51.00 ,355.00 ,4200.00 ,4.0,1,,,,OH,Cuyahoga,
H5253,131,0,UnitedHealthcare,HMO-POS,AARP Medicare Advantage Extras from UHC OH-10 (HMO-POS),0.00 ,520.00 ,6700.00 ,4.0,1,,,,OH,Cuyahoga,
H5253,135,0,UnitedHealthcare,HMO-POS,AARP Medicare Advantage Giveback from UHC OH-17 (HMO-POS),0.00 ,600.00 ,8500.00 ,4.0,1,,,,OH,Cuyahoga,
H5253,144,1,UnitedHealthcare,HMO-POS,AARP Medicare Advantage Essentials from UHC OH-5 (HMO-POS),0.00 ,440.00 ,5400.00 ,4.0,1,,,,OH,Cuyahoga,
H5253,190,0,UnitedHealthcare,HMO-POS C-SNP,UHC Complete Care OH-18 (HMO-POS C-SNP),0.00 ,440.00 ,6700.00 ,4.0,1,,,,OH,Cuyahoga,
H5253,201,0,UnitedHealthcare,HMO-POS,AARP Medicare Advantage from UHC OH-18 (HMO-POS),0.00 ,440.00 ,4200.00 ,4.0,1,,,,OH,Cuyahoga,
H5521,020,0,Aetna Medicare,PPO,Aetna Medicare Premier (PPO),95.00 ,500.00 ,4900.00 ,4.5,1,,,,OH,Cuyahoga,
H5521,088,0,Aetna Medicare,PPO,Aetna Medicare Signature (PPO),0.00 ,615.00 ,5900.00 ,4.5,1,,,,OH,Cuyahoga,
H5521,487,0,Aetna Medicare,PPO,Aetna Medicare Eagle Giveback (PPO),Not Applicable,Not Applicable,6900.00 ,4.5,,,,,OH,Cuyahoga,
H5525,030,0,Humana,PPO,HumanaChoice H5525-030 (PPO),85.00 ,350.00 ,3950.00 ,3.5,1,,,,OH,Cuyahoga,
H5525,041,0,Humana,PPO,Humana Value Plus H5525-041 (PPO),31.40 ,615.00 ,9250.00 ,3.5,1,,,,OH,Cuyahoga,
H5525,042,0,Humana,PPO,Humana Full Access H5525-042 (PPO),27.00 ,615.00 ,9150.00 ,3.5,1,,,,OH,Cuyahoga,
H5525,046,0,Humana,PPO D-SNP,Humana Dual Select H5525-046 (PPO D-SNP),31.40 ,615.00 ,9250.00 ,3.5,1,,,,OH,Cuyahoga,
H6396,017,0,CareSource MyCare Ohio (HMO D-SNP),HMO D-SNP,CareSource MyCare Ohio (HMO D-SNP),31.40 ,615.00 ,8950.00 ,4.5,1,,,,OH,Cuyahoga,
H6622,015,0,Humana,HMO D-SNP,Humana Gold Plus SNP-DE H6622-015 (HMO D-SNP),17.40 ,615.00 ,9250.00 ,3.5,1,,,,OH,Cuyahoga,
H6622,017,0,Humana,HMO C-SNP,Humana Gold Plus - Diabetes and Heart (HMO C-SNP),0.00 ,340.00 ,9150.00 ,3.5,1,,,,OH,Cuyahoga,
H6622,022,0,Humana,HMO-POS,Humana Gold Plus H6622-022 (HMO-POS),0.00 ,250.00 ,4800.00 ,3.5,1,,,,OH,Cuyahoga,
H6622,023,0,Humana,HMO-POS,Humana Cleveland Clinic Preferred (HMO-POS),0.00 ,500.00 ,7000.00 ,3.5,1,,,,OH,Cuyahoga,
H6622,055,0,Humana,HMO,Humana Gold Plus H6622-055 (HMO),16.00 ,200.00 ,6550.00 ,3.5,1,,,,OH,Cuyahoga,
H6622,087,0,Humana,HMO D-SNP,Humana Gold Plus SNP-DE H6622-087 (HMO D-SNP),4.60 ,615.00 ,9250.00 ,3.5,1,,,,OH,Cuyahoga,
H6723,001,1,Medical Mutual of Ohio,HMO,MedMutual Advantage Classic (HMO),0.00 ,300.00 ,4900.00 ,4.0,1,,,,OH,Cuyahoga,
H6723,002,1,Medical Mutual of Ohio,HMO,MedMutual Advantage Choice (HMO),45.00 ,55.00 ,3700.00 ,4.0,1,,,,OH,Cuyahoga,
H6723,003,1,Medical Mutual of Ohio,HMO,MedMutual Advantage Plus (HMO),90.00 ,55.00 ,3600.00 ,4.0,1,,,,OH,Cuyahoga,
H6723,006,6,Medical Mutual of Ohio,HMO-POS,MedMutual Advantage Signature (HMO-POS),0.00 ,300.00 ,4200.00 ,4.0,1,,,,OH,Cuyahoga,
H7617,003,0,Humana,PPO,HumanaChoice Giveback H7617-003 (PPO),0.00 ,0.00 ,9150.00 ,4.5,1,,,,OH,Cuyahoga,
H7617,004,0,Humana,PPO,HumanaChoice H7617-004 (PPO),0.00 ,250.00 ,5500.00 ,4.5,1,,,,OH,Cuyahoga,
H7617,060,0,Humana,PPO,Humana USAA Honor Giveback with Rx (PPO),0.00 ,350.00 ,7900.00 ,4.5,1,,,,OH,Cuyahoga,
H7617,073,0,Humana,PPO,Humana USAA Honor Giveback (PPO),Not Applicable,Not Applicable,7900.00 ,4.5,,,,,OH,Cuyahoga,
H7849,015,0,HealthSpring,PPO,HealthSpring True Choice (PPO),0.00 ,200.00 ,8850.00 ,3.0,1,,,,OH,Cuyahoga,
H8604,011,0,The Health Plan,PPO,The Health Plan SecureChoice - Option II (PPO),109.00 ,275.00 ,6700.00 ,3.5,1,,,,OH,Cuyahoga,
H8604,014,1,The Health Plan,PPO,The Health Plan SecureChoice Optimum (PPO),0.00 ,150.00 ,5900.00 ,3.5,1,,,,OH,Cuyahoga,
H8797,001,0,Perennial Advantage,HMO I-SNP,Perennial Advantage Strive (HMO I-SNP),31.40 ,615.00 ,9250.00 ,Not Enough Data Available,1,,,,OH,Cuyahoga,
H8797,003,0,Perennial Advantage,HMO-POS,Perennial Advantage Freedom (HMO-POS),0.00 ,90.00 ,3900.00 ,Not Enough Data Available,1,,,,OH,Cuyahoga,
H8797,004,0,Perennial Advantage,HMO-POS I-SNP,Perennial Advantage Premier (HMO-POS I-SNP),0.00 ,0.00 ,3900.00 ,Not Enough Data Available,1,,,,OH,Cuyahoga,
H9955,008,0,Molina Healthcare of Ohio,HMO D-SNP,Molina Complete Care for MyCare Ohio (HMO D-SNP),19.60 ,615.00 ,9250.00 ,3.0,1,,,,OH,Cuyahoga,
R0110,015,0,Humana,Regional PPO,HumanaChoice R0110-015 (Regional PPO),Not Applicable,Not Applicable,5700.00 ,3.5,,,,,OH,Cuyahoga,
R0110,016,0,Humana,Regional PPO,HumanaChoice R0110-016 (Regional PPO),80.00 ,615.00 ,7050.00 ,3.5,1,,,,OH,Cuyahoga,
R5941,013,0,Anthem Blue Cross and Blue Shield,Regional PPO,Anthem Veteran (Regional PPO),Not Applicable,Not Applicable,4900.00 ,3.5,,,,,OH,Cuyahoga,
R5941,014,0,Anthem Blue Cross and Blue Shield,Regional PPO,Anthem Medicare Advantage (Regional PPO),87.00 ,250.00 ,6750.00 ,3.5,1,,,,OH,Cuyahoga,
H0628,013,0,Aetna Medicare,HMO D-SNP,Aetna Medicare Dual Care (HMO D-SNP),17.90 ,615.00 ,9250.00 ,4.0,1,,,,OH,Franklin,
H0628,017,0,Aetna Medicare,HMO-POS,Aetna Medicare Signature Care (HMO-POS),0.00 ,500.00 ,5500.00 ,4.0,1,,,,OH,Franklin,
H0628,018,0,Aetna Medicare,HMO I-SNP,Aetna Medicare Longevity (HMO I-SNP),31.40 ,615.00 ,9250.00 ,4.0,1,,,,OH,Franklin,
H0628,019,0,Aetna Medicare,HMO-POS,Aetna Medicare Enhanced (HMO-POS),52.00 ,615.00 ,5900.00 ,4.0,1,,,,OH,Franklin,
H0628,033,0,Aetna Medicare,HMO C-SNP,Aetna Medicare Chronic Care Total (HMO C-SNP),28.70 ,615.00 ,9250.00 ,4.0,1,,,,OH,Franklin,
H0628,038,0,Aetna Medicare,HMO C-SNP,Aetna Medicare Chronic Care (HMO C-SNP),0.00 ,615.00 ,6750.00 ,4.0,1,,,,OH,Franklin,
H0628,041,0,Aetna Medicare,HMO D-SNP,Aetna Medicare Partial Dual (HMO D-SNP),17.20 ,615.00 ,9250.00 ,4.0,1,,,,OH,Franklin,
H0710,027,0,UnitedHealthcare,PPO I-SNP,UHC Nursing Home Plan OH-F001 (PPO I-SNP),31.40 ,615.00 ,9250.00 ,4.5,1,,,,OH,Franklin,
H0710,057,0,UnitedHealthcare,PPO I-SNP,UHC Care Advantage OH-E001 (PPO I-SNP),31.40 ,270.00 ,4000.00 ,4.5,1,,,,OH,Franklin,
H0908,001,0,Wellcare,HMO-POS D-SNP,Wellcare Dual Access (HMO-POS D-SNP),27.40 ,615.00 ,9250.00 ,3.0,1,,,,OH,Franklin,
H0908,003,0,Wellcare,HMO-POS,Wellcare Simple (HMO-POS),0.00 ,615.00 ,6500.00 ,3.0,1,,,,OH,Franklin,
H0908,004,0,Wellcare,HMO-POS,Wellcare Assist (HMO-POS),30.10 ,615.00 ,4700.00 ,3.0,1,,,,OH,Franklin,
H0908,006,0,Wellcare,HMO-POS D-SNP,Wellcare Dual Reserve (HMO-POS D-SNP),31.40 ,615.00 ,4200.00 ,3.0,1,,,,OH,Franklin,
H1285,001,0,UnitedHealthcare Community Plan,HMO D-SNP,UHC Dual Complete OH-S2 (HMO D-SNP),31.40 ,615.00 ,9250.00 ,Plan Too New To Be Measured,1,,,,OH,Franklin,
H1846,005,0,MediGold,PPO,Mount Carmel MediGold Premium Choice (PPO),14.00 ,200.00 ,5700.00 ,4.0,1,,,,OH,Franklin,
H2001,058,0,UnitedHealthcare,PPO D-SNP,UHC Dual Complete OH-D1 (PPO D-SNP),31.40 ,615.00 ,9250.00 ,4.5,1,,,,OH,Franklin,
H2526,001,0,Devoted Health,PPO,DEVOTED CHOICE 001 OH (PPO),0.00 ,395.00 ,5300.00 ,4.0,1,,,,OH,Franklin,
H2526,002,0,Devoted Health,PPO,DEVOTED CHOICE MA ONLY 002 OH (PPO),Not Applicable,Not Applicable,9250.00 ,4.0,,,,,OH,Franklin,
H2526,003,0,Devoted Health,PPO,DEVOTED CHOICE 003 OH (PPO),0.00 ,375.00 ,5300.00 ,4.0,1,,,,OH,Franklin,
H2628,001,0,Anthem Blue Cross and Blue Shield,HMO D-SNP,Anthem I MyCare Ohio Full Dual Advantage (HMO D-SNP),25.70 ,615.00 ,9250.00 ,Plan Too New To Be Measured,1,,,,OH,Franklin,
H2628,005,0,Anthem Blue Cross and Blue Shield,HMO D-SNP,Anthem Dual Advantage (HMO D-SNP),7.10 ,615.00 ,6750.00 ,Plan Too New To Be Measured,1,,,,OH,Franklin,
H2697,007,0,Devoted Health,HMO,DEVOTED CORE 007 OH (HMO),0.00 ,375.00 ,4900.00 ,4.0,1,,,,OH,Franklin,
H2697,009,0,Devoted Health,HMO,DEVOTED GIVEBACK 009 OH (HMO),0.00 ,605.00 ,6750.00 ,4.0,1,,,,OH,Franklin,
H2697,010,0,Devoted Health,HMO D-SNP,DEVOTED DUAL PLUS 010 OH (HMO D-SNP),31.40 ,615.00 ,9250.00 ,4.0,1,,,,OH,Franklin,
H2697,011,0,Devoted Health,HMO D-SNP,DEVOTED DUAL 011 OH (HMO D-SNP),31.40 ,615.00 ,4300.00 ,4.0,1,,,,OH,Franklin,
H2697,016,0,Devoted Health,HMO C-SNP,DEVOTED C-SNP PLUS 016 OH (HMO C-SNP),31.40 ,615.00 ,9250.00 ,4.0,1,,,,OH,Franklin,
H2697,019,0,Devoted Health,HMO,DEVOTED CORE 019 OH (HMO),0.00 ,175.00 ,4900.00 ,4.0,1,,,,OH,Franklin,
H2697,020,0,Devoted Health,HMO C-SNP,DEVOTED C-SNP PREMIUM 020 OH (HMO C-SNP),31.40 ,615.00 ,5200.00 ,4.0,1,,,,OH,Franklin,
H3655,041,0,Anthem Blue Cross and Blue Shield,HMO-POS,Anthem Extra Help (HMO-POS),31.40 ,390.00 ,7350.00 ,4.0,1,,,,OH,Franklin,
H3655,045,3,Anthem Blue Cross and Blue Shield,HMO-POS,Anthem Medicare Advantage (HMO-POS),0.00 ,275.00 ,6500.00 ,4.0,1,,,,OH,Franklin,
H3668,013,0,MediGold,HMO,Mount Carmel MediGold Glory No RX (HMO),Not Applicable,Not Applicable,4900.00 ,4.5,,,,,OH,Franklin,
H3668,018,1,MediGold,HMO,Mount Carmel MediGold Premier (HMO),102.00 ,0.00 ,3900.00 ,4.5,1,,,,OH,Franklin,
H3668,019,1,MediGold,HMO,Mount Carmel MediGold No Premium (HMO),0.00 ,150.00 ,4900.00 ,4.5,1,,,,OH,Franklin,
H3668,022,0,MediGold,HMO,Mount Carmel MediGold Plus (HMO),34.00 ,100.00 ,4400.00 ,4.5,1,,,,OH,Franklin,
H3668,030,0,MediGold,HMO,Mount Carmel MediGold Cash Back (HMO),0.00 ,250.00 ,7900.00 ,4.5,1,,,,OH,Franklin,
H3672,013,0,The Health Plan,HMO,The Health Plan SecureCare - Option II (HMO),0.00 ,395.00 ,5000.00 ,3.5,1,,,,OH,Franklin,
H3672,014,0,The Health Plan,HMO,The Health Plan SecureCare Integrity Plan 3 (HMO),Not Applicable,Not Applicable,6500.00 ,3.5,,,,,OH,Franklin,
H3672,019,0,The Health Plan,HMO D-SNP,The Health Plan SecureCare SNP (HMO D-SNP),17.70 ,615.00 ,9250.00 ,3.5,1,,,,OH,Franklin,
H3931,108,0,Aetna Medicare,HMO,Aetna Medicare Signature (HMO),0.00 ,500.00 ,6900.00 ,3.0,1,,,,OH,Franklin,
H4036,022,0,Anthem Blue Cross and Blue Shield,PPO,Anthem Veteran (PPO),Not Applicable,Not Applicable,5900.00 ,4.0,,,,,OH,Franklin,
H4036,025,0,Anthem Blue Cross and Blue Shield,PPO,Anthem Medicare Advantage 3 (PPO),51.00 ,200.00 ,6750.00 ,4.0,1,,,,OH,Franklin,
H4158,001,0,Wellcare,HMO D-SNP,Wellcare Buckeye MyCare Ohio Dual Align (HMO D-SNP),31.40 ,410.00 ,9250.00 ,Plan Too New To Be Measured,1,,,,OH,Franklin,
H4497,001,3,Medical Mutual of Ohio,PPO,MedMutual Advantage Select (PPO),44.00 ,95.00 ,6775.00 ,4.5,1,,,,OH,Franklin,
H4497,002,3,Medical Mutual of Ohio,PPO,MedMutual Advantage Preferred (PPO),73.00 ,55.00 ,5800.00 ,4.5,1,,,,OH,Franklin,
H4497,003,3,Medical Mutual of Ohio,PPO,MedMutual Advantage Premium (PPO),149.00 ,55.00 ,3450.00 ,4.5,1,,,,OH,Franklin,
H5216,023,0,Humana,PPO,HumanaChoice H5216-023 (PPO),21.00 ,350.00 ,6550.00 ,3.5,1,,,,OH,Franklin,
H5216,218,0,Humana,PPO,Humana USAA Honor Giveback (PPO),Not Applicable,Not Applicable,7900.00 ,3.5,,,,,OH,Franklin,
H5216,285,0,Humana,PPO,HumanaChoice H5216-285 (PPO),0.00 ,250.00 ,5500.00 ,3.5,1,,,,OH,Franklin,
H5216,307,0,Humana,PPO,Humana USAA Honor Giveback with Rx (PPO),0.00 ,350.00 ,7900.00 ,3.5,1,,,,OH,Franklin,
H5216,309,0,Humana,PPO,HumanaChoice Giveback H5216-309 (PPO),0.00 ,0.00 ,9150.00 ,3.5,1,,,,OH,Franklin,
H5216,441,0,Humana,PPO,Humana USAA Honor Giveback (PPO),Not Applicable,Not Applicable,7900.00 ,3.5,,,,,OH,Franklin,
H5253,051,0,UnitedHealthcare,HMO-POS,AARP Medicare Advantage from UHC OH-0001 (HMO-POS),76.00 ,270.00 ,3900.00 ,4.0,1,,,,OH,Franklin,
H5253,059,0,UnitedHealthcare,HMO D-SNP,UHC Dual Complete OH-D001 (HMO D-SNP),28.30 ,615.00 ,9250.00 ,4.0,1,,,,OH,Franklin,
H5253,062,0,UnitedHealthcare,HMO-POS,AARP Medicare Advantage Essentials from UHC OH-2 (HMO-POS),0.00 ,520.00 ,5400.00 ,4.0,1,,,,OH,Franklin,
H5253,109,1,UnitedHealthcare,HMO-POS,AARP Medicare Advantage from UHC OH-0003 (HMO-POS),49.00 ,440.00 ,4900.00 ,4.0,1,,,,OH,Franklin,
H5253,122,0,UnitedHealthcare,HMO D-SNP,UHC Dual Complete OH-V001 (HMO D-SNP),31.40 ,615.00 ,5800.00 ,4.0,1,,,,OH,Franklin,
H5253,132,0,UnitedHealthcare,HMO-POS,AARP Medicare Advantage Extras from UHC OH-11 (HMO-POS),0.00 ,600.00 ,6700.00 ,4.0,1,,,,OH,Franklin,
H5253,135,0,UnitedHealthcare,HMO-POS,AARP Medicare Advantage Giveback from UHC OH-17 (HMO-POS),0.00 ,600.00 ,8500.00 ,4.0,1,,,,OH,Franklin,
H5253,190,0,UnitedHealthcare,HMO-POS C-SNP,UHC Complete Care OH-18 (HMO-POS C-SNP),0.00 ,440.00 ,6700.00 ,4.0,1,,,,OH,Franklin,
H5521,020,0,Aetna Medicare,PPO,Aetna Medicare Premier (PPO),95.00 ,500.00 ,4900.00 ,4.5,1,,,,OH,Franklin,
H5521,089,0,Aetna Medicare,PPO,Aetna Medicare Signature (PPO),0.00 ,615.00 ,5500.00 ,4.5,1,,,,OH,Franklin,
H5521,487,0,Aetna Medicare,PPO,Aetna Medicare Eagle Giveback (PPO),Not Applicable,Not Applicable,6900.00 ,4.5,,,,,OH,Franklin,
H5525,030,0,Humana,PPO,HumanaChoice H5525-030 (PPO),85.00 ,350.00 ,3950.00 ,3.5,1,,,,OH,Franklin,
H5525,041,0,Humana,PPO,Humana Value Plus H5525-041 (PPO),31.40 ,615.00 ,9250.00 ,3.5,1,,,,OH,Franklin,
H5525,042,0,Humana,PPO,Humana Full Access H5525-042 (PPO),27.00 ,615.00 ,9150.00 ,3.5,1,,,,OH,Franklin,
H5525,046,0,Humana,PPO D-SNP,Humana Dual Select H5525-046 (PPO D-SNP),31.40 ,615.00 ,9250.00 ,3.5,1,,,,OH,Franklin,
H6396,017,0,CareSource MyCare Ohio (HMO D-SNP),HMO D-SNP,CareSource MyCare Ohio (HMO D-SNP),31.40 ,615.00 ,8950.00 ,4.5,1,,,,OH,Franklin,
H6622,013,0,Humana,HMO-POS,Humana Gold Plus H6622-013 (HMO-POS),0.00 ,250.00 ,5000.00 ,3.5,1,,,,OH,Franklin,
H6622,015,0,Humana,HMO D-SNP,Humana Gold Plus SNP-DE H6622-015 (HMO D-SNP),17.40 ,615.00 ,9250.00 ,3.5,1,,,,OH,Franklin,
H6622,017,0,Humana,HMO C-SNP,Humana Gold Plus - Diabetes and Heart (HMO C-SNP),0.00 ,340.00 ,9150.00 ,3.5,1,,,,OH,Franklin,
H6622,055,0,Humana,HMO,Humana Gold Plus H6622-055 (HMO),16.00 ,200.00 ,6550.00 ,3.5,1,,,,OH,Franklin,
H6622,087,0,Humana,HMO D-SNP,Humana Gold Plus SNP-DE H6622-087 (HMO D-SNP),4.60 ,615.00 ,9250.00 ,3.5,1,,,,OH,Franklin,
H6723,001,3,Medical Mutual of Ohio,HMO,MedMutual Advantage Classic (HMO),0.00 ,300.00 ,5200.00 ,4.0,1,,,,OH,Franklin,
H6723,002,3,Medical Mutual of Ohio,HMO,MedMutual Advantage Choice (HMO),45.00 ,55.00 ,3800.00 ,4.0,1,,,,OH,Franklin,
H6723,003,3,Medical Mutual of Ohio,HMO,MedMutual Advantage Plus (HMO),94.00 ,55.00 ,3600.00 ,4.0,1,,,,OH,Franklin,
H7617,003,0,Humana,PPO,HumanaChoice Giveback H7617-003 (PPO),0.00 ,0.00 ,9150.00 ,4.5,1,,,,OH,Franklin,
H7617,004,0,Humana,PPO,HumanaChoice H7617-004 (PPO),0.00 ,250.00 ,5500.00 ,4.5,1,,,,OH,Franklin,
H7617,060,0,Humana,PPO,Humana USAA Honor Giveback with Rx (PPO),0.00 ,350.00 ,7900.00 ,4.5,1,,,,OH,Franklin,
H7617,073,0,Humana,PPO,Humana USAA Honor Giveback (PPO),Not Applicable,Not Applicable,7900.00 ,4.5,,,,,OH,Franklin,
H8145,032,0,Humana,PFFS,Humana Gold Choice H8145-032 (PFFS),37.00 ,300.00 ,3950.00 ,3.5,1,,,,OH,Franklin,
H8604,011,0,The Health Plan,PPO,The Health Plan SecureChoice - Option II (PPO),109.00 ,275.00 ,6700.00 ,3.5,1,,,,OH,Franklin,
H8604,014,1,The Health Plan,PPO,The Health Plan SecureChoice Optimum (PPO),0.00 ,150.00 ,5900.00 ,3.5,1,,,,OH,Franklin,
H8768,007,0,UnitedHealthcare,PPO,AARP Medicare Advantage from UHC OH-0014 (PPO),59.00 ,520.00 ,6700.00 ,3.5,1,,,,OH,Franklin,
H8768,021,0,UnitedHealthcare,PPO,AARP Medicare Advantage Patriot No Rx OH-MA01 (PPO),Not Applicable,Not Applicable,8500.00 ,3.5,,,,,OH,Franklin,
H8797,001,0,Perennial Advantage,HMO I-SNP,Perennial Advantage Strive (HMO I-SNP),31.40 ,615.00 ,9250.00 ,Not Enough Data Available,1,,,,OH,Franklin,
H8797,003,0,Perennial Advantage,HMO-POS,Perennial Advantage Freedom (HMO-POS),0.00 ,90.00 ,3900.00 ,Not Enough Data Available,1,,,,OH,Franklin,
H8797,004,0,Perennial Advantage,HMO-POS I-SNP,Perennial Advantage Premier (HMO-POS I-SNP),0.00 ,0.00 ,3900.00 ,Not Enough Data Available,1,,,,OH,Franklin,
H9955,008,0,Molina Healthcare of Ohio,HMO D-SNP,Molina Complete Care for MyCare Ohio (HMO D-SNP),19.60 ,615.00 ,9250.00 ,3.0,1,,,,OH,Franklin,
R0110,015,0,Humana,Regional PPO,HumanaChoice R0110-015 (Regional PPO),Not Applicable,Not Applicable,5700.00 ,3.5,,,,,OH,Franklin,
R0110,016,0,Humana,Regional PPO,HumanaChoice R0110-016 (Regional PPO),80.00 ,615.00 ,7050.00 ,3.5,1,,,,OH,Franklin,
R5941,013,0,Anthem Blue Cross and Blue Shield,Regional PPO,Anthem Veteran (Regional PPO),Not Applicable,Not Applicable,4900.00 ,3.5,,,,,OH,Franklin,
R5941,014,0,Anthem Blue Cross and Blue Shield,Regional PPO,Anthem Medicare Advantage (Regional PPO),87.00 ,250.00 ,6750.00 ,3.5,1,,,,OH,Franklin,
H0710,017,0,UnitedHealthcare,PPO I-SNP,UHC Nursing Home Plan EX-F002 (PPO I-SNP),32.60 ,615.00 ,9250.00 ,4.5,1,,,,PA,Allegheny,
H1889,007,0,UnitedHealthcare,PPO D-SNP,UHC Dual Complete PA-S001 (PPO D-SNP),32.70 ,615.00 ,9250.00 ,4.0,1,,,,PA,Allegheny,
H2406,047,0,UnitedHealthcare,PPO,AARP Medicare Advantage from UHC PA-0008 (PPO),60.00 ,520.00 ,4900.00 ,4.0,1,,,,PA,Allegheny,
H2406,072,0,UnitedHealthcare,PPO,AARP Medicare Advantage from UHC PA-0011 (PPO),0.00 ,520.00 ,6700.00 ,4.0,1,,,,PA,Allegheny,
H2406,101,0,UnitedHealthcare,PPO,AARP Medicare Advantage Giveback from UHC PA-12 (PPO),0.00 ,600.00 ,8900.00 ,4.0,1,,,,PA,Allegheny,
H2915,002,0,Wellcare,HMO-POS D-SNP,Wellcare Dual Liberty Sync (HMO-POS D-SNP),32.70 ,490.00 ,9250.00 ,3.5,1,,,,PA,Allegheny,
H2915,003,0,Wellcare,HMO-POS,Wellcare Simple (HMO-POS),0.00 ,615.00 ,6200.00 ,3.5,1,,,,PA,Allegheny,
H2915,011,0,Wellcare,HMO-POS,Wellcare Assist (HMO-POS),32.70 ,475.00 ,5500.00 ,3.5,1,,,,PA,Allegheny,
H2915,013,0,Wellcare,HMO-POS,Wellcare Patriot Giveback (HMO-POS),Not Applicable,Not Applicable,7550.00 ,3.5,,,,,PA,Allegheny,
H2915,018,0,Wellcare,HMO-POS D-SNP,Wellcare Dual Select (HMO-POS D-SNP),32.70 ,615.00 ,5400.00 ,3.5,1,,,,PA,Allegheny,
H3113,009,0,UnitedHealthcare,HMO-POS D-SNP,UHC Dual Complete PA-S002 (HMO-POS D-SNP),6.80 ,615.00 ,9250.00 ,3.5,1,,,,PA,Allegheny,
H3113,014,0,UnitedHealthcare,HMO-POS D-SNP,UHC Dual Complete PA-V001 (HMO-POS D-SNP),30.40 ,615.00 ,6700.00 ,3.5,1,,,,PA,Allegheny,
H3113,016,0,UnitedHealthcare,HMO-POS D-SNP,UHC Dual Complete PA-S3 (HMO-POS D-SNP),18.50 ,615.00 ,9250.00 ,3.5,1,,,,PA,Allegheny,
H3419,005,0,Perennial Advantage,HMO I-SNP,Perennial Advantage Strive (HMO I-SNP),32.70 ,615.00 ,9250.00 ,Not Enough Data Available,1,,,,PA,Allegheny,
H3419,006,0,Perennial Advantage,HMO,Perennial Advantage Freedom (HMO),0.00 ,400.00 ,5900.00 ,Not Enough Data Available,1,,,,PA,Allegheny,
H3419,007,0,Perennial Advantage,HMO I-SNP,Perennial Advantage Premier (HMO I-SNP),0.00 ,400.00 ,5900.00 ,Not Enough Data Available,1,,,,PA,Allegheny,
H3907,002,0,UPMC for Life,HMO,UPMC for Life HMO No Rx (HMO),Not Applicable,Not Applicable,6000.00 ,4.5,,,,,PA,Allegheny,
H3907,006,0,UPMC for Life,HMO,UPMC for Life HMO Rx Enhanced (HMO),295.00 ,0.00 ,7550.00 ,4.5,1,,,,PA,Allegheny,
H3907,037,0,UPMC for Life,HMO,UPMC for Life HMO Deductible Rx (HMO),22.00 ,175.00 ,6000.00 ,4.5,1,,,,PA,Allegheny,
H3907,057,1,UPMC for Life,HMO,UPMC for Life HMO Rx Choice (HMO),30.00 ,175.00 ,5000.00 ,4.5,1,,,,PA,Allegheny,
H3907,058,1,UPMC for Life,HMO,UPMC for Life HMO Rx (HMO),90.00 ,0.00 ,4500.00 ,4.5,1,,,,PA,Allegheny,
H3907,059,1,UPMC for Life,HMO,UPMC for Life HMO Premier Rx (HMO),0.00 ,350.00 ,6000.00 ,4.5,1,,,,PA,Allegheny,
H3916,001,0,Highmark Blue Cross Blue Shield or Highmark Blue Shield,PPO,Freedom Blue PPO Classic (PPO),248.00 ,0.00 ,4500.00 ,4.5,1,,,,PA,Allegheny,
H3916,022,0,Highmark Blue Cross Blue Shield or Highmark Blue Shield,PPO,Freedom Blue PPO Select (PPO),139.00 ,0.00 ,5000.00 ,4.5,1,,,,PA,Allegheny,
H3916,032,0,Highmark Blue Cross Blue Shield or Highmark Blue Shield,PPO,Freedom Blue PPO ValueRx (PPO),79.00 ,0.00 ,5500.00 ,4.5,1,,,,PA,Allegheny,
H3916,035,1,Highmark Blue Cross Blue Shield or Highmark Blue Shield,PPO,Complete Blue PPO Distinct (PPO),23.00 ,615.00 ,6500.00 ,4.5,1,,,,PA,Allegheny,
H3916,041,1,Highmark Blue Cross Blue Shield or Highmark Blue Shield,PPO,Complete Blue PPO Signature (PPO),0.00 ,615.00 ,6750.00 ,4.5,1,,,,PA,Allegheny,
H3916,057,0,Highmark Blue Cross Blue Shield or Highmark Blue Shield,PPO,Complete Blue PPO Merit (PPO),0.00 ,615.00 ,8300.00 ,4.5,1,,,,PA,Allegheny,
H3916,067,0,Highmark Blue Cross Blue Shield or Highmark Blue Shield,PPO,Freedom Blue PPO Valor (PPO),Not Applicable,Not Applicable,6000.00 ,4.5,,,,,PA,Allegheny,
H3949,009,0,HealthSpring,HMO D-SNP,HealthSpring TotalCare Plus (HMO D-SNP),0.00 ,615.00 ,9250.00 ,3.0,1,,,,PA,Allegheny,
H3949,047,0,HealthSpring,HMO,HealthSpring Preferred (HMO),0.00 ,200.00 ,4000.00 ,3.0,1,,,,PA,Allegheny,
H3949,048,0,HealthSpring,HMO,HealthSpring Preferred Plus (HMO),21.00 ,200.00 ,4000.00 ,3.0,1,,,,PA,Allegheny,
H3954,097,0,Geisinger Gold,HMO D-SNP,Geisinger Gold Secure Rx (HMO D-SNP),32.70 ,615.00 ,9250.00 ,4.5,1,,,,PA,Allegheny,
H3954,162,0,Geisinger Gold,HMO,Geisinger Gold Heritage (HMO),Not Applicable,Not Applicable,6700.00 ,4.5,,,,,PA,Allegheny,
H3954,163,0,Geisinger Gold,HMO,Geisinger Gold Value Rx (HMO),23.00 ,0.00 ,9250.00 ,4.5,1,,,,PA,Allegheny,
H3957,031,0,Highmark Blue Cross Blue Shield or Highmark Blue Shield,HMO-POS,Security Blue HMO-POS ValueRx (HMO-POS),35.00 ,0.00 ,5500.00 ,4.5,1,,,,PA,Allegheny,
H3957,043,1,Highmark Blue Cross Blue Shield or Highmark Blue Shield,HMO-POS,Security Blue HMO-POS Basic (HMO-POS),Not Applicable,Not Applicable,5900.00 ,4.5,,,,,PA,Allegheny,
H3957,045,1,Highmark Blue Cross Blue Shield or Highmark Blue Shield,HMO-POS,Security Blue HMO-POS Standard (HMO-POS),122.00 ,0.00 ,5000.00 ,4.5,1,,,,PA,Allegheny,
H3957,046,1,Highmark Blue Cross Blue Shield or Highmark Blue Shield,HMO-POS,Security Blue HMO-POS Deluxe (HMO-POS),179.00 ,0.00 ,4500.00 ,4.5,1,,,,PA,Allegheny,
H3957,047,1,Highmark Blue Cross Blue Shield or Highmark Blue Shield,HMO,Community Blue Medicare HMO Signature (HMO),0.00 ,615.00 ,6500.00 ,4.5,1,,,,PA,Allegheny,
H3957,048,0,Highmark Blue Cross Blue Shield or Highmark Blue Shield,HMO,Together Blue Medicare HMO Signature (HMO),0.00 ,615.00 ,4900.00 ,4.5,1,,,,PA,Allegheny,
H3957,050,1,Highmark Blue Cross Blue Shield or Highmark Blue Shield,HMO,Complete Blue HMO Distinct (HMO),20.00 ,615.00 ,5900.00 ,4.5,1,,,,PA,Allegheny,
H3959,001,0,Aetna Medicare,HMO-POS,Aetna Medicare Advantra Enhanced (HMO-POS),24.00 ,615.00 ,5500.00 ,4.0,1,,,,PA,Allegheny,
H3959,010,0,Aetna Medicare,HMO-POS,Aetna Medicare Advantra Signature (HMO-POS),0.00 ,500.00 ,5500.00 ,4.0,1,,,,PA,Allegheny,
H3959,036,0,Aetna Medicare,HMO D-SNP,Aetna Medicare Advantra Dual (HMO D-SNP),13.80 ,615.00 ,9250.00 ,4.0,1,,,,PA,Allegheny,
H3959,041,0,Aetna Medicare,HMO-POS,Aetna Medicare Advantra Eagle Plus (HMO-POS),Not Applicable,Not Applicable,5500.00 ,4.0,,,,,PA,Allegheny,
H3959,066,0,Aetna Medicare,HMO I-SNP,Aetna Medicare Longevity (HMO I-SNP),32.70 ,615.00 ,9250.00 ,4.0,1,,,,PA,Allegheny,
H3959,071,0,Aetna Medicare,HMO D-SNP,Aetna Community HealthChoices (HMO D-SNP),16.10 ,615.00 ,9250.00 ,4.0,1,,,,PA,Allegheny,
H3959,075,0,Aetna Medicare,HMO C-SNP,Aetna Medicare Chronic Care Value (HMO C-SNP),28.80 ,615.00 ,9250.00 ,4.0,1,,,,PA,Allegheny,
H3959,076,0,Aetna Medicare,HMO C-SNP,Aetna Medicare Chronic Care (HMO C-SNP),0.00 ,615.00 ,6750.00 ,4.0,1,,,,PA,Allegheny,
H4093,001,0,Provider Partners Health Plans,HMO I-SNP,Provider Partners Pennsylvania Advantage Plan (HMO I-SNP),32.70 ,615.00 ,9250.00 ,5.0,1,,,,PA,Allegheny,
H4093,004,0,Provider Partners Health Plans,HMO I-SNP,Provider Partners Pennsylvania Community Plan (HMO I-SNP),0.00 ,615.00 ,2600.00 ,5.0,1,,,,PA,Allegheny,
H4093,008,0,Provider Partners Health Plans,HMO I-SNP,Provider Partners Pennsylvania Essential Plan (HMO I-SNP),32.70 ,615.00 ,9250.00 ,5.0,1,,,,PA,Allegheny,
H4227,002,0,VISTA Health Plan Inc.,HMO D-SNP,AmeriHealth Caritas VIP Care (HMO D-SNP),32.70 ,615.00 ,9250.00 ,4.0,1,,,,PA,Allegheny,
H4279,001,0,UPMC for Life Complete Care,HMO D-SNP,UPMC for Life Complete Care (HMO D-SNP),26.50 ,615.00 ,9250.00 ,4.0,1,,,,PA,Allegheny,
H5216,116,0,Humana,PPO,HumanaChoice Giveback H5216-116 (PPO),Not Applicable,Not Applicable,4150.00 ,3.5,,,,,PA,Allegheny,
H5216,120,0,Humana,PPO,HumanaChoice H5216-120 (PPO),94.00 ,615.00 ,7600.00 ,3.5,1,,,,PA,Allegheny,
H5216,221,0,Humana,PPO,Humana USAA Honor Giveback (PPO),Not Applicable,Not Applicable,6700.00 ,3.5,,,,,PA,Allegheny,
H5216,227,0,Humana,PPO D-SNP,HumanaChoice SNP-DE H5216-227 (PPO D-SNP),0.00 ,615.00 ,9250.00 ,3.5,1,,,,PA,Allegheny,
H5253,146,0,UnitedHealthcare,HMO-POS,AARP Medicare Advantage from UHC PA-0002 (HMO-POS),0.00 ,440.00 ,6700.00 ,4.0,1,,,,PA,Allegheny,
H5253,147,0,UnitedHealthcare,HMO-POS,AARP Medicare Advantage from UHC PA-0003 (HMO-POS),39.00 ,440.00 ,5900.00 ,4.0,1,,,,PA,Allegheny,
H5253,152,0,UnitedHealthcare,HMO-POS,AARP Medicare Advantage Patriot No Rx PA-MA01 (HMO-POS),Not Applicable,Not Applicable,6700.00 ,4.0,,,,,PA,Allegheny,
H5253,192,0,UnitedHealthcare,HMO-POS C-SNP,UHC Complete Care PA-17 (HMO-POS C-SNP),0.00 ,440.00 ,6700.00 ,4.0,1,,,,PA,Allegheny,
H5521,122,0,Aetna Medicare,PPO,Aetna Medicare Enhanced (PPO),183.00 ,615.00 ,7500.00 ,4.5,1,,,,PA,Allegheny,
H5521,261,0,Aetna Medicare,PPO,Aetna Medicare Signature (PPO),0.00 ,615.00 ,5500.00 ,4.5,1,,,,PA,Allegheny,
H5522,001,0,Aetna Medicare,PPO,Aetna Medicare Value Plus (PPO),29.00 ,615.00 ,5500.00 ,4.5,1,,,,PA,Allegheny,
H5522,017,0,Aetna Medicare,PPO,Aetna Medicare Advantra Signature Giveback (PPO),0.00 ,615.00 ,9250.00 ,4.5,1,,,,PA,Allegheny,
H5525,051,1,Humana,PPO,HumanaChoice H5525-051 (PPO),0.00 ,615.00 ,7500.00 ,3.5,1,,,,PA,Allegheny,
H5525,059,0,Humana,PPO,Humana USAA Honor Giveback with Rx (PPO),0.00 ,500.00 ,7350.00 ,3.5,1,,,,PA,Allegheny,
H5525,085,1,Humana,PPO,HumanaChoice Giveback H5525-085 (PPO),0.00 ,0.00 ,8000.00 ,3.5,1,,,,PA,Allegheny,
H5525,086,1,Humana,PPO,HumanaChoice H5525-086 (PPO),26.00 ,615.00 ,5800.00 ,3.5,1,,,,PA,Allegheny,
H5533,003,0,UPMC for Life,PPO,UPMC for Life PPO High Deductible Rx (PPO),33.00 ,175.00 ,7550.00 ,4.5,1,,,,PA,Allegheny,
H5533,005,0,UPMC for Life,PPO,UPMC for Life PPO Rx Enhanced (PPO),140.00 ,0.00 ,7550.00 ,4.5,1,,,,PA,Allegheny,
H5533,013,0,UPMC for Life,PPO,UPMC for Life PPO Premier Rx (PPO),0.00 ,500.00 ,6500.00 ,4.5,1,,,,PA,Allegheny,
H5533,015,1,UPMC for Life,PPO,UPMC for Life PPO Rx Choice (PPO),25.00 ,400.00 ,5500.00 ,4.5,1,,,,PA,Allegheny,
H5533,016,1,UPMC for Life,PPO,UPMC for Life PPO Salute (PPO),Not Applicable,Not Applicable,9250.00 ,4.5,,,,,PA,Allegheny,
H5533,017,1,UPMC for Life,PPO,UPMC for Life PPO Essential Care Rx (PPO),0.00 ,500.00 ,8000.00 ,4.5,1,,,,PA,Allegheny,
H5932,001,0,Highmark Wholecare Medicare Assured,HMO D-SNP,Highmark Wholecare Medicare Assured Diamond (HMO D-SNP),16.00 ,615.00 ,9250.00 ,4.0,1,,,,PA,Allegheny,
H5932,009,0,Highmark Wholecare Medicare Assured,HMO D-SNP,Highmark Wholecare Medicare Assured Ruby (HMO D-SNP),17.60 ,615.00 ,8000.00 ,4.0,1,,,,PA,Allegheny,
H6018,010,0,Devoted Health,PPO,DEVOTED CHOICE 010 PA (PPO),0.00 ,375.00 ,6500.00 ,3.5,1,,,,PA,Allegheny,
H6018,011,0,Devoted Health,PPO,DEVOTED CHOICE GIVEBACK 011 PA (PPO),0.00 ,605.00 ,9250.00 ,3.5,1,,,,PA,Allegheny,
H6622,054,0,Humana,HMO,Humana Gold Plus H6622-054 (HMO),0.00 ,615.00 ,7950.00 ,3.5,1,,,,PA,Allegheny,
H6852,005,0,Devoted Health,HMO D-SNP,DEVOTED DUAL PLUS 005 PA (HMO D-SNP),22.50 ,615.00 ,9250.00 ,Not Enough Data Available,1,,,,PA,Allegheny,
H6852,014,0,Devoted Health,HMO,DEVOTED CORE 014 PA (HMO),0.00 ,375.00 ,5900.00 ,Not Enough Data Available,1,,,,PA,Allegheny,
H6852,015,0,Devoted Health,HMO,DEVOTED GIVEBACK 015 PA (HMO),0.00 ,605.00 ,9250.00 ,Not Enough Data Available,1,,,,PA,Allegheny,
H6852,020,0,Devoted Health,HMO C-SNP,DEVOTED C-SNP PREMIUM 020 PA (HMO C-SNP),32.70 ,615.00 ,7000.00 ,Not Enough Data Available,1,,,,PA,Allegheny,
H6852,022,0,Devoted Health,HMO C-SNP,DEVOTED C-SNP PLUS 022 PA (HMO C-SNP),32.70 ,615.00 ,9250.00 ,Not Enough Data Available,1,,,,PA,Allegheny,
H6852,025,0,Devoted Health,HMO D-SNP,DEVOTED DUAL FULL 025 PA (HMO D-SNP),19.70 ,615.00 ,9250.00 ,Not Enough Data Available,1,,,,PA,Allegheny,
H7617,048,0,Humana,PPO D-SNP,HumanaChoice SNP-DE H7617-048 (PPO D-SNP),11.50 ,615.00 ,9250.00 ,4.5,1,,,,PA,Allegheny,
H7849,106,0,HealthSpring,PPO,HealthSpring True Choice (PPO),0.00 ,275.00 ,6000.00 ,3.0,1,,,,PA,Allegheny,
H8145,163,0,Humana,PFFS,Humana Gold Choice H8145-163 (PFFS),Not Applicable,Not Applicable,1500.00 ,3.5,,,,,PA,Allegheny,
H9207,004,0,Jefferson Health Plans,HMO D-SNP,Jefferson Health Plans Special (HMO D-SNP),32.70 ,615.00 ,9250.00 ,3.5,1,,,,PA,Allegheny,
H9207,016,0,Jefferson Health Plans,HMO D-SNP,Jefferson Health Plans Dual Pearl (HMO D-SNP),32.70 ,615.00 ,9250.00 ,3.5,1,,,,PA,Allegheny,
H9968,001,0,American Health Advantage of Pennsylvania,HMO I-SNP,American Health Advantage of Pennsylvania (HMO I-SNP),32.70 ,615.00 ,9250.00 ,Plan Too New To Be Measured,1,,,,PA,Allegheny,
R0110,007,0,Humana,Regional PPO,HumanaChoice R0110-007 (Regional PPO),Not Applicable,Not Applicable,4500.00 ,3.5,,,,,PA,Allegheny,
R0110,008,0,Humana,Regional PPO,HumanaChoice R0110-008 (Regional PPO),52.00 ,615.00 ,6700.00 ,3.5,1,,,,PA,Allegheny,
H0710,017,0,UnitedHealthcare,PPO I-SNP,UHC Nursing Home Plan EX-F002 (PPO I-SNP),32.60 ,615.00 ,9250.00 ,4.5,1,,,,PA,Philadelphia,
H1619,001,0,Jefferson Health Plans,PPO,Jefferson Health Plans Flex (PPO),0.00 ,0.00 ,7000.00 ,Not Enough Data Available,1,,,,PA,Philadelphia,
H1619,002,0,Jefferson Health Plans,PPO,Jefferson Health Plans Flex Plus (PPO),32.70 ,0.00 ,6500.00 ,Not Enough Data Available,1,,,,PA,Philadelphia,
H1619,003,0,Jefferson Health Plans,PPO,Jefferson Health Plans Flex Pro (PPO),18.00 ,0.00 ,6000.00 ,Not Enough Data Available,1,,,,PA,Philadelphia,
H1889,007,0,UnitedHealthcare,PPO D-SNP,UHC Dual Complete PA-S001 (PPO D-SNP),32.70 ,615.00 ,9250.00 ,4.0,1,,,,PA,Philadelphia,
H2406,047,0,UnitedHealthcare,PPO,AARP Medicare Advantage from UHC PA-0008 (PPO),60.00 ,520.00 ,4900.00 ,4.0,1,,,,PA,Philadelphia,
H2406,048,0,UnitedHealthcare,PPO,AARP Medicare Advantage from UHC PA-0009 (PPO),79.00 ,520.00 ,6300.00 ,4.0,1,,,,PA,Philadelphia,
H2406,071,0,UnitedHealthcare,PPO,AARP Medicare Advantage from UHC PA-0010 (PPO),0.00 ,600.00 ,6700.00 ,4.0,1,,,,PA,Philadelphia,
H2406,101,0,UnitedHealthcare,PPO,AARP Medicare Advantage Giveback from UHC PA-12 (PPO),0.00 ,600.00 ,8900.00 ,4.0,1,,,,PA,Philadelphia,
H2915,002,0,Wellcare,HMO-POS D-SNP,Wellcare Dual Liberty Sync (HMO-POS D-SNP),32.70 ,490.00 ,9250.00 ,3.5,1,,,,PA,Philadelphia,
H2915,003,0,Wellcare,HMO-POS,Wellcare Simple (HMO-POS),0.00 ,615.00 ,6200.00 ,3.5,1,,,,PA,Philadelphia,
H2915,011,0,Wellcare,HMO-POS,Wellcare Assist (HMO-POS),32.70 ,475.00 ,5500.00 ,3.5,1,,,,PA,Philadelphia,
H2915,013,0,Wellcare,HMO-POS,Wellcare Patriot Giveback (HMO-POS),Not Applicable,Not Applicable,7550.00 ,3.5,,,,,PA,Philadelphia,
H2915,018,0,Wellcare,HMO-POS D-SNP,Wellcare Dual Select (HMO-POS D-SNP),32.70 ,615.00 ,5400.00 ,3.5,1,,,,PA,Philadelphia,
H3113,009,0,UnitedHealthcare,HMO-POS D-SNP,UHC Dual Complete PA-S002 (HMO-POS D-SNP),6.80 ,615.00 ,9250.00 ,3.5,1,,,,PA,Philadelphia,
H3113,014,0,UnitedHealthcare,HMO-POS D-SNP,UHC Dual Complete PA-V001 (HMO-POS D-SNP),30.40 ,615.00 ,6700.00 ,3.5,1,,,,PA,Philadelphia,
H3419,005,0,Perennial Advantage,HMO I-SNP,Perennial Advantage Strive (HMO I-SNP),32.70 ,615.00 ,9250.00 ,Not Enough Data Available,1,,,,PA,Philadelphia,
H3419,006,0,Perennial Advantage,HMO,Perennial Advantage Freedom (HMO),0.00 ,400.00 ,5900.00 ,Not Enough Data Available,1,,,,PA,Philadelphia,
H3419,007,0,Perennial Advantage,HMO I-SNP,Perennial Advantage Premier (HMO I-SNP),0.00 ,400.00 ,5900.00 ,Not Enough Data Available,1,,,,PA,Philadelphia,
H3909,001,0,Independence Blue Cross,PPO,Personal Choice 65 Rx (PPO),227.00 ,0.00 ,5950.00 ,4.0,1,,,,PA,Philadelphia,
H3909,007,0,Independence Blue Cross,PPO,Personal Choice 65 Medical Only (PPO),Not Applicable,Not Applicable,5950.00 ,4.0,,,,,PA,Philadelphia,
H3909,018,0,Independence Blue Cross,PPO,Personal Choice 65 Plus Rx (PPO),214.00 ,0.00 ,4201.00 ,4.0,1,,,,PA,Philadelphia,
H3909,020,0,Independence Blue Cross,PPO,Personal Choice 65 Achieve Rx (PPO),0.00 ,375.00 ,6750.00 ,4.0,1,,,,PA,Philadelphia,
H3916,056,0,Highmark Blue Cross Blue Shield or Highmark Blue Shield,PPO,Freedom Blue PPO Valor (PPO),Not Applicable,Not Applicable,6000.00 ,4.5,,,,,PA,Philadelphia,
H3916,062,0,Highmark Blue Cross Blue Shield or Highmark Blue Shield,PPO,Complete Blue PPO Distinct (PPO),109.00 ,615.00 ,6750.00 ,4.5,1,,,,PA,Philadelphia,
H3931,004,0,Aetna Medicare,HMO-POS,Aetna Medicare Premier (HMO-POS),104.00 ,615.00 ,6900.00 ,3.0,1,,,,PA,Philadelphia,
H3949,009,0,HealthSpring,HMO D-SNP,HealthSpring TotalCare Plus (HMO D-SNP),0.00 ,615.00 ,9250.00 ,3.0,1,,,,PA,Philadelphia,
H3949,024,0,HealthSpring,HMO C-SNP,HealthSpring Achieve (HMO C-SNP),0.00 ,275.00 ,5900.00 ,3.0,1,,,,PA,Philadelphia,
H3949,030,0,HealthSpring,HMO,HealthSpring Preferred Plus (HMO),31.00 ,250.00 ,6750.00 ,3.0,1,,,,PA,Philadelphia,
H3949,031,0,HealthSpring,HMO,HealthSpring Preferred PA (HMO),0.00 ,275.00 ,6750.00 ,3.0,1,,,,PA,Philadelphia,
H3949,052,0,HealthSpring,HMO,HealthSpring Preferred (HMO),0.00 ,200.00 ,6500.00 ,3.0,1,,,,PA,Philadelphia,
H3949,053,0,HealthSpring,HMO,HealthSpring Preferred Savings (HMO),0.00 ,590.00 ,9000.00 ,3.0,1,,,,PA,Philadelphia,
H3952,008,0,Independence Blue Cross,HMO,Keystone 65 Preferred Medical Only (HMO),Not Applicable,Not Applicable,4200.00 ,4.0,,,,,PA,Philadelphia,
H3952,020,0,Independence Blue Cross,HMO,Keystone 65 Preferred Rx (HMO),188.00 ,0.00 ,4200.00 ,4.0,1,,,,PA,Philadelphia,
H3952,048,0,Independence Blue Cross,HMO,Keystone 65 Select Medical Only (HMO),Not Applicable,Not Applicable,6750.00 ,4.0,,,,,PA,Philadelphia,
H3952,049,0,Independence Blue Cross,HMO,Keystone 65 Select Rx (HMO),47.00 ,0.00 ,6750.00 ,4.0,1,,,,PA,Philadelphia,
H3952,053,0,Independence Blue Cross,HMO-POS,Keystone 65 Focus Rx (HMO-POS),0.00 ,0.00 ,6750.00 ,4.0,1,,,,PA,Philadelphia,
H3952,055,0,Independence Blue Cross,HMO,Keystone 65 Basic Rx (HMO),0.00 ,0.00 ,8500.00 ,4.0,1,,,,PA,Philadelphia,
H3952,059,0,Independence Blue Cross,HMO,Keystone 65 Liberty Medical Only (HMO),Not Applicable,Not Applicable,6750.00 ,4.0,,,,,PA,Philadelphia,
H3952,060,0,Independence Blue Cross,HMO-POS,Keystone 65 Essential Rx (HMO-POS),31.00 ,0.00 ,8500.00 ,4.0,1,,,,PA,Philadelphia,
H3954,097,0,Geisinger Gold,HMO D-SNP,Geisinger Gold Secure Rx (HMO D-SNP),32.70 ,615.00 ,9250.00 ,4.5,1,,,,PA,Philadelphia,
H3954,162,0,Geisinger Gold,HMO,Geisinger Gold Heritage (HMO),Not Applicable,Not Applicable,6700.00 ,4.5,,,,,PA,Philadelphia,
H3954,163,0,Geisinger Gold,HMO,Geisinger Gold Value Rx (HMO),23.00 ,0.00 ,9250.00 ,4.5,1,,,,PA,Philadelphia,
H3959,033,0,Aetna Medicare,HMO-POS,Aetna Medicare Value Care (HMO-POS),32.70 ,615.00 ,7500.00 ,4.0,1,,,,PA,Philadelphia,
H3959,035,0,Aetna Medicare,HMO D-SNP,Aetna Medicare Advantra Dual Care (HMO D-SNP),31.80 ,615.00 ,9250.00 ,4.0,1,,,,PA,Philadelphia,
H3959,052,0,Aetna Medicare,HMO-POS,Aetna Medicare Advantra Signature (HMO-POS),0.00 ,615.00 ,7500.00 ,4.0,1,,,,PA,Philadelphia,
H3959,053,0,Aetna Medicare,HMO-POS,Aetna Medicare Advantra Prime Plus (HMO-POS),0.00 ,615.00 ,6900.00 ,4.0,1,,,,PA,Philadelphia,
H3959,066,0,Aetna Medicare,HMO I-SNP,Aetna Medicare Longevity (HMO I-SNP),32.70 ,615.00 ,9250.00 ,4.0,1,,,,PA,Philadelphia,
H3959,070,0,Aetna Medicare,HMO D-SNP,Aetna Community HealthChoices (HMO D-SNP),21.70 ,615.00 ,9250.00 ,4.0,1,,,,PA,Philadelphia,
H3959,074,0,Aetna Medicare,HMO C-SNP,Aetna Medicare Chronic Care Value (HMO C-SNP),32.70 ,615.00 ,9250.00 ,4.0,1,,,,PA,Philadelphia,
H4093,001,0,Provider Partners Health Plans,HMO I-SNP,Provider Partners Pennsylvania Advantage Plan (HMO I-SNP),32.70 ,615.00 ,9250.00 ,5.0,1,,,,PA,Philadelphia,
H4093,004,0,Provider Partners Health Plans,HMO I-SNP,Provider Partners Pennsylvania Community Plan (HMO I-SNP),0.00 ,615.00 ,2600.00 ,5.0,1,,,,PA,Philadelphia,
H4093,008,0,Provider Partners Health Plans,HMO I-SNP,Provider Partners Pennsylvania Essential Plan (HMO I-SNP),32.70 ,615.00 ,9250.00 ,5.0,1,,,,PA,Philadelphia,
H4227,001,0,VISTA Health Plan Inc.,HMO D-SNP,Keystone First VIP Choice (HMO D-SNP),32.70 ,615.00 ,9250.00 ,4.0,1,,,,PA,Philadelphia,
H5141,038,0,Clover Health,PPO,Clover Health Choice (PPO),0.00 ,0.00 ,7499.00 ,4.5,1,,,,PA,Philadelphia,
H5141,061,0,Clover Health,PPO,Clover Health Valor (PPO),Not Applicable,Not Applicable,9250.00 ,4.5,,,,,PA,Philadelphia,
H5216,116,0,Humana,PPO,HumanaChoice Giveback H5216-116 (PPO),Not Applicable,Not Applicable,4150.00 ,3.5,,,,,PA,Philadelphia,
H5216,120,0,Humana,PPO,HumanaChoice H5216-120 (PPO),94.00 ,615.00 ,7600.00 ,3.5,1,,,,PA,Philadelphia,
H5216,221,0,Humana,PPO,Humana USAA Honor Giveback (PPO),Not Applicable,Not Applicable,6700.00 ,3.5,,,,,PA,Philadelphia,
H5253,145,0,UnitedHealthcare,HMO-POS,AARP Medicare Advantage from UHC PA-0001 (HMO-POS),49.00 ,440.00 ,5400.00 ,4.0,1,,,,PA,Philadelphia,
H5253,152,0,UnitedHealthcare,HMO-POS,AARP Medicare Advantage Patriot No Rx PA-MA01 (HMO-POS),Not Applicable,Not Applicable,6700.00 ,4.0,,,,,PA,Philadelphia,
H5253,154,0,UnitedHealthcare,HMO-POS,AARP Medicare Advantage Essentials from UHC PA-5 (HMO-POS),0.00 ,520.00 ,6700.00 ,4.0,1,,,,PA,Philadelphia,
H5253,192,0,UnitedHealthcare,HMO-POS C-SNP,UHC Complete Care PA-17 (HMO-POS C-SNP),0.00 ,440.00 ,6700.00 ,4.0,1,,,,PA,Philadelphia,
H5253,203,0,UnitedHealthcare,HMO-POS,AARP Medicare Advantage Extras from UHC PA-18 (HMO-POS),0.00 ,600.00 ,6700.00 ,4.0,1,,,,PA,Philadelphia,
H5521,122,0,Aetna Medicare,PPO,Aetna Medicare Enhanced (PPO),183.00 ,615.00 ,7500.00 ,4.5,1,,,,PA,Philadelphia,
H5522,014,0,Aetna Medicare,PPO,Aetna Medicare Advantra Premier (PPO),106.00 ,615.00 ,6750.00 ,4.5,1,,,,PA,Philadelphia,
H5522,017,0,Aetna Medicare,PPO,Aetna Medicare Advantra Signature Giveback (PPO),0.00 ,615.00 ,9250.00 ,4.5,1,,,,PA,Philadelphia,
H5522,028,0,Aetna Medicare,PPO,Aetna Medicare Signature (PPO),0.00 ,615.00 ,9250.00 ,4.5,1,,,,PA,Philadelphia,
H5525,005,0,Humana,PPO,HumanaChoice H5525-005 (PPO),26.00 ,615.00 ,8300.00 ,3.5,1,,,,PA,Philadelphia,
H5525,051,2,Humana,PPO,HumanaChoice H5525-051 (PPO),0.00 ,615.00 ,7800.00 ,3.5,1,,,,PA,Philadelphia,
H5525,059,0,Humana,PPO,Humana USAA Honor Giveback with Rx (PPO),0.00 ,500.00 ,7350.00 ,3.5,1,,,,PA,Philadelphia,
H5525,085,2,Humana,PPO,HumanaChoice Giveback H5525-085 (PPO),0.00 ,0.00 ,8000.00 ,3.5,1,,,,PA,Philadelphia,
H5525,086,2,Humana,PPO,HumanaChoice H5525-086 (PPO),29.00 ,615.00 ,6050.00 ,3.5,1,,,,PA,Philadelphia,
H5533,016,2,UPMC for Life,PPO,UPMC for Life PPO Salute (PPO),Not Applicable,Not Applicable,9250.00 ,4.5,,,,,PA,Philadelphia,
H5932,012,0,Highmark Wholecare Medicare Assured,HMO D-SNP,Highmark Wholecare Medicare Assured Diamond (HMO D-SNP),8.90 ,615.00 ,9250.00 ,4.0,1,,,,PA,Philadelphia,
H5932,013,0,Highmark Wholecare Medicare Assured,HMO D-SNP,Highmark Wholecare Medicare Assured Ruby (HMO D-SNP),13.10 ,615.00 ,8000.00 ,4.0,1,,,,PA,Philadelphia,
H6018,002,0,Devoted Health,PPO,DEVOTED CHOICE PREMIUM 002 PA (PPO),32.70 ,615.00 ,7550.00 ,3.5,1,,,,PA,Philadelphia,
H6018,003,0,Devoted Health,PPO,DEVOTED CHOICE GIVEBACK 003 PA (PPO),0.00 ,605.00 ,9250.00 ,3.5,1,,,,PA,Philadelphia,
H6018,007,0,Devoted Health,PPO,DEVOTED CHOICE 007 PA (PPO),0.00 ,450.00 ,5900.00 ,3.5,1,,,,PA,Philadelphia,
H6622,037,0,Humana,HMO,Humana Gold Plus H6622-037 (HMO),0.00 ,615.00 ,7800.00 ,3.5,1,,,,PA,Philadelphia,
H6622,078,2,Humana,HMO D-SNP,Humana Gold Plus SNP-DE H6622-078 (HMO D-SNP),0.00 ,615.00 ,9250.00 ,3.5,1,,,,PA,Philadelphia,
H6852,007,0,Devoted Health,HMO D-SNP,DEVOTED DUAL PLUS 007 PA (HMO D-SNP),16.90 ,615.00 ,9250.00 ,Not Enough Data Available,1,,,,PA,Philadelphia,
H6852,016,0,Devoted Health,HMO C-SNP,DEVOTED C-SNP PREMIUM 016 PA (HMO C-SNP),32.70 ,615.00 ,7800.00 ,Not Enough Data Available,1,,,,PA,Philadelphia,
H6852,021,0,Devoted Health,HMO C-SNP,DEVOTED C-SNP PLUS 021 PA (HMO C-SNP),32.70 ,615.00 ,9250.00 ,Not Enough Data Available,1,,,,PA,Philadelphia,
H6852,023,0,Devoted Health,HMO,DEVOTED CORE 023 PA (HMO),0.00 ,375.00 ,7500.00 ,Not Enough Data Available,1,,,,PA,Philadelphia,
H6852,026,0,Devoted Health,HMO D-SNP,DEVOTED DUAL FULL 026 PA (HMO D-SNP),19.50 ,615.00 ,9250.00 ,Not Enough Data Available,1,,,,PA,Philadelphia,
H7123,001,0,UPMC for Life Complete Care,HMO D-SNP,UPMC for Life Complete Care (HMO D-SNP),32.70 ,615.00 ,9250.00 ,3.5,1,,,,PA,Philadelphia,
H7849,151,0,HealthSpring,PPO,HealthSpring True Choice (PPO),0.00 ,250.00 ,6800.00 ,3.0,1,,,,PA,Philadelphia,
H8145,163,0,Humana,PFFS,Humana Gold Choice H8145-163 (PFFS),Not Applicable,Not Applicable,1500.00 ,3.5,,,,,PA,Philadelphia,
H9207,002,0,Jefferson Health Plans,HMO,Jefferson Health Plans Prime (HMO),32.70 ,0.00 ,6000.00 ,3.5,1,,,,PA,Philadelphia,
H9207,004,0,Jefferson Health Plans,HMO D-SNP,Jefferson Health Plans Special (HMO D-SNP),32.70 ,615.00 ,9250.00 ,3.5,1,,,,PA,Philadelphia,
H9207,012,0,Jefferson Health Plans,HMO,Jefferson Health Plans Complete (HMO),0.00 ,0.00 ,6500.00 ,3.5,1,,,,PA,Philadelphia,
H9207,015,0,Jefferson Health Plans,HMO,Jefferson Health Plans Giveback (HMO),0.00 ,300.00 ,9250.00 ,3.5,1,,,,PA,Philadelphia,
H9207,016,0,Jefferson Health Plans,HMO D-SNP,Jefferson Health Plans Dual Pearl (HMO D-SNP),32.70 ,615.00 ,9250.00 ,3.5,1,,,,PA,Philadelphia,
H9207,017,0,Jefferson Health Plans,HMO D-SNP,Jefferson Health Plans Select (HMO D-SNP),32.70 ,615.00 ,9250.00 ,3.5,1,,,,PA,Philadelphia,
R0110,007,0,Humana,Regional PPO,HumanaChoice R0110-007 (Regional PPO),Not Applicable,Not Applicable,4500.00 ,3.5,,,,,PA,Philadelphia,
R0110,008,0,Humana,Regional PPO,HumanaChoice R0110-008 (Regional PPO),52.00 ,615.00 ,6700.00 ,3.5,1,,,,PA,Philadelphia,
H0028,030,0,Humana,HMO,Humana Gold Plus H0028-030 (HMO),0.00 ,615.00 ,3400.00 ,3.5,1,,,,TX,Bexar,
H0028,036,0,Humana,HMO D-SNP,Humana Gold Plus SNP-DE H0028-036 (HMO D-SNP),2.40 ,615.00 ,9250.00 ,3.5,1,,,,TX,Bexar,
H0028,039,0,Humana,HMO C-SNP,Humana Gold Plus - Diabetes and Heart (HMO C-SNP),0.00 ,615.00 ,3450.00 ,3.5,1,,,,TX,Bexar,
H0028,070,0,Humana,HMO,Humana Gold Plus H0028-070 (HMO),14.00 ,615.00 ,3400.00 ,3.5,1,,,,TX,Bexar,
H0174,004,0,Wellcare,HMO D-SNP,Wellcare Dual Access (HMO D-SNP),4.80 ,545.00 ,9250.00 ,4.0,1,,,,TX,Bexar,
H0174,006,0,Wellcare,HMO D-SNP,Wellcare Dual Liberty (HMO D-SNP),4.80 ,520.00 ,9250.00 ,4.0,1,,,,TX,Bexar,
H0174,009,0,Wellcare,HMO,Wellcare Assist (HMO),4.80 ,615.00 ,3450.00 ,4.0,1,,,,TX,Bexar,
H0174,015,0,Wellcare,HMO,Wellcare Simple (HMO),0.00 ,615.00 ,3900.00 ,4.0,1,,,,TX,Bexar,
H0174,020,0,Wellcare,HMO,Wellcare Giveback (HMO),0.00 ,615.00 ,6900.00 ,4.0,1,,,,TX,Bexar,
H0174,022,0,Wellcare,HMO D-SNP,Wellcare Dual Reserve (HMO D-SNP),4.80 ,615.00 ,3450.00 ,4.0,1,,,,TX,Bexar,
H0609,050,0,UnitedHealthcare,HMO-POS,AARP Medicare Advantage Essentials from UHC TX-21 (HMO-POS),0.00 ,440.00 ,4200.00 ,4.5,1,,,,TX,Bexar,
H0609,052,0,UnitedHealthcare,HMO-POS D-SNP,UHC Dual Complete TX-D004 (HMO-POS D-SNP),0.00 ,137.00 ,9250.00 ,4.5,1,,,,TX,Bexar,
H0609,056,0,UnitedHealthcare,HMO-POS,AARP Medicare Advantage Patriot No Rx TX-MA03 (HMO-POS),Not Applicable,Not Applicable,6700.00 ,4.5,,,,,TX,Bexar,
H0609,058,0,UnitedHealthcare,HMO-POS C-SNP,UHC Complete Care TX-24 (HMO-POS C-SNP),0.00 ,440.00 ,4200.00 ,4.5,1,,,,TX,Bexar,
H0609,063,0,UnitedHealthcare,HMO-POS,AARP Medicare Advantage Extras from UHC TX-28 (HMO-POS),0.00 ,520.00 ,4700.00 ,4.5,1,,,,TX,Bexar,
H0609,065,0,UnitedHealthcare,HMO-POS D-SNP,UHC Dual Complete TX-V007 (HMO-POS D-SNP),0.00 ,22.00 ,3900.00 ,4.5,1,,,,TX,Bexar,
H0609,067,0,UnitedHealthcare,HMO-POS,AARP Medicare Advantage Giveback from UHC TX-40 (HMO-POS),0.00 ,600.00 ,6700.00 ,4.5,1,,,,TX,Bexar,
H0609,071,0,UnitedHealthcare,HMO-POS,AARP Medicare Advantage from UHC TX-0043 (HMO-POS),27.00 ,440.00 ,4200.00 ,4.5,1,,,,TX,Bexar,
H0609,078,0,UnitedHealthcare,HMO-POS,AARP Medicare Advantage CareFlex from UHC TX-45 (HMO-POS),0.00 ,600.00 ,6700.00 ,4.5,1,,,,TX,Bexar,
H0710,020,0,UnitedHealthcare,PPO I-SNP,UHC Nursing Home Plan TX-F001 (PPO I-SNP),4.80 ,615.00 ,9250.00 ,4.5,1,,,,TX,Bexar,
H1278,005,0,UnitedHealthcare,PPO,AARP Medicare Advantage from UHC TX-0003 (PPO),0.00 ,520.00 ,6700.00 ,3.5,1,,,,TX,Bexar,
H1278,026,0,UnitedHealthcare,PPO,AARP Medicare Advantage Patriot No Rx TX-MA04 (PPO),Not Applicable,Not Applicable,6700.00 ,3.5,,,,,TX,Bexar,
H1666,023,0,"Blue Cross and Blue Shield of NM, TX",PPO,Blue Cross Medicare Advantage Balance (PPO),77.00 ,450.00 ,6750.00 ,3.0,1,,,,TX,Bexar,
H1666,024,0,"Blue Cross and Blue Shield of NM, TX",PPO,Blue Cross Medicare Advantage Optimum (PPO),142.00 ,300.00 ,5750.00 ,3.0,1,,,,TX,Bexar,
H2293,019,0,Aetna Medicare,PPO,Aetna Medicare Signature (PPO),0.00 ,615.00 ,6750.00 ,4.0,1,,,,TX,Bexar,
H2593,029,0,Wellpoint,HMO-POS,Wellpoint Medicare Advantage 2 (HMO-POS),0.00 ,300.00 ,9250.00 ,3.5,1,,,,TX,Bexar,
H2593,031,0,Wellpoint,HMO-POS C-SNP,Wellpoint Kidney Care (HMO-POS C-SNP),0.00 ,350.00 ,9250.00 ,3.5,1,,,,TX,Bexar,
H2593,032,0,Wellpoint,HMO D-SNP,Wellpoint Dual Advantage 2 (HMO D-SNP),0.00 ,230.00 ,9250.00 ,3.5,1,,,,TX,Bexar,
H2593,051,0,Wellpoint,HMO D-SNP,Wellpoint Full Dual Advantage 2 (HMO D-SNP),4.80 ,615.00 ,9250.00 ,3.5,1,,,,TX,Bexar,
H3288,001,0,Aetna Medicare,PPO,Aetna Medicare Value Plus (PPO),4.80 ,615.00 ,6750.00 ,3.5,1,,,,TX,Bexar,
H3288,051,0,Aetna Medicare,PPO,Aetna Medicare Eagle (PPO),Not Applicable,Not Applicable,4900.00 ,3.5,,,,,TX,Bexar,
H3467,001,0,ProCare Advantage,HMO-POS I-SNP,ProCare Advantage (HMO-POS I-SNP),4.80 ,615.00 ,9250.00 ,Not Enough Data Available,1,,,,TX,Bexar,
H4054,001,0,Provider Partners Health Plans,HMO I-SNP,Provider Partners Texas Advantage Plan (HMO I-SNP),4.80 ,615.00 ,9250.00 ,5.0,1,,,,TX,Bexar,
H4461,053,0,Humana,HMO,Humana Gold Plus H4461-053 (HMO),14.00 ,615.00 ,3400.00 ,4.0,1,,,,TX,Bexar,
H4461,058,0,Humana,HMO,Humana Gold Plus H4461-058 (HMO),0.00 ,615.00 ,3400.00 ,4.0,1,,,,TX,Bexar,
H4461,066,0,Humana,HMO C-SNP,Humana Gold Plus - Diabetes and Heart (HMO C-SNP),0.00 ,615.00 ,3450.00 ,4.0,1,,,,TX,Bexar,
H4461,069,0,Humana,HMO D-SNP,Humana Gold Plus SNP-DE H4461-069 (HMO D-SNP),2.20 ,615.00 ,9250.00 ,4.0,1,,,,TX,Bexar,
H4461,070,0,Humana,HMO D-SNP,Humana Gold Plus SNP-DE H4461-070 (HMO D-SNP),0.00 ,265.00 ,9250.00 ,4.0,1,,,,TX,Bexar,
H4513,009,0,HealthSpring,HMO,HealthSpring Courage (HMO),Not Applicable,Not Applicable,4300.00 ,4.5,,,,,TX,Bexar,
H4513,060,4,HealthSpring,HMO D-SNP,HealthSpring TotalCare (HMO D-SNP),0.00 ,615.00 ,3450.00 ,4.5,1,,,,TX,Bexar,
H4513,061,4,HealthSpring,HMO,HealthSpring Preferred (HMO),0.00 ,200.00 ,3200.00 ,4.5,1,,,,TX,Bexar,
H4513,083,4,HealthSpring,HMO,HealthSpring Preferred Savings (HMO),0.00 ,300.00 ,6900.00 ,4.5,1,,,,TX,Bexar,
H4514,021,0,UnitedHealthcare,HMO-POS D-SNP,UHC Dual Complete TX-S003 (HMO-POS D-SNP),0.40 ,615.00 ,9250.00 ,4.0,1,,,,TX,Bexar,
H4523,001,0,Aetna Medicare,HMO,Aetna Medicare Signature Extra (HMO),0.00 ,615.00 ,3800.00 ,4.0,1,,,,TX,Bexar,
H4523,020,0,Aetna Medicare,HMO,Aetna Medicare Prime Care (HMO),0.00 ,300.00 ,3800.00 ,4.0,1,,,,TX,Bexar,
H4523,034,0,Aetna Medicare,HMO D-SNP,Aetna Medicare Full Dual Care (HMO D-SNP),0.00 ,615.00 ,9250.00 ,4.0,1,,,,TX,Bexar,
H4523,038,0,Aetna Medicare,HMO C-SNP,Aetna Medicare Prime Chronic Care (HMO C-SNP),0.00 ,615.00 ,6750.00 ,4.0,1,,,,TX,Bexar,
H4523,041,0,Aetna Medicare,HMO D-SNP,Aetna Medicare Partial Dual Care (HMO D-SNP),4.60 ,615.00 ,9250.00 ,4.0,1,,,,TX,Bexar,
H5015,001,0,Texas Independence Health Plan,HMO I-SNP,"Texas Independence Health Plan, Inc. (HMO I-SNP)",4.80 ,615.00 ,9250.00 ,5.0,1,,,,TX,Bexar,
H5015,002,0,Texas Independence Health Plan,HMO I-SNP,Texas Independence Community Plan (HMO I-SNP),4.80 ,615.00 ,9250.00 ,5.0,1,,,,TX,Bexar,
H5141,025,0,Clover Health,PPO,Clover Health Choice (PPO),0.00 ,0.00 ,6350.00 ,4.5,1,,,,TX,Bexar,
H5141,062,0,Clover Health,PPO,Clover Health Valor (PPO),Not Applicable,Not Applicable,6500.00 ,4.5,,,,,TX,Bexar,
H5216,042,0,Humana,PPO,HumanaChoice H5216-042 (PPO),60.00 ,615.00 ,6750.00 ,3.5,1,,,,TX,Bexar,
H5216,043,1,Humana,PPO,HumanaChoice H5216-043 (PPO),20.00 ,420.00 ,7700.00 ,3.5,1,,,,TX,Bexar,
H5216,128,0,Humana,PPO,Humana USAA Honor Giveback (PPO),Not Applicable,Not Applicable,6750.00 ,3.5,,,,,TX,Bexar,
H5216,348,0,Humana,PPO,Humana USAA Honor Giveback (PPO),Not Applicable,Not Applicable,7900.00 ,3.5,,,,,TX,Bexar,
H5216,351,0,Humana,PPO,Humana USAA Honor Giveback with Rx (PPO),0.00 ,615.00 ,6900.00 ,3.5,1,,,,TX,Bexar,
H5216,360,0,Humana,PPO,HumanaChoice H5216-360 (PPO),0.00 ,420.00 ,5750.00 ,3.5,1,,,,TX,Bexar,
H5216,369,0,Humana,PPO I-SNP,Humana Together in Health (PPO I-SNP),0.00 ,610.00 ,9250.00 ,3.5,1,,,,TX,Bexar,
H5294,014,0,Wellcare,HMO,Wellcare Patriot Simple (HMO),Not Applicable,Not Applicable,3400.00 ,3.5,,,,,TX,Bexar,
H5447,001,0,Community First,HMO,Community First Medicare Advantage Alamo Plan (HMO),0.00 ,200.00 ,3500.00 ,Not Enough Data Available,1,,,,TX,Bexar,
H5447,002,0,Community First,HMO D-SNP,Community First Medicare Advantage D-SNP (HMO D-SNP),4.80 ,615.00 ,9250.00 ,Not Enough Data Available,1,,,,TX,Bexar,
H6515,001,0,"Molina Healthcare of Texas, Inc.",HMO D-SNP,Molina Medicare Complete Care Plus (HMO D-SNP),0.00 ,615.00 ,9250.00 ,Plan Too New To Be Measured,1,,,,TX,Bexar,
H6891,001,0,American Health Advantage of Texas,HMO I-SNP,American Health Advantage of Texas (HMO I-SNP),4.80 ,615.00 ,9250.00 ,Not Enough Data Available,1,,,,TX,Bexar,
H7323,007,0,Wellcare,PPO,Wellcare Simple Open (PPO),0.00 ,615.00 ,5000.00 ,3.5,1,,,,TX,Bexar,
H7617,040,0,Humana,PPO,HumanaChoice H7617-040 (PPO),0.00 ,420.00 ,5750.00 ,4.5,1,,,,TX,Bexar,
H7617,042,0,Humana,PPO,Humana USAA Honor Giveback with Rx (PPO),0.00 ,615.00 ,6900.00 ,4.5,1,,,,TX,Bexar,
H7617,059,0,Humana,PPO,HumanaChoice H7617-059 (PPO),20.00 ,420.00 ,7700.00 ,4.5,1,,,,TX,Bexar,
H7617,062,0,Humana,PPO,Humana USAA Honor Giveback (PPO),Not Applicable,Not Applicable,7900.00 ,4.5,,,,,TX,Bexar,
H7849,154,0,HealthSpring,PPO,HealthSpring True Choice (PPO),0.00 ,250.00 ,6800.00 ,3.0,1,,,,TX,Bexar,
H7993,003,0,Devoted Health,HMO,DEVOTED CORE 003 TX (HMO),0.00 ,0.00 ,3900.00 ,5.0,1,,,,TX,Bexar,
H7993,004,0,Devoted Health,HMO,DEVOTED CORE 004 TX (HMO),0.00 ,615.00 ,3900.00 ,5.0,1,,,,TX,Bexar,
H7993,012,0,Devoted Health,HMO D-SNP,DEVOTED DUAL 012 TX (HMO D-SNP),4.80 ,615.00 ,9250.00 ,5.0,1,,,,TX,Bexar,
H7993,020,0,Devoted Health,HMO,DEVOTED MA ONLY 020 TX (HMO),Not Applicable,Not Applicable,9250.00 ,5.0,,,,,TX,Bexar,
H7993,021,0,Devoted Health,HMO,DEVOTED GIVEBACK 021 TX (HMO),0.00 ,605.00 ,9250.00 ,5.0,1,,,,TX,Bexar,
H7993,033,0,Devoted Health,HMO C-SNP,DEVOTED C-SNP PLUS 033 TX (HMO C-SNP),4.80 ,615.00 ,9250.00 ,5.0,1,,,,TX,Bexar,
H7993,041,0,Devoted Health,HMO D-SNP,DEVOTED DUAL FULL 041 TX (HMO D-SNP),4.80 ,615.00 ,9250.00 ,5.0,1,,,,TX,Bexar,
H7993,046,0,Devoted Health,HMO C-SNP,DEVOTED C-SNP 046 TX (HMO C-SNP),0.00 ,480.00 ,4450.00 ,5.0,1,,,,TX,Bexar,
H8145,084,0,Humana,PFFS,Humana Gold Choice H8145-084 (PFFS),29.00 ,615.00 ,6750.00 ,3.5,1,,,,TX,Bexar,
H8145,126,0,Humana,PFFS,Humana Gold Choice H8145-126 (PFFS),Not Applicable,Not Applicable,6700.00 ,3.5,,,,,TX,Bexar,
H8554,001,0,"Blue Cross and Blue Shield of OK, TX",HMO,Blue Cross Medicare Advantage Core (HMO),0.00 ,450.00 ,4900.00 ,3.5,1,,,,TX,Bexar,
H8597,001,0,Aetna Medicare,HMO D-SNP,Aetna Medicare Dual Care (HMO D-SNP),0.00 ,615.00 ,9250.00 ,3.5,1,,,,TX,Bexar,
H8634,033,0,"Blue Cross and Blue Shield of IL, NM, OK, TX",PPO,Blue Cross Medicare Advantage Preferred (PPO),110.00 ,450.00 ,8000.00 ,3.0,1,,,,TX,Bexar,
H8849,001,0,Wellpoint,HMO-POS C-SNP,Wellpoint Chronic Care (HMO-POS C-SNP),0.00 ,0.00 ,3400.00 ,3.5,1,,,,TX,Bexar,
H8849,006,0,Wellpoint,HMO-POS,Wellpoint Select (HMO-POS),0.00 ,0.00 ,3500.00 ,3.5,1,,,,TX,Bexar,
H8849,011,3,Wellpoint,HMO D-SNP,Wellpoint Dual Advantage (HMO D-SNP),4.80 ,615.00 ,9250.00 ,3.5,1,,,,TX,Bexar,
H8902,002,0,SCAN Health Plan,HMO C-SNP,SCAN Balance Texas (HMO C-SNP),0.00 ,0.00 ,2000.00 ,Not Enough Data Available,1,,,,TX,Bexar,
H8902,009,0,SCAN Health Plan,HMO C-SNP,SCAN Strive Texas (HMO C-SNP),0.00 ,615.00 ,2000.00 ,Not Enough Data Available,1,,,,TX,Bexar,
H8902,010,0,SCAN Health Plan,HMO,SCAN Classic Texas (HMO),0.00 ,0.00 ,2900.00 ,Not Enough Data Available,1,,,,TX,Bexar,
H8902,011,0,SCAN Health Plan,HMO,SCAN MyChoice Texas (HMO),0.00 ,0.00 ,3400.00 ,Not Enough Data Available,1,,,,TX,Bexar,
H9706,002,0,Blue Cross and Blue Shield of Texas,HMO D-SNP,Blue Cross Medicare Advantage Dual Care Plus (HMO D-SNP),4.80 ,615.00 ,9250.00 ,2.5,1,,,,TX,Bexar,
H9706,007,0,Blue Cross and Blue Shield of Texas,HMO,Blue Cross Medicare Advantage Dental Value (HMO),0.00 ,615.00 ,5200.00 ,2.5,1,,,,TX,Bexar,
H9706,009,0,Blue Cross and Blue Shield of Texas,HMO,Blue Cross Medicare Advantage Value (HMO),0.00 ,450.00 ,4750.00 ,2.5,1,,,,TX,Bexar,
R4182,001,0,Humana,Regional PPO,HumanaChoice R4182-001 (Regional PPO),Not Applicable,Not Applicable,5950.00 ,3.5,,,,,TX,Bexar,
R4182,003,0,Humana,Regional PPO,HumanaChoice R4182-003 (Regional PPO),97.00 ,615.00 ,7650.00 ,3.5,1,,,,TX,Bexar,
R4182,004,0,Humana,Regional PPO,HumanaChoice R4182-004 (Regional PPO),44.00 ,615.00 ,7650.00 ,3.5,1,,,,TX,Bexar,
R6801,008,0,UnitedHealthcare,Regional PPO C-SNP,UHC Complete Care Support TX-1A (Regional PPO C-SNP),0.00 ,584.00 ,9250.00 ,3.5,1,,,,TX,Bexar,
R6801,009,0,UnitedHealthcare,Regional PPO C-SNP,UHC Complete Care TX-29 (Regional PPO C-SNP),57.00 ,600.00 ,7900.00 ,3.5,1,,,,TX,Bexar,
R6801,011,0,UnitedHealthcare,Regional PPO D-SNP,UHC Dual Complete TX-S001 (Regional PPO D-SNP),4.80 ,615.00 ,9250.00 ,3.5,1,,,,TX,Bexar,
R6801,012,0,UnitedHealthcare,Regional PPO,UHC Medicare Advantage TX-0030 (Regional PPO),102.00 ,600.00 ,8200.00 ,3.5,1,,,,TX,Bexar,
H0028,032,0,Humana,HMO D-SNP,Humana Gold Plus SNP-DE H0028-032 (HMO D-SNP),0.00 ,615.00 ,9250.00 ,3.5,1,,,,TX,Dallas,
H0028,043,1,Humana,HMO,Humana Gold Plus H0028-043 (HMO),0.00 ,615.00 ,3200.00 ,3.5,1,,,,TX,Dallas,
H0028,059,0,Humana,HMO,Humana Gold Plus H0028-059 (HMO),14.00 ,615.00 ,3200.00 ,3.5,1,,,,TX,Dallas,
H0028,060,0,Humana,HMO C-SNP,Humana Gold Plus - Diabetes and Heart (HMO C-SNP),0.00 ,615.00 ,3400.00 ,3.5,1,,,,TX,Dallas,
H0062,011,0,Wellcare,HMO D-SNP,Wellcare Superior HealthPlan Dual Align (HMO D-SNP),4.80 ,500.00 ,9250.00 ,Not Enough Data Available,1,,,,TX,Dallas,
H0174,004,0,Wellcare,HMO D-SNP,Wellcare Dual Access (HMO D-SNP),4.80 ,545.00 ,9250.00 ,4.0,1,,,,TX,Dallas,
H0174,014,0,Wellcare,HMO,Wellcare Simple (HMO),0.00 ,615.00 ,4500.00 ,4.0,1,,,,TX,Dallas,
H0174,018,0,Wellcare,HMO,Wellcare Giveback (HMO),0.00 ,615.00 ,7900.00 ,4.0,1,,,,TX,Dallas,
H0174,022,0,Wellcare,HMO D-SNP,Wellcare Dual Reserve (HMO D-SNP),4.80 ,615.00 ,3450.00 ,4.0,1,,,,TX,Dallas,
H0609,051,0,UnitedHealthcare,HMO-POS,AARP Medicare Advantage Essentials from UHC TX-22 (HMO-POS),0.00 ,440.00 ,3900.00 ,4.5,1,,,,TX,Dallas,
H0609,052,0,UnitedHealthcare,HMO-POS D-SNP,UHC Dual Complete TX-D004 (HMO-POS D-SNP),0.00 ,137.00 ,9250.00 ,4.5,1,,,,TX,Dallas,
H0609,055,0,UnitedHealthcare,HMO-POS,AARP Medicare Advantage Patriot No Rx TX-MA02 (HMO-POS),Not Applicable,Not Applicable,6700.00 ,4.5,,,,,TX,Dallas,
H0609,059,0,UnitedHealthcare,HMO-POS,AARP Medicare Advantage from UHC TX-25 (HMO-POS),74.00 ,440.00 ,3900.00 ,4.5,1,,,,TX,Dallas,
H0609,061,0,UnitedHealthcare,HMO-POS,AARP Medicare Advantage Extras from UHC TX-27 (HMO-POS),0.00 ,520.00 ,4500.00 ,4.5,1,,,,TX,Dallas,
H0609,062,0,UnitedHealthcare,HMO-POS C-SNP,UHC Complete Care TX-3P (HMO-POS C-SNP),0.00 ,440.00 ,3900.00 ,4.5,1,,,,TX,Dallas,
H0609,065,0,UnitedHealthcare,HMO-POS D-SNP,UHC Dual Complete TX-V007 (HMO-POS D-SNP),0.00 ,22.00 ,3900.00 ,4.5,1,,,,TX,Dallas,
H0609,066,0,UnitedHealthcare,HMO-POS,AARP Medicare Advantage Giveback from UHC TX-39 (HMO-POS),0.00 ,600.00 ,6700.00 ,4.5,1,,,,TX,Dallas,
H0609,070,0,UnitedHealthcare,HMO-POS,AARP Medicare Advantage from UHC TX-0042 (HMO-POS),32.00 ,440.00 ,3900.00 ,4.5,1,,,,TX,Dallas,
H0609,077,0,UnitedHealthcare,HMO-POS,AARP Medicare Advantage CareFlex from UHC TX-44 (HMO-POS),0.00 ,600.00 ,6700.00 ,4.5,1,,,,TX,Dallas,
H0710,020,0,UnitedHealthcare,PPO I-SNP,UHC Nursing Home Plan TX-F001 (PPO I-SNP),4.80 ,615.00 ,9250.00 ,4.5,1,,,,TX,Dallas,
H1278,013,0,UnitedHealthcare,PPO,AARP Medicare Advantage from UHC TX-0005 (PPO),0.00 ,600.00 ,6700.00 ,3.5,1,,,,TX,Dallas,
H1278,025,0,UnitedHealthcare,PPO,AARP Medicare Advantage Patriot No Rx TX-MA06 (PPO),Not Applicable,Not Applicable,6700.00 ,3.5,,,,,TX,Dallas,
H1666,003,0,"Blue Cross and Blue Shield of NM, TX",PPO,Blue Cross Medicare Advantage Choice Premier (PPO),96.00 ,450.00 ,6750.00 ,3.0,1,,,,TX,Dallas,
H1666,006,0,"Blue Cross and Blue Shield of NM, TX",PPO,Blue Cross Medicare Advantage Choice Plus (PPO),0.00 ,615.00 ,9250.00 ,3.0,1,,,,TX,Dallas,
H1666,022,0,"Blue Cross and Blue Shield of NM, TX",PPO,Blue Cross Medicare Advantage Optimum (PPO),142.00 ,300.00 ,5750.00 ,3.0,1,,,,TX,Dallas,
H2032,001,0,Baylor Scott & White Health Plan,PPO,BSW SeniorCare Advantage (PPO),0.00 ,300.00 ,6400.00 ,4.0,1,,,,TX,Dallas,
H2293,025,0,Aetna Medicare,PPO,Aetna Medicare Enhanced (PPO),50.00 ,615.00 ,6750.00 ,4.0,1,,,,TX,Dallas,
H2593,029,0,Wellpoint,HMO-POS,Wellpoint Medicare Advantage 2 (HMO-POS),0.00 ,300.00 ,9250.00 ,3.5,1,,,,TX,Dallas,
H2593,032,0,Wellpoint,HMO D-SNP,Wellpoint Dual Advantage 2 (HMO D-SNP),0.00 ,230.00 ,9250.00 ,3.5,1,,,,TX,Dallas,
H2593,043,0,Wellpoint,HMO-POS C-SNP,Wellpoint Kidney Care (HMO-POS C-SNP),0.00 ,275.00 ,2900.00 ,3.5,1,,,,TX,Dallas,
H3288,002,0,Aetna Medicare,PPO,Aetna Medicare Value Plus (PPO),4.80 ,615.00 ,6350.00 ,3.5,1,,,,TX,Dallas,
H3288,051,0,Aetna Medicare,PPO,Aetna Medicare Eagle (PPO),Not Applicable,Not Applicable,4900.00 ,3.5,,,,,TX,Dallas,
H3467,001,0,ProCare Advantage,HMO-POS I-SNP,ProCare Advantage (HMO-POS I-SNP),4.80 ,615.00 ,9250.00 ,Not Enough Data Available,1,,,,TX,Dallas,
H3467,002,0,ProCare Advantage,HMO-POS C-SNP,ProCare Advantage - Kidney Care (HMO-POS C-SNP),4.80 ,615.00 ,9250.00 ,Not Enough Data Available,1,,,,TX,Dallas,
H3467,005,0,ProCare Advantage,HMO-POS C-SNP,ProCare Advantage - Diabetes Care Management (HMO-POS C-SNP),0.00 ,300.00 ,3100.00 ,Not Enough Data Available,1,,,,TX,Dallas,
H4054,001,0,Provider Partners Health Plans,HMO I-SNP,Provider Partners Texas Advantage Plan (HMO I-SNP),4.80 ,615.00 ,9250.00 ,5.0,1,,,,TX,Dallas,
H4461,050,0,Humana,HMO,Humana Gold Plus H4461-050 (HMO),14.00 ,615.00 ,3200.00 ,4.0,1,,,,TX,Dallas,
H4461,051,0,Humana,HMO,Humana Total Complete H4461-051 (HMO),0.00 ,615.00 ,3200.00 ,4.0,1,,,,TX,Dallas,
H4461,067,0,Humana,HMO C-SNP,Humana Gold Plus - Diabetes and Heart (HMO C-SNP),0.00 ,615.00 ,3500.00 ,4.0,1,,,,TX,Dallas,
H4461,071,0,Humana,HMO D-SNP,Humana Gold Plus SNP-DE H4461-071 (HMO D-SNP),0.00 ,615.00 ,9250.00 ,4.0,1,,,,TX,Dallas,
H4461,072,0,Humana,HMO D-SNP,Humana Gold Plus SNP-DE H4461-072 (HMO D-SNP),0.00 ,290.00 ,9250.00 ,4.0,1,,,,TX,Dallas,
H4513,009,0,HealthSpring,HMO,HealthSpring Courage (HMO),Not Applicable,Not Applicable,4300.00 ,4.5,,,,,TX,Dallas,
H4513,060,5,HealthSpring,HMO D-SNP,HealthSpring TotalCare (HMO D-SNP),0.00 ,615.00 ,3450.00 ,4.5,1,,,,TX,Dallas,
H4513,061,5,HealthSpring,HMO,HealthSpring Preferred (HMO),0.00 ,200.00 ,3400.00 ,4.5,1,,,,TX,Dallas,
H4513,083,5,HealthSpring,HMO,HealthSpring Preferred Savings (HMO),0.00 ,300.00 ,6700.00 ,4.5,1,,,,TX,Dallas,
H4514,021,0,UnitedHealthcare,HMO-POS D-SNP,UHC Dual Complete TX-S003 (HMO-POS D-SNP),0.40 ,615.00 ,9250.00 ,4.0,1,,,,TX,Dallas,
H4523,021,0,Aetna Medicare,HMO,Aetna Medicare Prime Care (HMO),0.00 ,615.00 ,4200.00 ,4.0,1,,,,TX,Dallas,
H4523,030,0,Aetna Medicare,HMO D-SNP,Aetna Medicare Full Dual Care (HMO D-SNP),0.00 ,615.00 ,9250.00 ,4.0,1,,,,TX,Dallas,
H4523,039,0,Aetna Medicare,HMO C-SNP,Aetna Medicare Prime Chronic Total (HMO C-SNP),3.90 ,615.00 ,9250.00 ,4.0,1,,,,TX,Dallas,
H4523,044,0,Aetna Medicare,HMO D-SNP,Aetna Medicare Partial Dual Care (HMO D-SNP),0.00 ,615.00 ,9250.00 ,4.0,1,,,,TX,Dallas,
H5163,003,0,Verda Health Plan of Texas,HMO,Verda Noble Care (HMO),0.00 ,300.00 ,2399.00 ,Not Enough Data Available,1,,,,TX,Dallas,
H5163,004,0,Verda Health Plan of Texas,HMO C-SNP,Verda Noble Chronic Care (HMO C-SNP),0.00 ,300.00 ,2299.00 ,Not Enough Data Available,1,,,,TX,Dallas,
H5216,042,0,Humana,PPO,HumanaChoice H5216-042 (PPO),60.00 ,615.00 ,6750.00 ,3.5,1,,,,TX,Dallas,
H5216,043,1,Humana,PPO,HumanaChoice H5216-043 (PPO),20.00 ,420.00 ,7700.00 ,3.5,1,,,,TX,Dallas,
H5216,128,0,Humana,PPO,Humana USAA Honor Giveback (PPO),Not Applicable,Not Applicable,6750.00 ,3.5,,,,,TX,Dallas,
H5216,348,0,Humana,PPO,Humana USAA Honor Giveback (PPO),Not Applicable,Not Applicable,7900.00 ,3.5,,,,,TX,Dallas,
H5216,351,0,Humana,PPO,Humana USAA Honor Giveback with Rx (PPO),0.00 ,615.00 ,6900.00 ,3.5,1,,,,TX,Dallas,
H5216,352,0,Humana,PPO,Humana Value Choice H5216-352 (PPO),0.00 ,420.00 ,6400.00 ,3.5,1,,,,TX,Dallas,
H5216,369,0,Humana,PPO I-SNP,Humana Together in Health (PPO I-SNP),0.00 ,610.00 ,9250.00 ,3.5,1,,,,TX,Dallas,
H5294,014,0,Wellcare,HMO,Wellcare Patriot Simple (HMO),Not Applicable,Not Applicable,3400.00 ,3.5,,,,,TX,Dallas,
H6515,002,0,"Molina Healthcare of Texas, Inc.",HMO D-SNP,Molina Medicare Complete Care Plus (HMO D-SNP),0.00 ,199.00 ,9250.00 ,Plan Too New To Be Measured,1,,,,TX,Dallas,
H6891,001,0,American Health Advantage of Texas,HMO I-SNP,American Health Advantage of Texas (HMO I-SNP),4.80 ,615.00 ,9250.00 ,Not Enough Data Available,1,,,,TX,Dallas,
H7617,035,0,Humana,PPO,Humana Essentials Plus Giveback H7617-035 (PPO),0.00 ,350.00 ,8300.00 ,4.5,1,,,,TX,Dallas,
H7617,042,0,Humana,PPO,Humana USAA Honor Giveback with Rx (PPO),0.00 ,615.00 ,6900.00 ,4.5,1,,,,TX,Dallas,
H7617,043,0,Humana,PPO,Humana Value Choice H7617-043 (PPO),0.00 ,420.00 ,6400.00 ,4.5,1,,,,TX,Dallas,
H7617,059,0,Humana,PPO,HumanaChoice H7617-059 (PPO),20.00 ,420.00 ,7700.00 ,4.5,1,,,,TX,Dallas,
H7617,062,0,Humana,PPO,Humana USAA Honor Giveback (PPO),Not Applicable,Not Applicable,7900.00 ,4.5,,,,,TX,Dallas,
H7787,001,0,HealthSpring,PPO,HealthSpring True Choice Savings (PPO),0.00 ,300.00 ,9250.00 ,4.0,1,,,,TX,Dallas,
H7849,154,0,HealthSpring,PPO,HealthSpring True Choice (PPO),0.00 ,250.00 ,6800.00 ,3.0,1,,,,TX,Dallas,
H8142,007,0,Baylor Scott & White Health Plan,HMO-POS,BSW SeniorCare Advantage Select Rx (HMO-POS),0.00 ,250.00 ,5000.00 ,4.0,1,,,,TX,Dallas,
H8142,008,0,Baylor Scott & White Health Plan,HMO-POS,BSW SeniorCare Advantage Select (HMO-POS),Not Applicable,Not Applicable,5550.00 ,4.0,,,,,TX,Dallas,
H8142,010,0,Baylor Scott & White Health Plan,HMO-POS,BSW SeniorCare Advantage Essentials (HMO-POS),4.80 ,615.00 ,5000.00 ,4.0,1,,,,TX,Dallas,
H8145,084,0,Humana,PFFS,Humana Gold Choice H8145-084 (PFFS),29.00 ,615.00 ,6750.00 ,3.5,1,,,,TX,Dallas,
H8145,126,0,Humana,PFFS,Humana Gold Choice H8145-126 (PFFS),Not Applicable,Not Applicable,6700.00 ,3.5,,,,,TX,Dallas,
H8597,002,0,Aetna Medicare,HMO D-SNP,Aetna Medicare Dual Care (HMO D-SNP),0.00 ,615.00 ,9250.00 ,3.5,1,,,,TX,Dallas,
H8634,022,0,"Blue Cross and Blue Shield of IL, NM, OK, TX",PPO,Blue Cross Medicare Advantage Classic (PPO),0.00 ,450.00 ,9250.00 ,3.0,1,,,,TX,Dallas,
H8634,024,0,"Blue Cross and Blue Shield of IL, NM, OK, TX",PPO,Blue Cross Medicare Advantage Dental Premier (PPO),0.00 ,615.00 ,6750.00 ,3.0,1,,,,TX,Dallas,
H8634,025,0,"Blue Cross and Blue Shield of IL, NM, OK, TX",PPO,Blue Cross Medicare Advantage Health Choice (PPO),0.00 ,615.00 ,9250.00 ,3.0,1,,,,TX,Dallas,
H8634,026,0,"Blue Cross and Blue Shield of IL, NM, OK, TX",PPO,Blue Cross Medicare Advantage Protect (PPO),Not Applicable,Not Applicable,6950.00 ,3.0,,,,,TX,Dallas,
H8849,001,0,Wellpoint,HMO-POS C-SNP,Wellpoint Chronic Care (HMO-POS C-SNP),0.00 ,0.00 ,3400.00 ,3.5,1,,,,TX,Dallas,
H8849,010,2,Wellpoint,HMO D-SNP,Wellpoint Full Dual Advantage (HMO D-SNP),2.40 ,615.00 ,9250.00 ,3.5,1,,,,TX,Dallas,
H8849,011,2,Wellpoint,HMO D-SNP,Wellpoint Dual Advantage (HMO D-SNP),4.80 ,615.00 ,9250.00 ,3.5,1,,,,TX,Dallas,
H9706,001,0,Blue Cross and Blue Shield of Texas,HMO,Blue Cross Medicare Advantage Value (HMO),0.00 ,450.00 ,4950.00 ,2.5,1,,,,TX,Dallas,
H9706,002,0,Blue Cross and Blue Shield of Texas,HMO D-SNP,Blue Cross Medicare Advantage Dual Care Plus (HMO D-SNP),4.80 ,615.00 ,9250.00 ,2.5,1,,,,TX,Dallas,
H9706,007,0,Blue Cross and Blue Shield of Texas,HMO,Blue Cross Medicare Advantage Dental Value (HMO),0.00 ,615.00 ,5200.00 ,2.5,1,,,,TX,Dallas,
H9706,008,0,Blue Cross and Blue Shield of Texas,HMO,Blue Cross Medicare Advantage Saver (HMO),0.00 ,450.00 ,7500.00 ,2.5,1,,,,TX,Dallas,
R4182,001,0,Humana,Regional PPO,HumanaChoice R4182-001 (Regional PPO),Not Applicable,Not Applicable,5950.00 ,3.5,,,,,TX,Dallas,
R4182,003,0,Humana,Regional PPO,HumanaChoice R4182-003 (Regional PPO),97.00 ,615.00 ,7650.00 ,3.5,1,,,,TX,Dallas,
R4182,004,0,Humana,Regional PPO,HumanaChoice R4182-004 (Regional PPO),44.00 ,615.00 ,7650.00 ,3.5,1,,,,TX,Dallas,
R6801,008,0,UnitedHealthcare,Regional PPO C-SNP,UHC Complete Care Support TX-1A (Regional PPO C-SNP),0.00 ,584.00 ,9250.00 ,3.5,1,,,,TX,Dallas,
R6801,009,0,UnitedHealthcare,Regional PPO C-SNP,UHC Complete Care TX-29 (Regional PPO C-SNP),57.00 ,600.00 ,7900.00 ,3.5,1,,,,TX,Dallas,
R6801,011,0,UnitedHealthcare,Regional PPO D-SNP,UHC Dual Complete TX-S001 (Regional PPO D-SNP),4.80 ,615.00 ,9250.00 ,3.5,1,,,,TX,Dallas,
R6801,012,0,UnitedHealthcare,Regional PPO,UHC Medicare Advantage TX-0030 (Regional PPO),102.00 ,600.00 ,8200.00 ,3.5,1,,,,TX,Dallas,
H0028,032,0,Humana,HMO D-SNP,Humana Gold Plus SNP-DE H0028-032 (HMO D-SNP),0.00 ,615.00 ,9250.00 ,3.5,1,,,,TX,Harris,
H0028,042,0,Humana,HMO,Humana Gold Plus H0028-042 (HMO),0.00 ,340.00 ,3450.00 ,3.5,1,,,,TX,Harris,
H0028,072,0,Humana,HMO,Humana Gold Plus H0028-072 (HMO),0.00 ,615.00 ,3400.00 ,3.5,1,,,,TX,Harris,
H0174,004,0,Wellcare,HMO D-SNP,Wellcare Dual Access (HMO D-SNP),4.80 ,545.00 ,9250.00 ,4.0,1,,,,TX,Harris,
H0174,006,0,Wellcare,HMO D-SNP,Wellcare Dual Liberty (HMO D-SNP),4.80 ,520.00 ,9250.00 ,4.0,1,,,,TX,Harris,
H0174,009,0,Wellcare,HMO,Wellcare Assist (HMO),4.80 ,615.00 ,3450.00 ,4.0,1,,,,TX,Harris,
H0174,010,0,Wellcare,HMO,Wellcare Simple (HMO),0.00 ,615.00 ,3500.00 ,4.0,1,,,,TX,Harris,
H0174,019,0,Wellcare,HMO,Wellcare Giveback (HMO),0.00 ,615.00 ,6900.00 ,4.0,1,,,,TX,Harris,
H0174,022,0,Wellcare,HMO D-SNP,Wellcare Dual Reserve (HMO D-SNP),4.80 ,615.00 ,3450.00 ,4.0,1,,,,TX,Harris,
H0332,001,0,KelseyCare Advantage,HMO,KelseyCare Advantage Core (HMO),Not Applicable,Not Applicable,4500.00 ,4.5,,,,,TX,Harris,
H0332,004,0,KelseyCare Advantage,HMO-POS,KelseyCare Advantage Freedom (HMO-POS),0.00 ,200.00 ,6750.00 ,4.5,1,,,,TX,Harris,
H0332,009,0,KelseyCare Advantage,HMO,KelseyCare Advantage Signature (HMO),0.00 ,0.00 ,3900.00 ,4.5,1,,,,TX,Harris,
H0710,020,0,UnitedHealthcare,PPO I-SNP,UHC Nursing Home Plan TX-F001 (PPO I-SNP),4.80 ,615.00 ,9250.00 ,4.5,1,,,,TX,Harris,
H1278,014,0,UnitedHealthcare,PPO,AARP Medicare Advantage from UHC TX-0006 (PPO),0.00 ,600.00 ,6700.00 ,3.5,1,,,,TX,Harris,
H1278,021,0,UnitedHealthcare,PPO,AARP Medicare Advantage Giveback from UHC TX-31 (PPO),0.00 ,600.00 ,8500.00 ,3.5,1,,,,TX,Harris,
H1278,027,0,UnitedHealthcare,PPO,AARP Medicare Advantage Patriot No Rx TX-MA05 (PPO),Not Applicable,Not Applicable,6700.00 ,3.5,,,,,TX,Harris,
H1666,003,0,"Blue Cross and Blue Shield of NM, TX",PPO,Blue Cross Medicare Advantage Choice Premier (PPO),96.00 ,450.00 ,6750.00 ,3.0,1,,,,TX,Harris,
H1666,022,0,"Blue Cross and Blue Shield of NM, TX",PPO,Blue Cross Medicare Advantage Optimum (PPO),142.00 ,300.00 ,5750.00 ,3.0,1,,,,TX,Harris,
H2293,016,0,Aetna Medicare,PPO,Aetna Medicare Signature (PPO),0.00 ,615.00 ,6750.00 ,4.0,1,,,,TX,Harris,
H2593,029,0,Wellpoint,HMO-POS,Wellpoint Medicare Advantage 2 (HMO-POS),0.00 ,300.00 ,9250.00 ,3.5,1,,,,TX,Harris,
H2593,032,0,Wellpoint,HMO D-SNP,Wellpoint Dual Advantage 2 (HMO D-SNP),0.00 ,230.00 ,9250.00 ,3.5,1,,,,TX,Harris,
H2593,043,0,Wellpoint,HMO-POS C-SNP,Wellpoint Kidney Care (HMO-POS C-SNP),0.00 ,275.00 ,2900.00 ,3.5,1,,,,TX,Harris,
H2593,048,0,Wellpoint,HMO D-SNP,Wellpoint Full Dual Advantage 2 (HMO D-SNP),4.80 ,615.00 ,9250.00 ,3.5,1,,,,TX,Harris,
H3288,003,0,Aetna Medicare,PPO,Aetna Medicare Value Plus (PPO),4.80 ,615.00 ,6750.00 ,3.5,1,,,,TX,Harris,
H3288,047,0,Aetna Medicare,PPO,Aetna Medicare Enhanced (PPO),45.00 ,615.00 ,9250.00 ,3.5,1,,,,TX,Harris,
H3288,051,0,Aetna Medicare,PPO,Aetna Medicare Eagle (PPO),Not Applicable,Not Applicable,4900.00 ,3.5,,,,,TX,Harris,
H3467,001,0,ProCare Advantage,HMO-POS I-SNP,ProCare Advantage (HMO-POS I-SNP),4.80 ,615.00 ,9250.00 ,Not Enough Data Available,1,,,,TX,Harris,
H3868,001,0,UnitedHealthcare,HMO-POS D-SNP,UHC Dual Complete TX-Y1 (HMO-POS D-SNP),4.80 ,615.00 ,9250.00 ,Plan Too New To Be Measured,1,,,,TX,Harris,
H4054,001,0,Provider Partners Health Plans,HMO I-SNP,Provider Partners Texas Advantage Plan (HMO I-SNP),4.80 ,615.00 ,9250.00 ,5.0,1,,,,TX,Harris,
H4461,049,0,Humana,HMO,Humana Total Complete H4461-049 (HMO),0.00 ,615.00 ,3400.00 ,4.0,1,,,,TX,Harris,
H4461,057,0,Humana,HMO,Humana Gold Plus H4461-057 (HMO),0.00 ,340.00 ,3450.00 ,4.0,1,,,,TX,Harris,
H4461,067,0,Humana,HMO C-SNP,Humana Gold Plus - Diabetes and Heart (HMO C-SNP),0.00 ,615.00 ,3500.00 ,4.0,1,,,,TX,Harris,
H4461,071,0,Humana,HMO D-SNP,Humana Gold Plus SNP-DE H4461-071 (HMO D-SNP),0.00 ,615.00 ,9250.00 ,4.0,1,,,,TX,Harris,
H4461,072,0,Humana,HMO D-SNP,Humana Gold Plus SNP-DE H4461-072 (HMO D-SNP),0.00 ,290.00 ,9250.00 ,4.0,1,,,,TX,Harris,
H4506,003,0,Wellcare,HMO-POS,Wellcare TexanPlus Classic Simple (HMO-POS),0.00 ,615.00 ,3400.00 ,4.0,1,,,,TX,Harris,
H4506,010,0,Wellcare,HMO-POS,Wellcare TexanPlus Patriot Giveback (HMO-POS),Not Applicable,Not Applicable,3000.00 ,4.0,,,,,TX,Harris,
H4513,009,0,HealthSpring,HMO,HealthSpring Courage (HMO),Not Applicable,Not Applicable,4300.00 ,4.5,,,,,TX,Harris,
H4513,060,1,HealthSpring,HMO D-SNP,HealthSpring TotalCare (HMO D-SNP),0.00 ,615.00 ,3400.00 ,4.5,1,,,,TX,Harris,
H4513,061,1,HealthSpring,HMO,HealthSpring Preferred (HMO),0.00 ,200.00 ,3500.00 ,4.5,1,,,,TX,Harris,
H4513,064,0,HealthSpring,HMO,HealthSpring Alliance (HMO),0.00 ,200.00 ,2900.00 ,4.5,1,,,,TX,Harris,
H4513,083,1,HealthSpring,HMO,HealthSpring Preferred Savings (HMO),0.00 ,300.00 ,6900.00 ,4.5,1,,,,TX,Harris,
H4513,091,0,HealthSpring,HMO,HealthSpring Preferred Full Savings (HMO),0.00 ,500.00 ,7500.00 ,4.5,1,,,,TX,Harris,
H4514,007,0,UnitedHealthcare,HMO-POS,AARP Medicare Advantage from UHC TX-0009 (HMO-POS),0.00 ,520.00 ,6700.00 ,4.0,1,,,,TX,Harris,
H4514,014,0,UnitedHealthcare,HMO-POS,AARP Medicare Advantage from UHC TX-001P (HMO-POS),0.00 ,440.00 ,4500.00 ,4.0,1,,,,TX,Harris,
H4514,015,0,UnitedHealthcare,HMO-POS C-SNP,UHC Complete Care TX-2P (HMO-POS C-SNP),0.00 ,440.00 ,4500.00 ,4.0,1,,,,TX,Harris,
H4514,021,0,UnitedHealthcare,HMO-POS D-SNP,UHC Dual Complete TX-S003 (HMO-POS D-SNP),0.40 ,615.00 ,9250.00 ,4.0,1,,,,TX,Harris,
H4514,022,0,UnitedHealthcare,HMO-POS,AARP Medicare Advantage from UHC TX-4P (HMO-POS),34.00 ,355.00 ,3900.00 ,4.0,1,,,,TX,Harris,
H4514,024,0,UnitedHealthcare,HMO-POS D-SNP,UHC Dual Complete TX-Q3 (HMO-POS D-SNP),0.00 ,503.00 ,9250.00 ,4.0,1,,,,TX,Harris,
H4523,015,0,Aetna Medicare,HMO,Aetna Medicare Signature Extra (HMO),0.00 ,615.00 ,6750.00 ,4.0,1,,,,TX,Harris,
H4523,024,0,Aetna Medicare,HMO,Aetna Medicare Prime Care (HMO),0.00 ,300.00 ,4200.00 ,4.0,1,,,,TX,Harris,
H4523,029,0,Aetna Medicare,HMO D-SNP,Aetna Medicare Full Dual Care (HMO D-SNP),0.00 ,615.00 ,9250.00 ,4.0,1,,,,TX,Harris,
H4523,037,0,Aetna Medicare,HMO C-SNP,Aetna Medicare Prime Chronic Care (HMO C-SNP),0.00 ,615.00 ,6750.00 ,4.0,1,,,,TX,Harris,
H4523,043,0,Aetna Medicare,HMO D-SNP,Aetna Medicare Partial Dual Care (HMO D-SNP),4.80 ,615.00 ,9250.00 ,4.0,1,,,,TX,Harris,
H4527,024,0,UnitedHealthcare,HMO-POS,AARP Medicare Advantage Patriot No Rx TX-MA01 (HMO-POS),Not Applicable,Not Applicable,6700.00 ,4.5,,,,,TX,Harris,
H4527,037,0,UnitedHealthcare,HMO-POS,AARP Medicare Advantage from UHC TX-0015 (HMO-POS),0.00 ,520.00 ,4800.00 ,4.5,1,,,,TX,Harris,
H5015,001,0,Texas Independence Health Plan,HMO I-SNP,"Texas Independence Health Plan, Inc. (HMO I-SNP)",4.80 ,615.00 ,9250.00 ,5.0,1,,,,TX,Harris,
H5015,002,0,Texas Independence Health Plan,HMO I-SNP,Texas Independence Community Plan (HMO I-SNP),4.80 ,615.00 ,9250.00 ,5.0,1,,,,TX,Harris,
H5163,001,0,Verda Health Plan of Texas,HMO,Verda Noble Care (HMO),0.00 ,300.00 ,1599.00 ,Not Enough Data Available,1,,,,TX,Harris,
H5163,002,0,Verda Health Plan of Texas,HMO C-SNP,Verda Noble Chronic Care (HMO C-SNP),0.00 ,300.00 ,999.00 ,Not Enough Data Available,1,,,,TX,Harris,
H5216,042,0,Humana,PPO,HumanaChoice H5216-042 (PPO),60.00 ,615.00 ,6750.00 ,3.5,1,,,,TX,Harris,
H5216,043,6,Humana,PPO,HumanaChoice H5216-043 (PPO),0.00 ,420.00 ,6800.00 ,3.5,1,,,,TX,Harris,
H5216,128,0,Humana,PPO,Humana USAA Honor Giveback (PPO),Not Applicable,Not Applicable,6750.00 ,3.5,,,,,TX,Harris,
H5216,348,0,Humana,PPO,Humana USAA Honor Giveback (PPO),Not Applicable,Not Applicable,7900.00 ,3.5,,,,,TX,Harris,
H5216,358,0,Humana,PPO,Humana Essentials Plus Giveback H5216-358 (PPO),0.00 ,390.00 ,8300.00 ,3.5,1,,,,TX,Harris,
H5216,369,0,Humana,PPO I-SNP,Humana Together in Health (PPO I-SNP),0.00 ,610.00 ,9250.00 ,3.5,1,,,,TX,Harris,
H5652,001,0,UnitedHealthcare,HMO-POS,Erickson Advantage Signature (HMO-POS),182.00 ,270.00 ,2900.00 ,5.0,1,,,,TX,Harris,
H5652,002,0,UnitedHealthcare,HMO-POS,Erickson Advantage Liberty no Rx (HMO-POS),Not Applicable,Not Applicable,6750.00 ,5.0,,,,,TX,Harris,
H5652,003,0,UnitedHealthcare,HMO-POS I-SNP,Erickson Advantage Guardian (HMO-POS I-SNP),0.00 ,0.00 ,1000.00 ,5.0,1,,,,TX,Harris,
H5652,004,0,UnitedHealthcare,HMO-POS C-SNP,Erickson Advantage Champion (HMO-POS C-SNP),182.00 ,270.00 ,3400.00 ,5.0,1,,,,TX,Harris,
H5652,006,0,UnitedHealthcare,HMO-POS,Erickson Advantage Freedom (HMO-POS),89.00 ,355.00 ,4900.00 ,5.0,1,,,,TX,Harris,
H5652,008,0,UnitedHealthcare,HMO-POS,Erickson Advantage Liberty (HMO-POS),14.00 ,600.00 ,6750.00 ,5.0,1,,,,TX,Harris,
H6515,004,0,"Molina Healthcare of Texas, Inc.",HMO D-SNP,Molina Medicare Complete Care Plus (HMO D-SNP),0.00 ,199.00 ,9250.00 ,Plan Too New To Be Measured,1,,,,TX,Harris,
H7115,001,0,Memorial Hermann Health Plan,HMO,Memorial Hermann Advantage (HMO),0.00 ,200.00 ,3400.00 ,3.5,1,,,,TX,Harris,
H7115,005,0,Memorial Hermann Health Plan,HMO D-SNP,Memorial Hermann Dual Advantage (HMO D-SNP),4.80 ,615.00 ,9250.00 ,3.5,1,,,,TX,Harris,
H7115,006,0,Memorial Hermann Health Plan,HMO,Memorial Hermann Prime Value MA Only (HMO),Not Applicable,Not Applicable,3950.00 ,3.5,,,,,TX,Harris,
H7323,012,0,Wellcare,PPO,Wellcare Simple Open (PPO),0.00 ,615.00 ,5900.00 ,3.5,1,,,,TX,Harris,
H7617,035,0,Humana,PPO,Humana Essentials Plus Giveback H7617-035 (PPO),0.00 ,350.00 ,8300.00 ,4.5,1,,,,TX,Harris,
H7617,057,0,Humana,PPO,Humana Value Choice H7617-057 (PPO),0.00 ,420.00 ,6800.00 ,4.5,1,,,,TX,Harris,
H7617,062,0,Humana,PPO,Humana USAA Honor Giveback (PPO),Not Applicable,Not Applicable,7900.00 ,4.5,,,,,TX,Harris,
H7849,154,0,HealthSpring,PPO,HealthSpring True Choice (PPO),0.00 ,250.00 ,6800.00 ,3.0,1,,,,TX,Harris,
H7993,001,0,Devoted Health,HMO,DEVOTED CORE 001 TX (HMO),0.00 ,240.00 ,3650.00 ,5.0,1,,,,TX,Harris,
H7993,002,0,Devoted Health,HMO,DEVOTED PREMIUM 002 TX (HMO),4.80 ,615.00 ,4150.00 ,5.0,1,,,,TX,Harris,
H7993,006,0,Devoted Health,HMO,DEVOTED GIVEBACK 006 TX (HMO),0.00 ,605.00 ,7200.00 ,5.0,1,,,,TX,Harris,
H7993,010,0,Devoted Health,HMO D-SNP,DEVOTED DUAL 010 TX (HMO D-SNP),4.80 ,615.00 ,9250.00 ,5.0,1,,,,TX,Harris,
H7993,019,0,Devoted Health,HMO,DEVOTED CORE 019 TX (HMO),0.00 ,220.00 ,3650.00 ,5.0,1,,,,TX,Harris,
H7993,030,0,Devoted Health,HMO C-SNP,DEVOTED C-SNP PREMIUM 030 TX (HMO C-SNP),4.80 ,615.00 ,4450.00 ,5.0,1,,,,TX,Harris,
H7993,031,0,Devoted Health,HMO C-SNP,DEVOTED C-SNP PLUS 031 TX (HMO C-SNP),4.80 ,615.00 ,9250.00 ,5.0,1,,,,TX,Harris,
H7993,040,0,Devoted Health,HMO D-SNP,DEVOTED DUAL FULL 040 TX (HMO D-SNP),4.80 ,615.00 ,9250.00 ,5.0,1,,,,TX,Harris,
H8133,001,0,Blue Cross and Blue Shield of Texas,HMO,Blue Cross Medicare Advantage Basic (HMO),0.00 ,450.00 ,6750.00 ,3.5,1,,,,TX,Harris,
H8145,084,0,Humana,PFFS,Humana Gold Choice H8145-084 (PFFS),29.00 ,615.00 ,6750.00 ,3.5,1,,,,TX,Harris,
H8145,126,0,Humana,PFFS,Humana Gold Choice H8145-126 (PFFS),Not Applicable,Not Applicable,6700.00 ,3.5,,,,,TX,Harris,
H8597,003,0,Aetna Medicare,HMO D-SNP,Aetna Medicare Dual Care (HMO D-SNP),0.00 ,615.00 ,9250.00 ,3.5,1,,,,TX,Harris,
H8634,033,0,"Blue Cross and Blue Shield of IL, NM, OK, TX",PPO,Blue Cross Medicare Advantage Preferred (PPO),110.00 ,450.00 ,8000.00 ,3.0,1,,,,TX,Harris,
H8849,003,0,Wellpoint,HMO-POS C-SNP,Wellpoint Chronic Care (HMO-POS C-SNP),0.00 ,75.00 ,3400.00 ,3.5,1,,,,TX,Harris,
H8849,005,0,Wellpoint,HMO-POS C-SNP,Wellpoint Lung Care (HMO-POS C-SNP),0.00 ,75.00 ,3400.00 ,3.5,1,,,,TX,Harris,
H8849,009,0,Wellpoint,HMO-POS,Wellpoint Select (HMO-POS),0.00 ,0.00 ,3400.00 ,3.5,1,,,,TX,Harris,
H8849,010,1,Wellpoint,HMO D-SNP,Wellpoint Full Dual Advantage (HMO D-SNP),2.40 ,615.00 ,9250.00 ,3.5,1,,,,TX,Harris,
H8849,011,1,Wellpoint,HMO D-SNP,Wellpoint Dual Advantage (HMO D-SNP),4.80 ,615.00 ,9250.00 ,3.5,1,,,,TX,Harris,
H8902,002,0,SCAN Health Plan,HMO C-SNP,SCAN Balance Texas (HMO C-SNP),0.00 ,0.00 ,2000.00 ,Not Enough Data Available,1,,,,TX,Harris,
H8902,009,0,SCAN Health Plan,HMO C-SNP,SCAN Strive Texas (HMO C-SNP),0.00 ,615.00 ,2000.00 ,Not Enough Data Available,1,,,,TX,Harris,
H8902,010,0,SCAN Health Plan,HMO,SCAN Classic Texas (HMO),0.00 ,0.00 ,2900.00 ,Not Enough Data Available,1,,,,TX,Harris,
H8902,011,0,SCAN Health Plan,HMO,SCAN MyChoice Texas (HMO),0.00 ,0.00 ,3400.00 ,Not Enough Data Available,1,,,,TX,Harris,
H9706,002,0,Blue Cross and Blue Shield of Texas,HMO D-SNP,Blue Cross Medicare Advantage Dual Care Plus (HMO D-SNP),4.80 ,615.00 ,9250.00 ,2.5,1,,,,TX,Harris,
H9706,005,0,Blue Cross and Blue Shield of Texas,HMO,Blue Cross Medicare Advantage Secure (HMO),0.00 ,450.00 ,4200.00 ,2.5,1,,,,TX,Harris,
H9706,007,0,Blue Cross and Blue Shield of Texas,HMO,Blue Cross Medicare Advantage Dental Value (HMO),0.00 ,615.00 ,5200.00 ,2.5,1,,,,TX,Harris,
H9706,008,0,Blue Cross and Blue Shield of Texas,HMO,Blue Cross Medicare Advantage Saver (HMO),0.00 ,450.00 ,7500.00 ,2.5,1,,,,TX,Harris,
H9826,003,0,Community Health Choice,HMO D-SNP,Community DualCare Aligned (HMO D-SNP),4.80 ,615.00 ,9250.00 ,Not Enough Data Available,1,,,,TX,Harris,
R4182,001,0,Humana,Regional PPO,HumanaChoice R4182-001 (Regional PPO),Not Applicable,Not Applicable,5950.00 ,3.5,,,,,TX,Harris,
R4182,003,0,Humana,Regional PPO,HumanaChoice R4182-003 (Regional PPO),97.00 ,615.00 ,7650.00 ,3.5,1,,,,TX,Harris,
R4182,004,0,Humana,Regional PPO,HumanaChoice R4182-004 (Regional PPO),44.00 ,615.00 ,7650.00 ,3.5,1,,,,TX,Harris,
R6801,008,0,UnitedHealthcare,Regional PPO C-SNP,UHC Complete Care Support TX-1A (Regional PPO C-SNP),0.00 ,584.00 ,9250.00 ,3.5,1,,,,TX,Harris,
R6801,009,0,UnitedHealthcare,Regional PPO C-SNP,UHC Complete Care TX-29 (Regional PPO C-SNP),57.00 ,600.00 ,7900.00 ,3.5,1,,,,TX,Harris,
R6801,011,0,UnitedHealthcare,Regional PPO D-SNP,UHC Dual Complete TX-S001 (Regional PPO D-SNP),4.80 ,615.00 ,9250.00 ,3.5,1,,,,TX,Harris,
R6801,012,0,UnitedHealthcare,Regional PPO,UHC Medicare Advantage TX-0030 (Regional PPO),102.00 ,600.00 ,8200.00 ,3.5,1,,,,TX,Harris,
